year,zone_id,GISJOIN,state,name,status,area_km2,n_cells,cell_area_km2,area_ratio
1810,144,G2500010,Massachusetts,Barnstable,ok,1082.433600828053,17302,1081.375,0.99902201776881
1810,145,G2500030,Massachusetts,Berkshire,ok,2496.006522920691,39944,2496.5,1.000197706646508
1810,146,G2500050,Massachusetts,Bristol,ok,1500.0637596944632,24009,1500.5625,1.000332479404501
1810,147,G2500055,Massachusetts,Cumberland,ok,2955.370394752086,47300,2956.25,1.0002976294441726
1810,148,G2500070,Massachusetts,Dukes,ok,286.7532681569435,4573,285.8125,0.9967192417265544
1810,149,G2500090,Massachusetts,Essex,ok,1336.2505502893696,21389,1336.8125,1.0004205421734036
1810,150,G2500150,Massachusetts,Hampshire,ok,4925.767933631476,78809,4925.5625,0.9999582940905369
1810,151,G2500153,Massachusetts,Hancock,ok,32355.28473410474,517689,32355.5625,1.0000085848694438
1810,152,G2500155,Massachusetts,Kennebec,ok,3551.922825712915,56829,3551.8125,0.999968939158217
1810,153,G2500157,Massachusetts,Lincoln,ok,3181.536360677679,50929,3183.0625,1.0004796862739598
1810,154,G2500170,Massachusetts,Middlesex,ok,2217.5991195959327,35480,2217.5,0.9999553031947673
1810,155,G2500190,Massachusetts,Nantucket,ok,127.97545223444074,2050,128.125,1.0011685660253444
1810,156,G2500210,Massachusetts,Norfolk,ok,1102.88423586389,17645,1102.8125,0.9999349561254417
1810,157,G2500215,Massachusetts,Oxford,ok,11127.000789214055,178044,11127.75,1.0000673326802199
1810,158,G2500230,Massachusetts,Plymouth,ok,1819.4614470414003,29108,1819.25,0.9998837859182209
1810,159,G2500235,Massachusetts,Somerset,ok,17966.625706165098,287462,17966.375,0.999986046007236
1810,160,G2500250,Massachusetts,Suffolk,ok,63.35551643305204,1021,63.8125,1.0072130035816353
1810,161,G2500255,Massachusetts,Washington,ok,10336.304424714774,165387,10336.6875,1.0000370611457912
1810,162,G2500270,Massachusetts,Worcester,ok,4051.735703103808,64834,4052.125,1.0000960815128919
1810,163,G2500275,Massachusetts,York,ok,2636.7189350838944,42185,2636.5625,0.9999406705501247
1940,1183,G2500010,Massachusetts,Barnstable,ok,1082.433600828053,17302,1081.375,0.99902201776881
1940,1184,G2500030,Massachusetts,Berkshire,ok,2450.9161542891648,39220,2451.25,1.0001362126200242
1940,1185,G2500050,Massachusetts,Bristol,ok,1483.0509445947832,23745,1484.0625,1.0006820773142713
1940,1186,G2500070,Massachusetts,Dukes,ok,286.7532681569435,4573,285.8125,0.9967192417265544
1940,1187,G2500090,Massachusetts,Essex,ok,1337.4815341359495,21409,1338.0625,1.000434372998223
1940,1188,G2500110,Massachusetts,Franklin,ok,1876.929472229245,30039,1877.4375,1.0002706696113368
1940,1189,G2500130,Massachusetts,Hampden,ok,1642.2985485775328,26269,1641.8125,0.999704043714857
1940,1190,G2500150,Massachusetts,Hampshire,ok,1412.640522653366,22611,1413.1875,1.0003872020785634
1940,1191,G2500170,Massachusetts,Middlesex,ok,2194.3907302625335,35111,2194.4375,1.0000213133134503
1940,1192,G2500190,Massachusetts,Nantucket,ok,127.97545223444074,2050,128.125,1.0011685660253444
1940,1193,G2500210,Massachusetts,Norfolk,ok,1032.6065348057405,16521,1032.5625,0.9999573556778345
1940,1194,G2500230,Massachusetts,Plymouth,ok,1819.461447041405,29108,1819.25,0.9998837859182184
1940,1195,G2500250,Massachusetts,Suffolk,ok,156.69785262373836,2513,157.0625,1.0023270732186562
1940,1196,G2500270,Massachusetts,Worcester,ok,4089.638236159135,65429,4089.3125,0.9999203508622707
