year,zone_id,GISJOIN,name,status,cells,nodata_share,cells_with_nodata,nodata_km2,inner_nodata_km2,max_dist_km
1810,144,G2500010,Barnstable,ok,17302,0.0,0,0.0,0.0,0.0
1810,145,G2500030,Berkshire,ok,39944,0.0,0,0.0,0.0,0.0
1810,146,G2500050,Bristol,ok,24009,0.0,0,0.0,0.0,0.0
1810,147,G2500055,Cumberland,ok,47300,0.0,0,0.0,0.0,0.0
1810,148,G2500070,Dukes,ok,4573,0.0,0,0.0,0.0,0.0
1810,149,G2500090,Essex,ok,21389,0.0,0,0.0,0.0,0.0
1810,150,G2500150,Hampshire,ok,78809,0.0,0,0.0,0.0,0.0
1810,151,G2500153,Hancock,ok,517689,0.0,0,0.0,0.0,0.0
1810,152,G2500155,Kennebec,ok,56829,0.0,0,0.0,0.0,0.0
1810,153,G2500157,Lincoln,ok,50929,0.0,0,0.0,0.0,0.0
1810,154,G2500170,Middlesex,ok,35480,0.0,0,0.0,0.0,0.0
1810,155,G2500190,Nantucket,ok,2050,0.0,0,0.0,0.0,0.0
1810,156,G2500210,Norfolk,ok,17645,0.0,0,0.0,0.0,0.0
1810,157,G2500215,Oxford,ok,178044,0.0,0,0.0,0.0,0.0
1810,158,G2500230,Plymouth,ok,29108,0.0,0,0.0,0.0,0.0
1810,159,G2500235,Somerset,ok,287462,0.0,0,0.0,0.0,0.0
1810,160,G2500250,Suffolk,ok,1021,0.0,0,0.0,0.0,0.0
1810,161,G2500255,Washington,ok,165387,0.0,0,0.0,0.0,0.0
1810,162,G2500270,Worcester,ok,64834,0.0,0,0.0,0.0,0.0
1810,163,G2500275,York,ok,42185,0.0,0,0.0,0.0,0.0
1820,279,G2500010,Barnstable,ok,17302,0.0,0,0.0,0.0,0.0
1820,280,G2500030,Berkshire,ok,39944,0.0,0,0.0,0.0,0.0
1820,281,G2500050,Bristol,ok,24009,0.0,0,0.0,0.0,0.0
1820,282,G2500070,Dukes,ok,4573,0.0,0,0.0,0.0,0.0
1820,283,G2500090,Essex,ok,21389,0.0,0,0.0,0.0,0.0
1820,284,G2500110,Franklin,ok,28692,0.0,0,0.0,0.0,0.0
1820,285,G2500130,Hampden,ok,26138,0.0,0,0.0,0.0,0.0
1820,286,G2500150,Hampshire,ok,23969,0.0,0,0.0,0.0,0.0
1820,287,G2500170,Middlesex,ok,35480,0.0,0,0.0,0.0,0.0
1820,288,G2500190,Nantucket,ok,2050,0.0,0,0.0,0.0,0.0
1820,289,G2500210,Norfolk,ok,17645,0.0,0,0.0,0.0,0.0
1820,290,G2500230,Plymouth,ok,29108,0.0,0,0.0,0.0,0.0
1820,291,G2500250,Suffolk,ok,1021,0.0,0,0.0,0.0,0.0
1820,292,G2500270,Worcester,ok,64844,0.0,0,0.0,0.0,0.0
1830,426,G2500010,Barnstable,ok,17302,0.0,0,0.0,0.0,0.0
1830,427,G2500030,Berkshire,ok,39534,0.0,0,0.0,0.0,0.0
1830,428,G2500050,Bristol,ok,24009,0.0,0,0.0,0.0,0.0
1830,429,G2500070,Dukes,ok,4573,0.0,0,0.0,0.0,0.0
1830,430,G2500090,Essex,ok,21389,0.0,0,0.0,0.0,0.0
1830,431,G2500110,Franklin,ok,28735,0.0,0,0.0,0.0,0.0
1830,432,G2500130,Hampden,ok,26138,0.0,0,0.0,0.0,0.0
1830,433,G2500150,Hampshire,ok,24325,0.0,0,0.0,0.0,0.0
1830,434,G2500170,Middlesex,ok,35325,0.0,0,0.0,0.0,0.0
1830,435,G2500190,Nantucket,ok,2050,0.0,0,0.0,0.0,0.0
1830,436,G2500210,Norfolk,ok,17800,0.0,0,0.0,0.0,0.0
1830,437,G2500230,Plymouth,ok,29108,0.0,0,0.0,0.0,0.0
1830,438,G2500250,Suffolk,ok,1021,0.0,0,0.0,0.0,0.0
1830,439,G2500270,Worcester,ok,64855,0.0,0,0.0,0.0,0.0
1840,572,G2500010,Barnstable,ok,17302,0.0,0,0.0,0.0,0.0
1840,573,G2500030,Berkshire,ok,39220,0.0,0,0.0,0.0,0.0
1840,574,G2500050,Bristol,ok,24009,0.0,0,0.0,0.0,0.0
1840,575,G2500070,Dukes,ok,4573,0.0,0,0.0,0.0,0.0
1840,576,G2500090,Essex,ok,21389,0.0,0,0.0,0.0,0.0
1840,577,G2500110,Franklin,ok,28900,0.0,0,0.0,0.0,0.0
1840,578,G2500130,Hampden,ok,26152,0.0,0,0.0,0.0,0.0
1840,579,G2500150,Hampshire,ok,24325,0.0,0,0.0,0.0,0.0
1840,580,G2500170,Middlesex,ok,35220,0.0,0,0.0,0.0,0.0
1840,581,G2500190,Nantucket,ok,2050,0.0,0,0.0,0.0,0.0
1840,582,G2500210,Norfolk,ok,17878,0.0,0,0.0,0.0,0.0
1840,583,G2500230,Plymouth,ok,29108,0.0,0,0.0,0.0,0.0
1840,584,G2500250,Suffolk,ok,1021,0.0,0,0.0,0.0,0.0
1840,585,G2500270,Worcester,ok,65017,0.0,0,0.0,0.0,0.0
1850,689,G2500010,Barnstable,ok,17302,0.0,0,0.0,0.0,0.0
1850,690,G2500030,Berkshire,ok,39220,0.0,0,0.0,0.0,0.0
1850,691,G2500050,Bristol,ok,24009,0.0,0,0.0,0.0,0.0
1850,692,G2500070,Dukes,ok,4573,0.0,0,0.0,0.0,0.0
1850,693,G2500090,Essex,ok,21447,0.0,0,0.0,0.0,0.0
1850,694,G2500110,Franklin,ok,28900,0.0,0,0.0,0.0,0.0
1850,695,G2500130,Hampden,ok,26152,0.0,0,0.0,0.0,0.0
1850,696,G2500150,Hampshire,ok,24325,0.0,0,0.0,0.0,0.0
1850,697,G2500170,Middlesex,ok,35220,0.0,0,0.0,0.0,0.0
1850,698,G2500190,Nantucket,ok,2050,0.0,0,0.0,0.0,0.0
1850,699,G2500210,Norfolk,ok,17878,0.0,0,0.0,0.0,0.0
1850,700,G2500230,Plymouth,ok,29108,0.0,0,0.0,0.0,0.0
1850,701,G2500250,Suffolk,ok,963,0.0,0,0.0,0.0,0.0
1850,702,G2500270,Worcester,ok,65017,0.0,0,0.0,0.0,0.0
1860,866,G2500010,Barnstable,ok,17302,0.0,0,0.0,0.0,0.0
1860,867,G2500030,Berkshire,ok,39220,0.0,0,0.0,0.0,0.0
1860,868,G2500050,Bristol,ok,24009,0.0,0,0.0,0.0,0.0
1860,869,G2500070,Dukes,ok,4573,0.0,0,0.0,0.0,0.0
1860,870,G2500090,Essex,ok,21409,0.0,0,0.0,0.0,0.0
1860,871,G2500110,Franklin,ok,28900,0.0,0,0.0,0.0,0.0
1860,872,G2500130,Hampden,ok,26018,0.0,0,0.0,0.0,0.0
1860,873,G2500150,Hampshire,ok,24459,0.0,0,0.0,0.0,0.0
1860,874,G2500170,Middlesex,ok,35211,0.0,0,0.0,0.0,0.0
1860,875,G2500190,Nantucket,ok,2050,0.0,0,0.0,0.0,0.0
1860,876,G2500210,Norfolk,ok,17878,0.0,0,0.0,0.0,0.0
1860,877,G2500230,Plymouth,ok,29108,0.0,0,0.0,0.0,0.0
1860,878,G2500250,Suffolk,ok,963,0.0,0,0.0,0.0,0.0
1860,879,G2500270,Worcester,ok,65064,0.0,0,0.0,0.0,0.0
1870,992,G2500010,Barnstable,ok,17302,0.0,0,0.0,0.0,0.0
1870,993,G2500030,Berkshire,ok,39220,0.0,0,0.0,0.0,0.0
1870,994,G2500050,Bristol,ok,23745,0.0,0,0.0,0.0,0.0
1870,995,G2500070,Dukes,ok,4573,0.0,0,0.0,0.0,0.0
1870,996,G2500090,Essex,ok,21409,0.0,0,0.0,0.0,0.0
1870,997,G2500110,Franklin,ok,28900,0.0,0,0.0,0.0,0.0
1870,998,G2500130,Hampden,ok,26018,0.0,0,0.0,0.0,0.0
1870,999,G2500150,Hampshire,ok,24459,0.0,0,0.0,0.0,0.0
1870,1000,G2500170,Middlesex,ok,35297,0.0,0,0.0,0.0,0.0
1870,1001,G2500190,Nantucket,ok,2050,0.0,0,0.0,0.0,0.0
1870,1002,G2500210,Norfolk,ok,17243,0.0,0,0.0,0.0,0.0
1870,1003,G2500230,Plymouth,ok,29108,0.0,0,0.0,0.0,0.0
1870,1004,G2500250,Suffolk,ok,1598,0.0,0,0.0,0.0,0.0
1870,1005,G2500270,Worcester,ok,64978,0.0,0,0.0,0.0,0.0
1880,1140,G2500010,Barnstable,ok,17302,0.0,0,0.0,0.0,0.0
1880,1141,G2500030,Berkshire,ok,39220,0.0,0,0.0,0.0,0.0
1880,1142,G2500050,Bristol,ok,23745,0.0,0,0.0,0.0,0.0
1880,1143,G2500070,Dukes,ok,4573,0.0,0,0.0,0.0,0.0
1880,1144,G2500090,Essex,ok,21409,0.0,0,0.0,0.0,0.0
1880,1145,G2500110,Franklin,ok,28900,0.0,0,0.0,0.0,0.0
1880,1146,G2500130,Hampden,ok,26018,0.0,0,0.0,0.0,0.0
1880,1147,G2500150,Hampshire,ok,24459,0.0,0,0.0,0.0,0.0
1880,1148,G2500170,Middlesex,ok,35111,0.0,0,0.0,0.0,0.0
1880,1149,G2500190,Nantucket,ok,2050,0.0,0,0.0,0.0,0.0
1880,1150,G2500210,Norfolk,ok,16738,0.0,0,0.0,0.0,0.0
1880,1151,G2500230,Plymouth,ok,29108,0.0,0,0.0,0.0,0.0
1880,1152,G2500250,Suffolk,ok,2296,0.0,0,0.0,0.0,0.0
1880,1153,G2500270,Worcester,ok,64971,0.0,0,0.0,0.0,0.0
1890,1090,G2500010,Barnstable,ok,17302,0.0,0,0.0,0.0,0.0
1890,1091,G2500030,Berkshire,ok,39220,0.0,0,0.0,0.0,0.0
1890,1092,G2500050,Bristol,ok,23745,0.0,0,0.0,0.0,0.0
1890,1093,G2500070,Dukes,ok,4573,0.0,0,0.0,0.0,0.0
1890,1094,G2500090,Essex,ok,21409,0.0,0,0.0,0.0,0.0
1890,1095,G2500110,Franklin,ok,28900,0.0,0,0.0,0.0,0.0
1890,1096,G2500130,Hampden,ok,26018,0.0,0,0.0,0.0,0.0
1890,1097,G2500150,Hampshire,ok,24459,0.0,0,0.0,0.0,0.0
1890,1098,G2500170,Middlesex,ok,35111,0.0,0,0.0,0.0,0.0
1890,1099,G2500190,Nantucket,ok,2050,0.0,0,0.0,0.0,0.0
1890,1100,G2500210,Norfolk,ok,16738,0.0,0,0.0,0.0,0.0
1890,1101,G2500230,Plymouth,ok,29108,0.0,0,0.0,0.0,0.0
1890,1102,G2500250,Suffolk,ok,2296,0.0,0,0.0,0.0,0.0
1890,1103,G2500270,Worcester,ok,64971,0.0,0,0.0,0.0,0.0
1900,1106,G2500010,Barnstable,ok,17302,0.0,0,0.0,0.0,0.0
1900,1107,G2500030,Berkshire,ok,39220,0.0,0,0.0,0.0,0.0
1900,1108,G2500050,Bristol,ok,23745,0.0,0,0.0,0.0,0.0
1900,1109,G2500070,Dukes,ok,4573,0.0,0,0.0,0.0,0.0
1900,1110,G2500090,Essex,ok,21409,0.0,0,0.0,0.0,0.0
1900,1111,G2500110,Franklin,ok,28900,0.0,0,0.0,0.0,0.0
1900,1112,G2500130,Hampden,ok,26018,0.0,0,0.0,0.0,0.0
1900,1113,G2500150,Hampshire,ok,24459,0.0,0,0.0,0.0,0.0
1900,1114,G2500170,Middlesex,ok,35111,0.0,0,0.0,0.0,0.0
1900,1115,G2500190,Nantucket,ok,2050,0.0,0,0.0,0.0,0.0
1900,1116,G2500210,Norfolk,ok,16738,0.0,0,0.0,0.0,0.0
1900,1117,G2500230,Plymouth,ok,29108,0.0,0,0.0,0.0,0.0
1900,1118,G2500250,Suffolk,ok,2296,0.0,0,0.0,0.0,0.0
1900,1119,G2500270,Worcester,ok,64971,0.0,0,0.0,0.0,0.0
1910,1119,G2500010,Barnstable,ok,17302,0.0,0,0.0,0.0,0.0
1910,1120,G2500030,Berkshire,ok,39220,0.0,0,0.0,0.0,0.0
1910,1121,G2500050,Bristol,ok,23745,0.0,0,0.0,0.0,0.0
1910,1122,G2500070,Dukes,ok,4573,0.0,0,0.0,0.0,0.0
1910,1123,G2500090,Essex,ok,21409,0.0,0,0.0,0.0,0.0
1910,1124,G2500110,Franklin,ok,28900,0.0,0,0.0,0.0,0.0
1910,1125,G2500130,Hampden,ok,26269,0.0,0,0.0,0.0,0.0
1910,1126,G2500150,Hampshire,ok,24208,0.0,0,0.0,0.0,0.0
1910,1127,G2500170,Middlesex,ok,35111,0.0,0,0.0,0.0,0.0
1910,1128,G2500190,Nantucket,ok,2050,0.0,0,0.0,0.0,0.0
1910,1129,G2500210,Norfolk,ok,16738,0.0,0,0.0,0.0,0.0
1910,1130,G2500230,Plymouth,ok,29108,0.0,0,0.0,0.0,0.0
1910,1131,G2500250,Suffolk,ok,2296,0.0,0,0.0,0.0,0.0
1910,1132,G2500270,Worcester,ok,64971,0.0,0,0.0,0.0,0.0
1920,1165,G2500010,Barnstable,ok,17302,0.0,0,0.0,0.0,0.0
1920,1166,G2500030,Berkshire,ok,39220,0.0,0,0.0,0.0,0.0
1920,1167,G2500050,Bristol,ok,23745,0.0,0,0.0,0.0,0.0
1920,1168,G2500070,Dukes,ok,4573,0.0,0,0.0,0.0,0.0
1920,1169,G2500090,Essex,ok,21409,0.0,0,0.0,0.0,0.0
1920,1170,G2500110,Franklin,ok,28900,0.0,0,0.0,0.0,0.0
1920,1171,G2500130,Hampden,ok,26269,0.0,0,0.0,0.0,0.0
1920,1172,G2500150,Hampshire,ok,24208,0.0,0,0.0,0.0,0.0
1920,1173,G2500170,Middlesex,ok,35111,0.0,0,0.0,0.0,0.0
1920,1174,G2500190,Nantucket,ok,2050,0.0,0,0.0,0.0,0.0
1920,1175,G2500210,Norfolk,ok,16521,0.0,0,0.0,0.0,0.0
1920,1176,G2500230,Plymouth,ok,29108,0.0,0,0.0,0.0,0.0
1920,1177,G2500250,Suffolk,ok,2513,0.0,0,0.0,0.0,0.0
1920,1178,G2500270,Worcester,ok,64971,0.0,0,0.0,0.0,0.0
1930,1185,G2500010,Barnstable,ok,17302,0.0,0,0.0,0.0,0.0
1930,1186,G2500030,Berkshire,ok,39220,0.0,0,0.0,0.0,0.0
1930,1187,G2500050,Bristol,ok,23745,0.0,0,0.0,0.0,0.0
1930,1188,G2500070,Dukes,ok,4573,0.0,0,0.0,0.0,0.0
1930,1189,G2500090,Essex,ok,21409,0.0,0,0.0,0.0,0.0
1930,1190,G2500110,Franklin,ok,28900,0.0,0,0.0,0.0,0.0
1930,1191,G2500130,Hampden,ok,26269,0.0,0,0.0,0.0,0.0
1930,1192,G2500150,Hampshire,ok,24208,0.0,0,0.0,0.0,0.0
1930,1193,G2500170,Middlesex,ok,35111,0.0,0,0.0,0.0,0.0
1930,1194,G2500190,Nantucket,ok,2050,0.0,0,0.0,0.0,0.0
1930,1195,G2500210,Norfolk,ok,16521,0.0,0,0.0,0.0,0.0
1930,1196,G2500230,Plymouth,ok,29108,0.0,0,0.0,0.0,0.0
1930,1197,G2500250,Suffolk,ok,2513,0.0,0,0.0,0.0,0.0
1930,1198,G2500270,Worcester,ok,64971,0.0,0,0.0,0.0,0.0
1940,1183,G2500010,Barnstable,ok,17302,0.0,0,0.0,0.0,0.0
1940,1184,G2500030,Berkshire,ok,39220,0.0,0,0.0,0.0,0.0
1940,1185,G2500050,Bristol,ok,23745,0.0,0,0.0,0.0,0.0
1940,1186,G2500070,Dukes,ok,4573,0.0,0,0.0,0.0,0.0
1940,1187,G2500090,Essex,ok,21409,0.0,0,0.0,0.0,0.0
1940,1188,G2500110,Franklin,ok,30039,0.0,0,0.0,0.0,0.0
1940,1189,G2500130,Hampden,ok,26269,0.0,0,0.0,0.0,0.0
1940,1190,G2500150,Hampshire,ok,22611,0.0,0,0.0,0.0,0.0
1940,1191,G2500170,Middlesex,ok,35111,0.0,0,0.0,0.0,0.0
1940,1192,G2500190,Nantucket,ok,2050,0.0,0,0.0,0.0,0.0
1940,1193,G2500210,Norfolk,ok,16521,0.0,0,0.0,0.0,0.0
1940,1194,G2500230,Plymouth,ok,29108,0.0,0,0.0,0.0,0.0
1940,1195,G2500250,Suffolk,ok,2513,0.0,0,0.0,0.0,0.0
1940,1196,G2500270,Worcester,ok,65429,0.0,0,0.0,0.0,0.0
1950,1183,G2500010,Barnstable,ok,17302,0.0,0,0.0,0.0,0.0
1950,1184,G2500030,Berkshire,ok,39220,0.0,0,0.0,0.0,0.0
1950,1185,G2500050,Bristol,ok,23745,0.0,0,0.0,0.0,0.0
1950,1186,G2500070,Dukes,ok,4573,0.0,0,0.0,0.0,0.0
1950,1187,G2500090,Essex,ok,21409,0.0,0,0.0,0.0,0.0
1950,1188,G2500110,Franklin,ok,30039,0.0,0,0.0,0.0,0.0
1950,1189,G2500130,Hampden,ok,26269,0.0,0,0.0,0.0,0.0
1950,1190,G2500150,Hampshire,ok,22611,0.0,0,0.0,0.0,0.0
1950,1191,G2500170,Middlesex,ok,35111,0.0,0,0.0,0.0,0.0
1950,1192,G2500190,Nantucket,ok,2050,0.0,0,0.0,0.0,0.0
1950,1193,G2500210,Norfolk,ok,16947,0.0,0,0.0,0.0,0.0
1950,1194,G2500230,Plymouth,ok,28682,0.0,0,0.0,0.0,0.0
1950,1195,G2500250,Suffolk,ok,2513,0.0,0,0.0,0.0,0.0
1950,1196,G2500270,Worcester,ok,65429,0.0,0,0.0,0.0,0.0
1960,1183,G2500010,Barnstable,ok,17302,0.0,0,0.0,0.0,0.0
1960,1184,G2500030,Berkshire,ok,39220,0.0,0,0.0,0.0,0.0
1960,1185,G2500050,Bristol,ok,23745,0.0,0,0.0,0.0,0.0
1960,1186,G2500070,Dukes,ok,4573,0.0,0,0.0,0.0,0.0
1960,1187,G2500090,Essex,ok,21409,0.0,0,0.0,0.0,0.0
1960,1188,G2500110,Franklin,ok,30039,0.0,0,0.0,0.0,0.0
1960,1189,G2500130,Hampden,ok,26269,0.0,0,0.0,0.0,0.0
1960,1190,G2500150,Hampshire,ok,22611,0.0,0,0.0,0.0,0.0
1960,1191,G2500170,Middlesex,ok,35111,0.0,0,0.0,0.0,0.0
1960,1192,G2500190,Nantucket,ok,2050,0.0,0,0.0,0.0,0.0
1960,1193,G2500210,Norfolk,ok,16521,0.0,0,0.0,0.0,0.0
1960,1194,G2500230,Plymouth,ok,29108,0.0,0,0.0,0.0,0.0
1960,1195,G2500250,Suffolk,ok,2513,0.0,0,0.0,0.0,0.0
1960,1196,G2500270,Worcester,ok,65429,0.0,0,0.0,0.0,0.0
1970,1182,G2500010,Barnstable,ok,17302,0.0,0,0.0,0.0,0.0
1970,1183,G2500030,Berkshire,ok,39220,0.0,0,0.0,0.0,0.0
1970,1184,G2500050,Bristol,ok,23745,0.0,0,0.0,0.0,0.0
1970,1185,G2500070,Dukes,ok,4573,0.0,0,0.0,0.0,0.0
1970,1186,G2500090,Essex,ok,21409,0.0,0,0.0,0.0,0.0
1970,1187,G2500110,Franklin,ok,30039,0.0,0,0.0,0.0,0.0
1970,1188,G2500130,Hampden,ok,26269,0.0,0,0.0,0.0,0.0
1970,1189,G2500150,Hampshire,ok,22611,0.0,0,0.0,0.0,0.0
1970,1190,G2500170,Middlesex,ok,35111,0.0,0,0.0,0.0,0.0
1970,1191,G2500190,Nantucket,ok,2050,0.0,0,0.0,0.0,0.0
1970,1192,G2500210,Norfolk,ok,16521,0.0,0,0.0,0.0,0.0
1970,1193,G2500230,Plymouth,ok,29108,0.0,0,0.0,0.0,0.0
1970,1194,G2500250,Suffolk,ok,2513,0.0,0,0.0,0.0,0.0
1970,1195,G2500270,Worcester,ok,65429,0.0,0,0.0,0.0,0.0
1980,1182,G2500010,BARNSTABLE COUNTY,ok,17302,0.0,0,0.0,0.0,0.0
1980,1183,G2500030,BERKSHIRE COUNTY,ok,39220,0.0,0,0.0,0.0,0.0
1980,1184,G2500050,BRISTOL COUNTY,ok,23745,0.0,0,0.0,0.0,0.0
1980,1185,G2500070,DUKES COUNTY,ok,4573,0.0,0,0.0,0.0,0.0
1980,1186,G2500090,ESSEX COUNTY,ok,21409,0.0,0,0.0,0.0,0.0
1980,1187,G2500110,FRANKLIN COUNTY,ok,30039,0.0,0,0.0,0.0,0.0
1980,1188,G2500130,HAMPDEN COUNTY,ok,26269,0.0,0,0.0,0.0,0.0
1980,1189,G2500150,HAMPSHIRE COUNTY,ok,22611,0.0,0,0.0,0.0,0.0
1980,1190,G2500170,MIDDLESEX COUNTY,ok,35111,0.0,0,0.0,0.0,0.0
1980,1191,G2500190,NANTUCKET COUNTY,ok,2050,0.0,0,0.0,0.0,0.0
1980,1192,G2500210,NORFOLK COUNTY,ok,16521,0.0,0,0.0,0.0,0.0
1980,1193,G2500230,PLYMOUTH COUNTY,ok,29108,0.0,0,0.0,0.0,0.0
1980,1194,G2500250,SUFFOLK COUNTY,ok,2513,0.0,0,0.0,0.0,0.0
1980,1195,G2500270,WORCESTER COUNTY,ok,65429,0.0,0,0.0,0.0,0.0
1990,1183,G2500010,Barnstable County,ok,17302,0.0,0,0.0,0.0,0.0
1990,1184,G2500030,Berkshire County,ok,39220,0.0,0,0.0,0.0,0.0
1990,1185,G2500050,Bristol County,ok,23745,0.0,0,0.0,0.0,0.0
1990,1186,G2500070,Dukes County,ok,4573,0.0,0,0.0,0.0,0.0
1990,1187,G2500090,Essex County,ok,21409,0.0,0,0.0,0.0,0.0
1990,1188,G2500110,Franklin County,ok,30039,0.0,0,0.0,0.0,0.0
1990,1189,G2500130,Hampden County,ok,26269,0.0,0,0.0,0.0,0.0
1990,1190,G2500150,Hampshire County,ok,22611,0.0,0,0.0,0.0,0.0
1990,1191,G2500170,Middlesex County,ok,35111,0.0,0,0.0,0.0,0.0
1990,1192,G2500190,Nantucket County,ok,2050,0.0,0,0.0,0.0,0.0
1990,1193,G2500210,Norfolk County,ok,16521,0.0,0,0.0,0.0,0.0
1990,1194,G2500230,Plymouth County,ok,28682,0.0,0,0.0,0.0,0.0
1990,1195,G2500250,Suffolk County,ok,2939,0.0,0,0.0,0.0,0.0
1990,1196,G2500270,Worcester County,ok,65429,0.0,0,0.0,0.0,0.0
2000,1183,G2500010,Barnstable County,ok,17302,0.0,0,0.0,0.0,0.0
2000,1184,G2500030,Berkshire County,ok,39220,0.0,0,0.0,0.0,0.0
2000,1185,G2500050,Bristol County,ok,23745,0.0,0,0.0,0.0,0.0
2000,1186,G2500070,Dukes County,ok,4573,0.0,0,0.0,0.0,0.0
2000,1187,G2500090,Essex County,ok,21409,0.0,0,0.0,0.0,0.0
2000,1188,G2500110,Franklin County,ok,30039,0.0,0,0.0,0.0,0.0
2000,1189,G2500130,Hampden County,ok,26269,0.0,0,0.0,0.0,0.0
2000,1190,G2500150,Hampshire County,ok,22611,0.0,0,0.0,0.0,0.0
2000,1191,G2500170,Middlesex County,ok,35111,0.0,0,0.0,0.0,0.0
2000,1192,G2500190,Nantucket County,ok,2050,0.0,0,0.0,0.0,0.0
2000,1193,G2500210,Norfolk County,ok,16947,0.0,0,0.0,0.0,0.0
2000,1194,G2500230,Plymouth County,ok,28682,0.0,0,0.0,0.0,0.0
2000,1195,G2500250,Suffolk County,ok,2513,0.0,0,0.0,0.0,0.0
2000,1196,G2500270,Worcester County,ok,65429,0.0,0,0.0,0.0,0.0
2010,1184,G2500010,Barnstable County,ok,17303,0.0,0,0.0,0.0,0.0
2010,1185,G2500030,Berkshire County,ok,39226,0.0,0,0.0,0.0,0.0
2010,1186,G2500050,Bristol County,ok,23740,0.0,0,0.0,0.0,0.0
2010,1187,G2500070,Dukes County,ok,4573,0.0,0,0.0,0.0,0.0
2010,1188,G2500090,Essex County,ok,21408,0.0,0,0.0,0.0,0.0
2010,1189,G2500110,Franklin County,ok,30034,0.0,0,0.0,0.0,0.0
2010,1190,G2500130,Hampden County,ok,26274,0.0,0,0.0,0.0,0.0
2010,1191,G2500150,Hampshire County,ok,22603,0.0,0,0.0,0.0,0.0
2010,1192,G2500170,Middlesex County,ok,35098,0.0,0,0.0,0.0,0.0
2010,1193,G2500190,Nantucket County,ok,2050,0.0,0,0.0,0.0,0.0
2010,1194,G2500210,Norfolk County,ok,16956,0.0,0,0.0,0.0,0.0
2010,1195,G2500230,Plymouth County,ok,28682,0.0,0,0.0,0.0,0.0
2010,1196,G2500250,Suffolk County,ok,2514,0.0,0,0.0,0.0,0.0
2010,1197,G2500270,Worcester County,ok,65438,0.0,0,0.0,0.0,0.0
2020,1184,G2500010,Barnstable County,ok,17329,0.0,0,0.0,0.0,0.0
2020,1185,G2500030,Berkshire County,ok,39224,0.0,0,0.0,0.0,0.0
2020,1186,G2500050,Bristol County,ok,23739,0.0,0,0.0,0.0,0.0
2020,1187,G2500070,Dukes County,ok,4572,0.0,0,0.0,0.0,0.0
2020,1188,G2500090,Essex County,ok,21408,0.0,0,0.0,0.0,0.0
2020,1189,G2500110,Franklin County,ok,30029,0.0,0,0.0,0.0,0.0
2020,1190,G2500130,Hampden County,ok,26266,0.0,0,0.0,0.0,0.0
2020,1191,G2500150,Hampshire County,ok,22606,0.0,0,0.0,0.0,0.0
2020,1192,G2500170,Middlesex County,ok,35093,0.0,0,0.0,0.0,0.0
2020,1193,G2500190,Nantucket County,ok,2012,0.0,0,0.0,0.0,0.0
2020,1194,G2500210,Norfolk County,ok,16950,0.0,0,0.0,0.0,0.0
2020,1195,G2500230,Plymouth County,ok,28668,0.0,0,0.0,0.0,0.0
2020,1196,G2500250,Suffolk County,ok,2517,0.0,0,0.0,0.0,0.0
2020,1197,G2500270,Worcester County,ok,65437,0.0,0,0.0,0.0,0.0
