zone_id,GISJOIN,state,name,pop,status,area_km2
1183,G2500010,Massachusetts,Barnstable County,222230.0,ok,1082.433600828053
1184,G2500030,Massachusetts,Berkshire County,134953.0,ok,2450.9161542891648
1185,G2500050,Massachusetts,Bristol County,534678.0,ok,1483.0509445947832
1186,G2500070,Massachusetts,Dukes County,14987.0,ok,286.7532681569435
1187,G2500090,Massachusetts,Essex County,723419.0,ok,1337.4815341359495
1188,G2500110,Massachusetts,Franklin County,71535.0,ok,1876.929472229245
1189,G2500130,Massachusetts,Hampden County,456228.0,ok,1642.2985485775328
1190,G2500150,Massachusetts,Hampshire County,152251.0,ok,1412.640522653366
1191,G2500170,Massachusetts,Middlesex County,1465396.0,ok,2194.3907302625335
1192,G2500190,Massachusetts,Nantucket County,9520.0,ok,127.97545223444074
1193,G2500210,Massachusetts,Norfolk County,650308.0,ok,1059.1864156810311
1194,G2500230,Massachusetts,Plymouth County,472822.0,ok,1792.8756126594114
1195,G2500250,Massachusetts,Suffolk County,689807.0,ok,156.69785262373836
1196,G2500270,Massachusetts,Worcester County,750963.0,ok,4089.6441896658307
