year,zone_id,GISJOIN,state,name,status,n_cells,bui,bldg_size,mu_ratio,dist_built,res_share,rent_share,ntl,pop,area_km2,y
2000.0,1183,G2500010,Massachusetts,Barnstable County,ok,17302,36405.48936539129,3162.2210937647333,1.213020152952833,0.2581461830413989,0.5707630971894726,0.01680466060447951,33.94214541671483,222230.0,1082.433600828053,5.324501041307138
2000.0,1184,G2500030,Massachusetts,Berkshire County,ok,39220,6584.286333503314,1065.3447851498722,0.4436621756918194,0.4642418709879033,0.24242459309844042,0.010355648009003387,16.266522182559918,134953.0,2450.9161542891648,4.008464674488153
2000.0,1185,G2500050,Massachusetts,Bristol County,ok,23745,40130.04662034113,5022.536729499484,1.2447409187268976,0.14267775217541717,0.5453878594722512,0.045928615057953905,44.501368709201934,534678.0,1483.0509445947832,5.887563281585134
2000.0,1186,G2500070,Massachusetts,Dukes County,ok,4573,21705.276186310955,3362.615936381563,1.605766472971319,0.869252555684856,0.435890715398109,0.0058743003209480536,9.30242729061885,14987.0,286.7532681569435,3.956316284466136
2000.0,1187,G2500090,Massachusetts,Essex County,ok,21409,62751.297258162456,5782.111615182263,1.2547887335683907,0.15298919410519832,0.5757075098781288,0.04041680290300438,49.72418141902938,723419.0,1337.4815341359497,6.293200190594242
2000.0,1188,G2500110,Massachusetts,Franklin County,ok,30039,4958.0738040547285,1000.3167935118522,0.38973588225251815,0.5047608394389962,0.2271384735046845,0.010545615332079102,12.459968707347116,71535.0,1876.929472229245,3.6405496582512296
2000.0,1189,G2500130,Massachusetts,Hampden County,ok,26269,30067.766949636454,3189.8457590914227,0.7504433255753868,0.2796710668675608,0.3883566868392633,0.025989462491238083,31.637367238950855,456228.0,1642.2985485775328,5.626895869969309
2000.0,1190,G2500150,Massachusetts,Hampshire County,ok,22611,11066.798682057406,1540.8783150919664,0.5598687138536809,0.3427043211934947,0.330825597029554,0.018722563462736156,22.3550484277564,152251.0,1412.640522653366,4.680069810558457
2000.0,1191,G2500170,Massachusetts,Middlesex County,ok,35111,77174.2687192048,7446.4181950379,1.405468344807905,0.09124821919408867,0.6409137238855588,0.042535983979975,53.27948506166159,1465396.0,2194.390730262533,6.503976355729386
2000.0,1192,G2500190,Massachusetts,Nantucket County,ok,2050,14093.82975609756,1316.799054395204,0.597037052080597,0.2892170082559253,0.44989108311900694,0.014396786152867842,11.385853658536586,9520.0,127.97545223444074,4.30931166167625
2000.0,1193,G2500210,Massachusetts,Norfolk County,ok,16947,71806.86139139671,7551.666464393739,1.4214052567206577,0.09769838615321079,0.6335538655234407,0.032226369324789186,58.10768867646191,650308.0,1059.1864156810311,6.419945015770082
2000.0,1194,G2500230,Massachusetts,Plymouth County,ok,28682,28339.924865769473,3358.2682005387205,1.0002335706452201,0.19467340157097765,0.5060264491503688,0.01991339906091496,39.20483229900286,472822.0,1792.8756126594114,5.5748981779610585
2000.0,1195,G2500250,Massachusetts,Suffolk County,ok,2513,467874.80660565064,23505.860193795554,2.6797099767822705,0.11154740067812961,0.6294230604336064,0.2580252155092919,61.46876243533625,689807.0,156.69785262373836,8.389847681775558
2000.0,1196,G2500270,Massachusetts,Worcester County,ok,65429,22835.336410460193,2992.933845115013,0.8012107496644356,0.2906199091019678,0.41759383919326554,0.02536066713447861,32.741735316144215,750963.0,4089.644189665831,5.212898411828621
2010.0,1184,G2500010,Massachusetts,Barnstable County,ok,17303,39465.853898167945,3368.1861737681993,1.2581197447303674,0.25368652798507607,0.5769816841819921,0.017119362079717093,32.9982661966133,215888.0,1082.4490542261944,5.295533637971915
2010.0,1185,G2500030,Massachusetts,Berkshire County,ok,39226,7056.903609850609,1181.0218208948288,0.47772748439148555,0.4498182374817061,0.2524640145029084,0.010339024712859234,12.37824402182226,131219.0,2451.2377377830467,3.9802745870165217
2010.0,1186,G2500050,Massachusetts,Bristol County,ok,23740,43786.6301179444,5603.431878662061,1.3153645723290983,0.13363559513982617,0.5595776258575379,0.04502272611018515,42.04519797809604,548285.0,1482.8256665653423,5.912845723078869
2010.0,1187,G2500070,Massachusetts,Dukes County,ok,4573,24620.148042860266,3682.232145452601,1.6751971159031898,0.829781937158438,0.4460730738151128,0.005777205082541977,8.684889569210585,16535.0,286.7517913861874,4.054617622220391
2010.0,1188,G2500090,Massachusetts,Essex County,ok,21408,66911.28423953662,6127.7379279220795,1.312165595471917,0.1459326530997537,0.5860742576469965,0.039907210338442876,46.261210762331835,743159.0,1337.4385135549228,6.320153791574383
2010.0,1189,G2500110,Massachusetts,Franklin County,ok,30034,5271.4139974695345,1052.284771442092,0.4106262833535431,0.48515413332681023,0.2346017395284229,0.010598220688638199,8.470666577878404,71372.0,1876.6394738924937,3.638422972123625
2010.0,1190,G2500130,Massachusetts,Hampden County,ok,26274,31730.02161832991,3374.5694809407155,0.7855185162769087,0.26743953666951736,0.39946714155389473,0.025943829949592517,28.055454061048945,463490.0,1642.7028496332955,5.6424418455112955
2010.0,1191,G2500150,Massachusetts,Hampshire County,ok,22603,12119.611113568995,1689.4546447258035,0.5938048953830123,0.32978030982834977,0.3420659432596887,0.018510619549611505,17.684776357120736,158080.0,1412.085563222625,4.7180334995812805
2010.0,1192,G2500170,Massachusetts,Middlesex County,ok,35098,82642.93700495755,7960.005855639218,1.4782492931888829,0.08570320248162706,0.6514952983449975,0.041952549960806065,49.25172374494273,1503085.0,2193.53887737815,6.529758776344769
2010.0,1193,G2500190,Massachusetts,Nantucket County,ok,2050,15990.72243902439,1427.1560613535726,0.615259701816128,0.2866340399769621,0.45597321865582835,0.014150359306925422,11.099512195121951,10172.0,127.96551947702037,4.375633277997235
2010.0,1194,G2500210,Massachusetts,Norfolk County,ok,16956,77244.71343477235,8079.946192231094,1.472030164308879,0.09186981345371881,0.6432357645216401,0.0316975699446307,55.02594951639538,670850.0,1059.8690421674469,6.4504002096698825
2010.0,1195,G2500230,Massachusetts,Plymouth County,ok,28682,31446.97688445715,3751.933243472081,1.0639814219629848,0.1819131682257505,0.520897380976097,0.019607802109868015,38.84216581828324,494919.0,1792.9507226715968,5.620531401742399
2010.0,1196,G2500250,Massachusetts,Suffolk County,ok,2514,499475.85918854416,24408.458946250885,2.81004929809983,0.11030133369893354,0.6330905132491929,0.25486653185732966,58.42402545743835,722023.0,156.7873684541152,8.434921726980287
2010.0,1197,G2500270,Massachusetts,Worcester County,ok,65438,25067.61685870595,3271.4132521834135,0.863251359619008,0.2685641830975169,0.43120824917332673,0.024755500410199853,29.421192579235306,798552.0,4090.0935510736986,5.2742322447223815
2020.0,1184,G2500010,Massachusetts,Barnstable County,ok,17329,40961.918691211264,3438.8908111615638,1.2697697126336078,0.25274764015746326,0.5789046264253662,0.01740079970571366,20.64377632869756,228996.0,1083.7193618055353,5.353305557976773
2020.0,1185,G2500030,Massachusetts,Berkshire County,ok,39224,7209.1943707933915,1222.2334703440004,0.4908628858466625,0.4455694400134869,0.2553418214546812,0.010342883543624667,11.2976748929227,129026.0,2451.2939935983086,3.963397888659458
2020.0,1186,G2500050,Massachusetts,Bristol County,ok,23739,45596.71026580732,5871.228251365821,1.361274523818388,0.12950515732228415,0.5661320954307987,0.04457969342642003,36.458486035637556,579200.0,1482.6912713798588,5.967788978023549
2020.0,1187,G2500070,Massachusetts,Dukes County,ok,4572,26559.797681539807,3958.0896648305566,1.7250041967484564,0.8242023105964602,0.45165276239419305,0.0056567213869207905,5.474628171478566,20600.0,286.7168625906248,4.274551167466486
2020.0,1188,G2500090,Massachusetts,Essex County,ok,21408,69651.58445440956,6435.043514403745,1.3500457783703257,0.1431792432221934,0.5903472670557394,0.03990927468237248,37.950625934230196,809829.0,1337.426666975745,6.406075744412744
2020.0,1189,G2500110,Massachusetts,Franklin County,ok,30029,5399.032968130807,1091.7715789160366,0.41998712193510174,0.47992180345544333,0.23714097393646796,0.010575154835327106,8.450864164640848,71029.0,1876.550741709088,3.6336528645125545
2020.0,1190,G2500130,Massachusetts,Hampden County,ok,26266,32378.796466915403,3450.745303951784,0.8008365766768486,0.2651254579232043,0.40206633409293424,0.025996244199198545,25.38136754739968,465825.0,1642.4464202483582,5.647623177122278
2020.0,1191,G2500150,Massachusetts,Hampshire County,ok,22606,12580.71967619216,1740.0463250747198,0.6107597068278473,0.3257029394688224,0.3452860301934046,0.018471180148860646,14.958816243475184,162308.0,1412.169514297929,4.7443685802571345
2020.0,1192,G2500170,Massachusetts,Middlesex County,ok,35093,86588.17313994243,8334.10625348267,1.5124838128090825,0.08320437191519961,0.6541040576846827,0.04220628729365846,42.18969595075941,1632002.0,2193.2096797934832,6.612196682927476
2020.0,1193,G2500190,Massachusetts,Nantucket County,ok,2012,18087.149105367793,1555.7776203349774,0.6436990613108773,0.27265085830109786,0.4631623592071328,0.014436529609178746,9.880218687872764,14255.0,125.32185405623316,4.733977740796469
2020.0,1194,G2500210,Massachusetts,Norfolk County,ok,16950,81857.82218289086,8572.9489855442,1.5273951267292096,0.08871912993606353,0.6488488499816231,0.03178807622146907,48.10035398230089,725981.0,1059.8855243551277,6.529362937282826
2020.0,1195,G2500230,Massachusetts,Plymouth County,ok,28668,33398.686270406026,4011.273089558018,1.1243057431249481,0.17447776552168257,0.528930906992606,0.019627084416198808,29.06355518347984,530819.0,1792.245083458408,5.690952026319814
2020.0,1196,G2500250,Massachusetts,Suffolk County,ok,2517,535040.10488677,26735.399196930204,2.9042424895257377,0.10859058223084428,0.6393685375283372,0.2524623793190796,57.94636471990465,797936.0,156.98169673507454,8.53365445546754
2020.0,1197,G2500270,Massachusetts,Worcester County,ok,65437,26196.019560798937,3478.200412404889,0.8962043646599869,0.26362970478110576,0.43752445526508965,0.024628290241869907,23.835597597689382,862111.0,4089.993832548015,5.350840570556031
