GISJOIN,year,y,fold,oof,oof_v2
G2500010,2000.0,5.324501041307138,1,5.43369219475633,5.7945254449984045
G2500030,2000.0,4.008464674488153,0,3.8962463558301987,4.10870518845309
G2500050,2000.0,5.887563281585134,4,6.068514494399144,6.0928308828655515
G2500070,2000.0,3.956316284466136,3,5.160125508386466,6.002494153264967
G2500090,2000.0,6.293200190594242,2,6.166285231340724,6.269138963612922
G2500110,2000.0,3.6405496582512296,3,4.084725057008973,4.1340856251131495
G2500130,2000.0,5.626895869969309,2,5.15418645443163,5.294143621757841
G2500150,2000.0,4.680069810558457,1,4.909416555142549,4.707809475437331
G2500170,2000.0,6.503976355729386,0,6.552551769217203,6.51256548631618
G2500190,2000.0,4.30931166167625,4,4.628247052592054,4.860315530136217
G2500210,2000.0,6.419945015770082,3,6.805315359014032,6.698385580192244
G2500230,2000.0,5.5748981779610585,2,5.483696422053394,5.662821763579614
G2500250,2000.0,8.389847681775558,1,6.437812755787148,6.455604657805208
G2500270,2000.0,5.212898411828621,0,5.08570335063342,5.306440266696208
G2500010,2010.0,5.295533637971915,1,5.7464921344446855,5.8138872572823335
G2500030,2010.0,3.9802745870165217,0,3.8320783475336437,4.292792310874646
G2500050,2010.0,5.912845723078869,4,6.134540820576666,6.331790676572076
G2500070,2010.0,4.054617622220391,3,5.211233686663002,6.423616596404862
G2500090,2010.0,6.320153791574383,2,6.129996058178026,6.288838061663129
G2500110,2010.0,3.638422972123625,3,4.09209456531412,4.064925851750136
G2500130,2010.0,5.642441845511296,2,5.253201766593643,5.372714190842065
G2500150,2010.0,4.7180334995812805,1,4.656450334028343,4.8409132212729435
G2500170,2010.0,6.529758776344769,0,6.601542102262249,6.442102003449448
G2500190,2010.0,4.375633277997235,4,4.6494968212339955,5.046410935161261
G2500210,2010.0,6.4504002096698825,3,6.678160392052005,6.681448663295249
G2500230,2010.0,5.620531401742399,2,5.53930762140634,5.8186297706366545
G2500250,2010.0,8.434921726980287,1,6.445832415602262,6.455628357307507
G2500270,2010.0,5.2742322447223815,0,5.294997136425953,5.503855932169713
G2500010,2020.0,5.353305557976773,1,5.716223053053821,5.807925368268891
G2500030,2020.0,3.963397888659458,0,3.9670852358105937,4.332934660041145
G2500050,2020.0,5.967788978023549,4,6.145194625502673,6.398847701792106
G2500070,2020.0,4.274551167466486,3,5.221847201535285,6.519360248203845
G2500090,2020.0,6.406075744412744,2,6.062418087056323,6.335310829095141
G2500110,2020.0,3.6336528645125545,3,4.094296210432819,4.114319157986994
G2500130,2020.0,5.647623177122278,2,5.273379068726334,5.398136278959368
G2500150,2020.0,4.744368580257135,1,4.633530610173712,4.846858771524495
G2500170,2020.0,6.612196682927476,0,6.63576525299949,6.442234147953908
G2500190,2020.0,4.733977740796469,4,4.745059454547683,5.292831064729104
G2500210,2020.0,6.529362937282826,3,6.62680020300327,6.680606291670827
G2500230,2020.0,5.690952026319814,2,5.433693958846806,5.8799560070628125
G2500250,2020.0,8.53365445546754,1,6.456521299469016,6.456199585418121
G2500270,2020.0,5.350840570556031,0,5.219253128244191,5.48959892351685
