year,era,zone_id,GISJOIN,state,name,status,n_cells,pop,pop_cells,diff,rel_diff
1810,E1,144,G2500010,Massachusetts,Barnstable,ok,17302,22211.0,22210.99991545081,-8.45491886138916e-05,3.806635838723677e-09
1810,E1,145,G2500030,Massachusetts,Berkshire,ok,39944,35907.0,35907.00009459257,9.459257125854492e-05,2.634376897500346e-09
1810,E1,146,G2500050,Massachusetts,Bristol,ok,24009,37168.0,37168.00008606911,8.606910705566406e-05,2.3156776543172637e-09
1810,E1,147,G2500055,Massachusetts,Cumberland,ok,47300,42831.0,42830.9998447001,-0.00015529990196228027,3.6258761635796565e-09
1810,E1,148,G2500070,Massachusetts,Dukes,ok,4573,3290.0,3289.9999781548977,-2.1845102310180664e-05,6.639848726498682e-09
1810,E1,149,G2500090,Massachusetts,Essex,ok,21389,71888.0,71888.00018015504,0.00018015503883361816,2.506051619653046e-09
1810,E1,150,G2500150,Massachusetts,Hampshire,ok,78809,76275.0,76274.99999797344,-2.0265579223632812e-06,2.656909763832555e-11
1810,E1,151,G2500153,Massachusetts,Hancock,ok,517689,30031.0,30031.000215057284,0.00021505728363990784,7.161176239216404e-09
1810,E1,152,G2500155,Massachusetts,Kennebec,ok,56829,32564.0,32563.999902635813,-9.736418724060059e-05,2.9899332772571117e-09
1810,E1,153,G2500157,Massachusetts,Lincoln,ok,50929,42992.0,42992.0000063777,6.377696990966797e-06,1.4834613395438214e-10
1810,E1,154,G2500170,Massachusetts,Middlesex,ok,35480,52789.0,52788.99989309907,-0.00010690093040466309,2.0250607210718726e-09
1810,E1,155,G2500190,Massachusetts,Nantucket,ok,2050,6807.0,6806.999997973442,-2.0265579223632812e-06,2.9771675075117986e-10
1810,E1,156,G2500210,Massachusetts,Norfolk,ok,17645,31245.0,31245.00009521842,9.521842002868652e-05,3.0474770372439276e-09
1810,E1,157,G2500215,Massachusetts,Oxford,ok,178044,17630.0,17630.000150300562,0.00015030056238174438,8.52527296549883e-09
1810,E1,158,G2500230,Massachusetts,Plymouth,ok,29108,35169.0,35169.00002801418,2.8014183044433594e-05,7.965589878709544e-10
1810,E1,159,G2500235,Massachusetts,Somerset,ok,287462,12910.0,12910.000194747001,0.00019474700093269348,1.5084972961478967e-08
1810,E1,160,G2500250,Massachusetts,Suffolk,ok,1021,34381.0,34380.99996614456,-3.3855438232421875e-05,9.847135985696133e-10
1810,E1,161,G2500255,Massachusetts,Washington,ok,165387,7870.0,7870.000051818788,5.1818788051605225e-05,6.584344098043866e-09
1810,E1,162,G2500270,Massachusetts,Worcester,ok,64834,64910.0,64910.00004950166,4.9501657485961914e-05,7.626198965638872e-10
1810,E1,163,G2500275,Massachusetts,York,ok,42185,41877.0,41877.00016191602,0.00016191601753234863,3.8664664978949936e-09
1820,E1,279,G2500010,Massachusetts,Barnstable,ok,17302,24026.0,24026.000031232834,3.123283386230469e-05,1.299959787825884e-09
1820,E1,280,G2500030,Massachusetts,Berkshire,ok,39944,35720.0,35720.000092074275,9.207427501678467e-05,2.5776672737061777e-09
1820,E1,281,G2500050,Massachusetts,Bristol,ok,24009,40908.0,40908.00005635619,5.6356191635131836e-05,1.3776325323929754e-09
1820,E1,282,G2500070,Massachusetts,Dukes,ok,4573,3292.0,3292.0000021010637,2.1010637283325195e-06,6.382332103075697e-10
1820,E1,283,G2500090,Massachusetts,Essex,ok,21389,74655.0,74655.00012922287,0.00012922286987304688,1.730933894220707e-09
1820,E1,284,G2500110,Massachusetts,Franklin,ok,28692,29268.0,29267.999962985516,-3.701448440551758e-05,1.2646741972638233e-09
1820,E1,285,G2500130,Massachusetts,Hampden,ok,26138,28021.0,28021.000110030174,0.0001100301742553711,3.926704052509585e-09
1820,E1,286,G2500150,Massachusetts,Hampshire,ok,23969,26487.0,26486.99995112419,-4.887580871582031e-05,1.8452753696462534e-09
1820,E1,287,G2500170,Massachusetts,Middlesex,ok,35480,61472.0,61472.00002889335,2.8893351554870605e-05,4.700245893231163e-10
1820,E1,288,G2500190,Massachusetts,Nantucket,ok,2050,7266.0,7265.999987512827,-1.2487173080444336e-05,1.7185759813438392e-09
1820,E1,289,G2500210,Massachusetts,Norfolk,ok,17645,36471.0,36471.00002801418,2.8014183044433594e-05,7.681221530649995e-10
1820,E1,290,G2500230,Massachusetts,Plymouth,ok,29108,38136.0,38136.00003409386,3.409385681152344e-05,8.940071536480868e-10
1820,E1,291,G2500250,Massachusetts,Suffolk,ok,1021,43940.0,43939.99997282028,-2.7179718017578125e-05,6.185643608916278e-10
1820,E1,292,G2500270,Massachusetts,Worcester,ok,64844,73625.0,73625.00043049455,0.0004304945468902588,5.847124575759033e-09
1830,E1,426,G2500010,Massachusetts,Barnstable,ok,17302,28514.0,28514.00004643202,4.64320182800293e-05,1.6283937111604579e-09
1830,E1,427,G2500030,Massachusetts,Berkshire,ok,39534,37835.0,37835.00001645088,1.6450881958007812e-05,4.348059193341565e-10
1830,E1,428,G2500050,Massachusetts,Bristol,ok,24009,49592.0,49592.00002871454,2.8714537620544434e-05,5.790155190463065e-10
1830,E1,429,G2500070,Massachusetts,Dukes,ok,4573,3517.0,3516.9999915510416,-8.448958396911621e-06,2.402319703415303e-09
1830,E1,430,G2500090,Massachusetts,Essex,ok,21389,82859.0,82858.9998550415,-0.00014495849609375,1.7494598787548727e-09
1830,E1,431,G2500110,Massachusetts,Franklin,ok,28735,29501.0,29500.99994800985,-5.199015140533447e-05,1.7623182741376384e-09
1830,E1,432,G2500130,Massachusetts,Hampden,ok,26138,31639.0,31638.99996306002,-3.693997859954834e-05,1.1675457062343418e-09
1830,E1,433,G2500150,Massachusetts,Hampshire,ok,24325,30254.0,30253.99997548759,-2.4512410163879395e-05,8.102204721319294e-10
1830,E1,434,G2500170,Massachusetts,Middlesex,ok,35325,77961.0,77961.00002017617,2.0176172256469727e-05,2.587982742200552e-10
1830,E1,435,G2500190,Massachusetts,Nantucket,ok,2050,7202.0,7202.00001591444,1.5914440155029297e-05,2.209725097893543e-09
1830,E1,436,G2500210,Massachusetts,Norfolk,ok,17800,41972.0,41971.999839782715,-0.00016021728515625,3.817242093687459e-09
1830,E1,437,G2500230,Massachusetts,Plymouth,ok,29108,43044.0,43044.00008314848,8.314847946166992e-05,1.9317089364759297e-09
1830,E1,438,G2500250,Massachusetts,Suffolk,ok,1021,62163.0,62163.00038814545,0.00038814544677734375,6.2439947682277846e-09
1830,E1,439,G2500270,Massachusetts,Worcester,ok,64855,84355.0,84354.99992075562,-7.924437522888184e-05,9.394152715177741e-10
1840,E1,572,G2500010,Massachusetts,Barnstable,ok,17302,32548.0,32547.999871835113,-0.0001281648874282837,3.937719289304525e-09
1840,E1,573,G2500030,Massachusetts,Berkshire,ok,39220,41745.0,41744.99984833598,-0.00015166401863098145,3.6331062074735046e-09
1840,E1,574,G2500050,Massachusetts,Bristol,ok,24009,60164.0,60164.000037550926,3.7550926208496094e-05,6.241427798766055e-10
1840,E1,575,G2500070,Massachusetts,Dukes,ok,4573,3958.0,3957.999978147447,-2.1852552890777588e-05,5.521109876396561e-09
1840,E1,576,G2500090,Massachusetts,Essex,ok,21389,94987.0,94987.00005586445,5.586445331573486e-05,5.881273575935114e-10
1840,E1,577,G2500110,Massachusetts,Franklin,ok,28900,28812.0,28811.999909371138,-9.062886238098145e-05,3.145524863979642e-09
1840,E1,578,G2500130,Massachusetts,Hampden,ok,26152,37366.0,37366.00012977421,0.00012977421283721924,3.473056062656405e-09
1840,E1,579,G2500150,Massachusetts,Hampshire,ok,24325,30897.0,30897.000011138618,1.1138617992401123e-05,3.6050807497171646e-10
1840,E1,580,G2500170,Massachusetts,Middlesex,ok,35220,106611.0,106610.9998138845,-0.00018611550331115723,1.745743903641812e-09
1840,E1,581,G2500190,Massachusetts,Nantucket,ok,2050,9012.0,9012.000011473894,1.1473894119262695e-05,1.273179551627019e-09
1840,E1,582,G2500210,Massachusetts,Norfolk,ok,17878,53140.0,53139.9999672696,-3.273040056228638e-05,6.159277486316593e-10
1840,E1,583,G2500230,Massachusetts,Plymouth,ok,29108,47373.0,47372.99994593114,-5.406886339187622e-05,1.141343452850278e-09
1840,E1,584,G2500250,Massachusetts,Suffolk,ok,1021,95773.0,95773.0004003048,0.00040030479431152344,4.179724915284302e-09
1840,E1,585,G2500270,Massachusetts,Worcester,ok,65017,95313.0,95312.99969986081,-0.0003001391887664795,3.14898480549851e-09
1850,E1,689,G2500010,Massachusetts,Barnstable,ok,17302,35276.0,35276.00012911856,0.00012911856174468994,3.6602381716943514e-09
1850,E1,690,G2500030,Massachusetts,Berkshire,ok,39220,49591.0,49590.999978885055,-2.111494541168213e-05,4.2578180338533463e-10
1850,E1,691,G2500050,Massachusetts,Bristol,ok,24009,76192.0,76191.99987259507,-0.00012740492820739746,1.6721562395972997e-09
1850,E1,692,G2500070,Massachusetts,Dukes,ok,4573,4540.0,4540.000008121133,8.121132850646973e-06,1.788795782080831e-09
1850,E1,693,G2500090,Massachusetts,Essex,ok,21447,131300.0,131299.9998049885,-0.00019501149654388428,1.4852360742108475e-09
1850,E1,694,G2500110,Massachusetts,Franklin,ok,28900,30870.0,30870.000078223646,7.822364568710327e-05,2.533969733952163e-09
1850,E1,695,G2500130,Massachusetts,Hampden,ok,26152,51283.0,51282.99996635318,-3.364682197570801e-05,6.561008906598289e-10
1850,E1,696,G2500150,Massachusetts,Hampshire,ok,24325,35732.0,35731.99993715435,-6.284564733505249e-05,1.7588057577256377e-09
1850,E1,697,G2500170,Massachusetts,Middlesex,ok,35220,161383.0,161382.99996818602,-3.1813979148864746e-05,1.9713339787254385e-10
1850,E1,698,G2500190,Massachusetts,Nantucket,ok,2050,8452.0,8451.999982118607,-1.7881393432617188e-05,2.1156404913176986e-09
1850,E1,699,G2500210,Massachusetts,Norfolk,ok,17878,78892.0,78892.00017535686,0.00017535686492919922,2.222745841520043e-09
1850,E1,700,G2500230,Massachusetts,Plymouth,ok,29108,55697.0,55696.99972189218,-0.00027810782194137573,4.99322803636418e-09
1850,E1,701,G2500250,Massachusetts,Suffolk,ok,963,144517.0,144516.99934208393,-0.0006579160690307617,4.552516790625059e-09
1850,E1,702,G2500270,Massachusetts,Worcester,ok,65017,130789.0,130789.0000064522,6.452202796936035e-06,4.9332916353332734e-11
1860,E1,866,G2500010,Massachusetts,Barnstable,ok,17302,35990.0,35989.99996599555,-3.400444984436035e-05,9.448305041500515e-10
1860,E1,867,G2500030,Massachusetts,Berkshire,ok,39220,55120.0,55119.999967597425,-3.240257501602173e-05,5.878551345432099e-10
1860,E1,868,G2500050,Massachusetts,Bristol,ok,24009,93794.0,93794.0002387166,0.00023871660232543945,2.5451159170676104e-09
1860,E1,869,G2500070,Massachusetts,Dukes,ok,4573,4403.0,4403.000002786517,2.7865171432495117e-06,6.328678499317537e-10
1860,E1,870,G2500090,Massachusetts,Essex,ok,21409,165611.0,165610.9998356253,-0.0001643747091293335,9.925349712841145e-10
1860,E1,871,G2500110,Massachusetts,Franklin,ok,28900,31434.0,31433.99994903803,-5.0961971282958984e-05,1.6212372362078953e-09
1860,E1,872,G2500130,Massachusetts,Hampden,ok,26018,57366.0,57366.00008019805,8.019804954528809e-05,1.3980066510701128e-09
1860,E1,873,G2500150,Massachusetts,Hampshire,ok,24459,37823.0,37823.00005569309,5.5693089962005615e-05,1.4724662232505517e-09
1860,E1,874,G2500170,Massachusetts,Middlesex,ok,35211,216354.0,216354.0000923127,9.231269359588623e-05,4.266743096771321e-10
1860,E1,875,G2500190,Massachusetts,Nantucket,ok,2050,6094.0,6093.999984845519,-1.5154480934143066e-05,2.486787156899092e-09
1860,E1,876,G2500210,Massachusetts,Norfolk,ok,17878,109950.0,109949.99967250228,-0.0003274977207183838,2.9786059183118124e-09
1860,E1,877,G2500230,Massachusetts,Plymouth,ok,29108,64768.0,64767.99999744445,-2.555549144744873e-06,3.945697172592751e-11
1860,E1,878,G2500250,Massachusetts,Suffolk,ok,963,192700.0,192700.00092697144,0.000926971435546875,4.810438170974961e-09
1860,E1,879,G2500270,Massachusetts,Worcester,ok,65064,159659.0,159659.00017980486,0.00017980486154556274,1.1261805569718133e-09
1870,E1,992,G2500010,Massachusetts,Barnstable,ok,17302,32774.0,32773.999994300306,-5.6996941566467285e-06,1.739090180218078e-10
1870,E1,993,G2500030,Massachusetts,Berkshire,ok,39220,64827.0,64827.00005406886,5.406886339187622e-05,8.340485197815142e-10
1870,E1,994,G2500050,Massachusetts,Bristol,ok,23745,102886.0,102885.99992731214,-7.268786430358887e-05,7.064893601033073e-10
1870,E1,995,G2500070,Massachusetts,Dukes,ok,4573,3787.0,3787.0000304579735,3.045797348022461e-05,8.042770921633115e-09
1870,E1,996,G2500090,Massachusetts,Essex,ok,21409,200843.0,200842.99966281652,-0.00033718347549438477,1.6788410623939334e-09
1870,E1,997,G2500110,Massachusetts,Franklin,ok,28900,32635.0,32635.000016376376,1.6376376152038574e-05,5.018040800379523e-10
1870,E1,998,G2500130,Massachusetts,Hampden,ok,26018,78409.0,78409.00009942055,9.942054748535156e-05,1.2679736699275792e-09
1870,E1,999,G2500150,Massachusetts,Hampshire,ok,24459,44388.0,44387.99996031076,-3.968924283981323e-05,8.941435261740388e-10
1870,E1,1000,G2500170,Massachusetts,Middlesex,ok,35297,274353.0,274353.0001246631,0.0001246631145477295,4.543894710381497e-10
1870,E1,1001,G2500190,Massachusetts,Nantucket,ok,2050,4123.0,4123.000019393861,1.9393861293792725e-05,4.703822773173108e-09
1870,E1,1002,G2500210,Massachusetts,Norfolk,ok,17243,89443.0,89442.99995812774,-4.1872262954711914e-05,4.681446614571505e-10
1870,E1,1003,G2500230,Massachusetts,Plymouth,ok,29108,65365.0,65365.00000505522,5.055218935012817e-06,7.733831461811088e-11
1870,E1,1004,G2500250,Massachusetts,Suffolk,ok,1598,270802.0,270801.9998317957,-0.00016820430755615234,6.211339190853552e-10
1870,E1,1005,G2500270,Massachusetts,Worcester,ok,64978,192716.0,192716.00033086538,0.00033086538314819336,1.7168547663307321e-09
1880,E1,1140,G2500010,Massachusetts,Barnstable,ok,17302,31897.0,31896.999989327043,-1.0672956705093384e-05,3.3460691303550126e-10
1880,E1,1141,G2500030,Massachusetts,Berkshire,ok,39220,69032.0,69032.0000159815,1.598149538040161e-05,2.3150850881332733e-10
1880,E1,1142,G2500050,Massachusetts,Bristol,ok,23745,139040.0,139040.00008049607,8.049607276916504e-05,5.789418352212676e-10
1880,E1,1143,G2500070,Massachusetts,Dukes,ok,4573,4300.0,4299.999980315566,-1.9684433937072754e-05,4.577775334202966e-09
1880,E1,1144,G2500090,Massachusetts,Essex,ok,21409,244535.0,244534.99987772107,-0.00012227892875671387,5.00046736690919e-10
1880,E1,1145,G2500110,Massachusetts,Franklin,ok,28900,36001.0,36001.000036332756,3.633275628089905e-05,1.0092151962695216e-09
1880,E1,1146,G2500130,Massachusetts,Hampden,ok,26018,104142.0,104142.0002617985,0.00026179850101470947,2.5138608920004365e-09
1880,E1,1147,G2500150,Massachusetts,Hampshire,ok,24459,47232.0,47232.00002600998,2.6009976863861084e-05,5.506854857694166e-10
1880,E1,1148,G2500170,Massachusetts,Middlesex,ok,35111,317830.0,317829.9998774156,-0.00012258440256118774,3.856917300481004e-10
1880,E1,1149,G2500190,Massachusetts,Nantucket,ok,2050,3727.0,3726.999997742474,-2.25752592086792e-06,6.057220072089938e-10
1880,E1,1150,G2500210,Massachusetts,Norfolk,ok,16738,96507.0,96507.00012749434,0.00012749433517456055,1.3210889901723248e-09
1880,E1,1151,G2500230,Massachusetts,Plymouth,ok,29108,74018.0,74018.00017203018,0.00017203018069267273,2.3241668336441504e-09
1880,E1,1152,G2500250,Massachusetts,Suffolk,ok,2296,387927.0,387927.0001912713,0.00019127130508422852,4.930600475971729e-10
1880,E1,1153,G2500270,Massachusetts,Worcester,ok,64971,226897.0,226897.00035317242,0.0003531724214553833,1.5565319129621956e-09
1890,E1,1090,G2500010,Massachusetts,Barnstable,ok,17302,29172.0,29171.999937556684,-6.24433159828186e-05,2.14052228105096e-09
1890,E1,1091,G2500030,Massachusetts,Berkshire,ok,39220,81108.0,81108.00020941347,0.00020941346883773804,2.581908921903364e-09
1890,E1,1092,G2500050,Massachusetts,Bristol,ok,23745,186465.0,186464.99980340898,-0.00019659101963043213,1.054305202748141e-09
1890,E1,1093,G2500070,Massachusetts,Dukes,ok,4573,4369.0,4369.000021889806,2.1889805793762207e-05,5.010255388821746e-09
1890,E1,1094,G2500090,Massachusetts,Essex,ok,21409,299995.0,299995.0002062768,0.0002062767744064331,6.876007080332442e-10
1890,E1,1095,G2500110,Massachusetts,Franklin,ok,28900,38610.0,38610.000126671046,0.00012667104601860046,3.2807833726651245e-09
1890,E1,1096,G2500130,Massachusetts,Hampden,ok,26018,135713.0,135713.00014689565,0.0001468956470489502,1.0823992325639414e-09
1890,E1,1097,G2500150,Massachusetts,Hampshire,ok,24459,51859.0,51859.000064350665,6.43506646156311e-05,1.2408774680505043e-09
1890,E1,1098,G2500170,Massachusetts,Middlesex,ok,35111,431167.0,431166.99818725884,-0.0018127411603927612,4.204266932285544e-09
1890,E1,1099,G2500190,Massachusetts,Nantucket,ok,2050,3268.0,3267.999999411404,-5.885958671569824e-07,1.801088944788808e-10
1890,E1,1100,G2500210,Massachusetts,Norfolk,ok,16738,118950.0,118950.00022083521,0.00022083520889282227,1.85653811595479e-09
1890,E1,1101,G2500230,Massachusetts,Plymouth,ok,29108,92700.0,92700.0001735501,0.0001735500991344452,1.872169354201135e-09
1890,E1,1102,G2500250,Massachusetts,Suffolk,ok,2296,484780.0,484780.00040870905,0.0004087090492248535,8.430814992880348e-10
1890,E1,1103,G2500270,Massachusetts,Worcester,ok,64971,280787.0,280787.0001119524,0.00011195242404937744,3.9870942760661086e-10
1900,E1,1106,G2500010,Massachusetts,Barnstable,ok,17302,27826.0,27825.999972753227,-2.724677324295044e-05,9.791839733684482e-10
1900,E1,1107,G2500030,Massachusetts,Berkshire,ok,39220,95667.0,95667.00020452589,0.000204525887966156,2.1378938188315305e-09
1900,E1,1108,G2500050,Massachusetts,Bristol,ok,23745,252029.0,252028.99975281954,-0.0002471804618835449,9.807619832778963e-10
1900,E1,1109,G2500070,Massachusetts,Dukes,ok,4573,4561.0,4560.999975690618,-2.430938184261322e-05,5.3298359663699236e-09
1900,E1,1110,G2500090,Massachusetts,Essex,ok,21409,357030.0,357029.9996177852,-0.0003822147846221924,1.0705396874833834e-09
1900,E1,1111,G2500110,Massachusetts,Franklin,ok,28900,41209.0,41208.99992777407,-7.222592830657959e-05,1.7526736466931882e-09
1900,E1,1112,G2500130,Massachusetts,Hampden,ok,26018,175603.0,175603.00023934245,0.00023934245109558105,1.3629747276275522e-09
1900,E1,1113,G2500150,Massachusetts,Hampshire,ok,24459,58820.0,58819.99996724725,-3.275275230407715e-05,5.568301989812504e-10
1900,E1,1114,G2500170,Massachusetts,Middlesex,ok,35111,565696.0,565695.9992430657,-0.0007569342851638794,1.338058400914766e-09
1900,E1,1115,G2500190,Massachusetts,Nantucket,ok,2050,3006.0,3006.0000126436353,1.2643635272979736e-05,4.206132825342561e-09
1900,E1,1116,G2500210,Massachusetts,Norfolk,ok,16738,151539.0,151538.99974896014,-0.00025103986263275146,1.6566023441671878e-09
1900,E1,1117,G2500230,Massachusetts,Plymouth,ok,29108,113985.0,113984.99991993234,-8.006766438484192e-05,7.024403595634682e-10
1900,E1,1118,G2500250,Massachusetts,Suffolk,ok,2296,611417.0,611416.9995518923,-0.0004481077194213867,7.329003273075278e-10
1900,E1,1119,G2500270,Massachusetts,Worcester,ok,64971,346958.0,346957.99993002415,-6.99758529663086e-05,2.0168392994630068e-10
1910,E1,1119,G2500010,Massachusetts,Barnstable,ok,17302,27542.0,27542.00003639236,3.639236092567444e-05,1.3213405317578403e-09
1910,E1,1120,G2500030,Massachusetts,Berkshire,ok,39220,105259.0,105259.0000244677,2.446770668029785e-05,2.324523953324452e-10
1910,E1,1121,G2500050,Massachusetts,Bristol,ok,23745,318573.0,318572.9997353703,-0.00026462972164154053,8.30672158787909e-10
1910,E1,1122,G2500070,Massachusetts,Dukes,ok,4573,4504.0,4504.000001037493,1.037493348121643e-06,2.3034932240711436e-10
1910,E1,1123,G2500090,Massachusetts,Essex,ok,21409,436477.0,436477.0007170439,0.0007170438766479492,1.6427987652223353e-09
1910,E1,1124,G2500110,Massachusetts,Franklin,ok,28900,43600.0,43600.00005502626,5.502626299858093e-05,1.2620702522610306e-09
1910,E1,1125,G2500130,Massachusetts,Hampden,ok,26269,231369.0,231369.00004673004,4.673004150390625e-05,2.0197192149296686e-10
1910,E1,1126,G2500150,Massachusetts,Hampshire,ok,24208,63327.0,63327.00003377348,3.377348184585571e-05,5.33318834712772e-10
1910,E1,1127,G2500170,Massachusetts,Middlesex,ok,35111,669915.0,669915.0009659827,0.0009659826755523682,1.4419481211084513e-09
1910,E1,1128,G2500190,Massachusetts,Nantucket,ok,2050,2962.0,2961.999986808747,-1.3191252946853638e-05,4.453495255521147e-09
1910,E1,1129,G2500210,Massachusetts,Norfolk,ok,16738,187506.0,187506.00012800097,0.00012800097465515137,6.826500200268331e-10
1910,E1,1130,G2500230,Massachusetts,Plymouth,ok,29108,144337.0,144336.9998984486,-0.00010155141353607178,7.03571596583494e-10
1910,E1,1131,G2500250,Massachusetts,Suffolk,ok,2296,731388.0,731387.9955717921,-0.004428207874298096,6.054526290147084e-09
1910,E1,1132,G2500270,Massachusetts,Worcester,ok,64971,399657.0,399656.99956572056,-0.0004342794418334961,1.086630390143288e-09
1920,E1,1165,G2500010,Massachusetts,Barnstable,ok,17302,26670.0,26670.000072294846,7.229484617710114e-05,2.7107178919048045e-09
1920,E1,1166,G2500030,Massachusetts,Berkshire,ok,39220,113033.0,113032.99984716624,-0.00015283375978469849,1.3521162827200772e-09
1920,E1,1167,G2500050,Massachusetts,Bristol,ok,23745,359005.0,359005.0001360476,0.0001360476016998291,3.789574008713781e-10
1920,E1,1168,G2500070,Massachusetts,Dukes,ok,4573,4372.0,4372.0000062435865,6.243586540222168e-06,1.4280847530242835e-09
1920,E1,1169,G2500090,Massachusetts,Essex,ok,21409,482156.0,482156.0007638484,0.0007638484239578247,1.5842350275799217e-09
1920,E1,1170,G2500110,Massachusetts,Franklin,ok,28900,49361.0,49361.000062253326,6.225332617759705e-05,1.2611844609630487e-09
1920,E1,1171,G2500130,Massachusetts,Hampden,ok,26269,300305.0,300304.99871748686,-0.00128251314163208,4.270701925149698e-09
1920,E1,1172,G2500150,Massachusetts,Hampshire,ok,24208,69599.0,69599.0000653565,6.535649299621582e-05,9.390435637899369e-10
1920,E1,1173,G2500170,Massachusetts,Middlesex,ok,35111,778352.0,778352.0004862994,0.00048629939556121826,6.247808132582922e-10
1920,E1,1174,G2500190,Massachusetts,Nantucket,ok,2050,2797.0,2796.9999969936907,-3.0063092708587646e-06,1.074833489760016e-09
1920,E1,1175,G2500210,Massachusetts,Norfolk,ok,16521,219081.0,219081.00006582588,6.582587957382202e-05,3.0046366217892937e-10
1920,E1,1176,G2500230,Massachusetts,Plymouth,ok,29108,156968.0,156968.00000856817,8.568167686462402e-06,5.458544216950208e-11
1920,E1,1177,G2500250,Massachusetts,Suffolk,ok,2513,835522.0,835521.9987336993,-0.0012663006782531738,1.5155802938201195e-09
1920,E1,1178,G2500270,Massachusetts,Worcester,ok,64971,455135.0,455135.00041595846,0.0004159584641456604,9.139232626487974e-10
1930,E1,1185,G2500010,Massachusetts,Barnstable,ok,17302,32305.0,32305.000021073967,2.1073967218399048e-05,6.523438235071675e-10
1930,E1,1186,G2500030,Massachusetts,Berkshire,ok,39220,120700.0,120700.00007401407,7.401406764984131e-05,6.132068570823638e-10
1930,E1,1187,G2500050,Massachusetts,Bristol,ok,23745,364590.0,364589.9999950528,-4.947185516357422e-06,1.3569175008523059e-11
1930,E1,1188,G2500070,Massachusetts,Dukes,ok,4573,4953.0,4953.000001465902,1.4659017324447632e-06,2.9596239298299276e-10
1930,E1,1189,G2500090,Massachusetts,Essex,ok,21409,498040.0,498039.9998178631,-0.0001821368932723999,3.657073593936228e-10
1930,E1,1190,G2500110,Massachusetts,Franklin,ok,28900,49612.0,49612.00007221103,7.221102714538574e-05,1.4555153419613349e-09
1930,E1,1191,G2500130,Massachusetts,Hampden,ok,26269,335496.0,335496.00088842213,0.0008884221315383911,2.648085615144118e-09
1930,E1,1192,G2500150,Massachusetts,Hampshire,ok,24208,72801.0,72800.99992031604,-7.968395948410034e-05,1.0945448480666522e-09
1930,E1,1193,G2500170,Massachusetts,Middlesex,ok,35111,934924.0,934923.9994727671,-0.0005272328853607178,5.639312771527074e-10
1930,E1,1194,G2500190,Massachusetts,Nantucket,ok,2050,3678.0,3678.0000044181943,4.41819429397583e-06,1.201249128324043e-09
1930,E1,1195,G2500210,Massachusetts,Norfolk,ok,16521,299426.0,299425.99928997457,-0.000710025429725647,2.371288497744508e-09
1930,E1,1196,G2500230,Massachusetts,Plymouth,ok,29108,162311.0,162310.9998626709,-0.0001373291015625,8.460862268268941e-10
1930,E1,1197,G2500250,Massachusetts,Suffolk,ok,2513,879536.0,879535.9995487928,-0.00045120716094970703,5.130059041923321e-10
1930,E1,1198,G2500270,Massachusetts,Worcester,ok,64971,491242.0,491241.99932555854,-0.0006744414567947388,1.3729311760695111e-09
1940,E2,1183,G2500010,Massachusetts,Barnstable,ok,17302,37295.0,37294.99983972311,-0.0001602768898010254,4.297543633222292e-09
1940,E2,1184,G2500030,Massachusetts,Berkshire,ok,39220,122273.0,122272.99938189983,-0.0006181001663208008,5.055083021769326e-09
1940,E2,1185,G2500050,Massachusetts,Bristol,ok,23745,364637.0,364636.998693943,-0.0013060569763183594,3.5818004654447007e-09
1940,E2,1186,G2500070,Massachusetts,Dukes,ok,4573,5669.0,5668.9999668598175,-3.314018249511719e-05,5.845860380158262e-09
1940,E2,1187,G2500090,Massachusetts,Essex,ok,21409,496313.0,496312.9992339611,-0.0007660388946533203,1.543459257874205e-09
1940,E2,1188,G2500110,Massachusetts,Franklin,ok,30039,49453.0,49453.00004798174,4.798173904418945e-05,9.702493083167746e-10
1940,E2,1189,G2500130,Massachusetts,Hampden,ok,26269,332107.0,332106.9997460842,-0.00025391578674316406,7.645601771211208e-10
1940,E2,1190,G2500150,Massachusetts,Hampshire,ok,22611,72461.0,72460.99960446358,-0.0003955364227294922,5.458611152613022e-09
1940,E2,1191,G2500170,Massachusetts,Middlesex,ok,35111,971390.0,971390.0019216537,0.0019216537475585938,1.978251523650227e-09
1940,E2,1192,G2500190,Massachusetts,Nantucket,ok,2050,3401.0,3401.00002515316,2.5153160095214844e-05,7.395813024173727e-09
1940,E2,1193,G2500210,Massachusetts,Norfolk,ok,16521,325180.0,325179.9998522997,-0.00014770030975341797,4.5421092857315323e-10
1940,E2,1194,G2500230,Massachusetts,Plymouth,ok,29108,168824.0,168823.99985182285,-0.0001481771469116211,8.777019079729251e-10
1940,E2,1195,G2500250,Massachusetts,Suffolk,ok,2513,863248.0,863248.0028548241,0.0028548240661621094,3.3070728992851525e-09
1940,E2,1196,G2500270,Massachusetts,Worcester,ok,65429,504470.0,504469.9988697767,-0.001130223274230957,2.240417218528271e-09
1950,E2,1183,G2500010,Massachusetts,Barnstable,ok,17302,46805.0,46805.0001321435,0.00013214349746704102,2.82327737350798e-09
1950,E2,1184,G2500030,Massachusetts,Berkshire,ok,39220,132966.0,132966.0006392002,0.0006392002105712891,4.8072455407494326e-09
1950,E2,1185,G2500050,Massachusetts,Bristol,ok,23745,381569.0,381568.9991286993,-0.0008713006973266602,2.2834682516836017e-09
1950,E2,1186,G2500070,Massachusetts,Dukes,ok,4573,5633.0,5632.99999499321,-5.0067901611328125e-06,8.888319121485554e-10
1950,E2,1187,G2500090,Massachusetts,Essex,ok,21409,522384.0,522384.0000590086,5.900859832763672e-05,1.1296019466070308e-10
1950,E2,1188,G2500110,Massachusetts,Franklin,ok,30039,52747.0,52747.00022339821,0.00022339820861816406,4.235277999093106e-09
1950,E2,1189,G2500130,Massachusetts,Hampden,ok,26269,367971.0,367970.9994504452,-0.0005495548248291016,1.4934731944340764e-09
1950,E2,1190,G2500150,Massachusetts,Hampshire,ok,22611,87594.0,87594.00032758713,0.0003275871276855469,3.739835236266718e-09
1950,E2,1191,G2500170,Massachusetts,Middlesex,ok,35111,1064569.0,1064568.9981484413,-0.0018515586853027344,1.7392566243265908e-09
1950,E2,1192,G2500190,Massachusetts,Nantucket,ok,2050,3484.0,3484.0000260472298,2.6047229766845703e-05,7.4762427574184e-09
1950,E2,1193,G2500210,Massachusetts,Norfolk,ok,16947,392308.0,392308.000572443,0.0005724430084228516,1.4591673083976151e-09
1950,E2,1194,G2500230,Massachusetts,Plymouth,ok,28682,189468.0,189467.9997985363,-0.0002014636993408203,1.0633125347859285e-09
1950,E2,1195,G2500250,Massachusetts,Suffolk,ok,2513,896615.0,896615.0013213158,0.0013213157653808594,1.4736712695871242e-09
1950,E2,1196,G2500270,Massachusetts,Worcester,ok,65429,546401.0,546400.999528408,-0.0004715919494628906,8.630876397790096e-10
1960,E2,1183,G2500010,Massachusetts,Barnstable,ok,17302,70286.0,70286.00024837255,0.00024837255477905273,3.533741495874751e-09
1960,E2,1184,G2500030,Massachusetts,Berkshire,ok,39220,142135.0,142134.99968111515,-0.00031888484954833984,2.243535016346008e-09
1960,E2,1185,G2500050,Massachusetts,Bristol,ok,23745,398488.0,398488.00009942055,9.942054748535156e-05,2.494944577637258e-10
1960,E2,1186,G2500070,Massachusetts,Dukes,ok,4573,5829.0,5828.999998509884,-1.4901161193847656e-06,2.556383804056898e-10
1960,E2,1187,G2500090,Massachusetts,Essex,ok,21409,568831.0,568830.9996845722,-0.0003154277801513672,5.545193214704669e-10
1960,E2,1188,G2500110,Massachusetts,Franklin,ok,30039,54864.0,54863.99971085787,-0.0002891421318054199,5.270161340868692e-09
1960,E2,1189,G2500130,Massachusetts,Hampden,ok,26269,429353.0,429353.0000784397,7.843971252441406e-05,1.826928250749711e-10
1960,E2,1190,G2500150,Massachusetts,Hampshire,ok,22611,103229.0,103228.99983632565,-0.00016367435455322266,1.5855462568970218e-09
1960,E2,1191,G2500170,Massachusetts,Middlesex,ok,35111,1238742.0,1238741.9999952316,-4.76837158203125e-06,3.8493661973447656e-12
1960,E2,1192,G2500190,Massachusetts,Nantucket,ok,2050,3559.0,3559.0000017881393,1.7881393432617188e-06,5.024274636869118e-10
1960,E2,1193,G2500210,Massachusetts,Norfolk,ok,16521,510256.0,510256.00033807755,0.0003380775451660156,6.62564565955159e-10
1960,E2,1194,G2500230,Massachusetts,Plymouth,ok,29108,248449.0,248449.00021255016,0.00021255016326904297,8.555082261109643e-10
1960,E2,1195,G2500250,Massachusetts,Suffolk,ok,2513,791329.0,791329.0006213188,0.0006213188171386719,7.851586598477648e-10
1960,E2,1196,G2500270,Massachusetts,Worcester,ok,65429,583228.0,583227.9985649586,-0.0014350414276123047,2.460515317529859e-09
1970,E2,1182,G2500010,Massachusetts,Barnstable,ok,17302,96656.0,96656.00016498566,0.00016498565673828125,1.70693652477116e-09
1970,E2,1183,G2500030,Massachusetts,Berkshire,ok,39220,149402.0,149402.0003951788,0.00039517879486083984,2.645070312718972e-09
1970,E2,1184,G2500050,Massachusetts,Bristol,ok,23745,444301.0,444300.999122262,-0.0008777379989624023,1.9755481058165575e-09
1970,E2,1185,G2500070,Massachusetts,Dukes,ok,4573,6117.0,6116.999976277351,-2.372264862060547e-05,3.8781508289366466e-09
1970,E2,1186,G2500090,Massachusetts,Essex,ok,21409,637887.0,637886.9985046387,-0.001495361328125,2.3442417358011684e-09
1970,E2,1187,G2500110,Massachusetts,Franklin,ok,30039,59210.0,59210.00039422512,0.0003942251205444336,6.658083441047688e-09
1970,E2,1188,G2500130,Massachusetts,Hampden,ok,26269,459050.0,459050.0001626015,0.00016260147094726562,3.5421298539868345e-10
1970,E2,1189,G2500150,Massachusetts,Hampshire,ok,22611,123981.0,123980.99983918667,-0.0001608133316040039,1.2970804526822973e-09
1970,E2,1190,G2500170,Massachusetts,Middlesex,ok,35111,1397268.0,1397267.9997134209,-0.0002865791320800781,2.0509961731040725e-10
1970,E2,1191,G2500190,Massachusetts,Nantucket,ok,2050,3774.0,3774.0000079870224,7.987022399902344e-06,2.1163281398787343e-09
1970,E2,1192,G2500210,Massachusetts,Norfolk,ok,16521,605051.0,605051.000474453,0.0004744529724121094,7.841536868993017e-10
1970,E2,1193,G2500230,Massachusetts,Plymouth,ok,29108,333314.0,333314.00033807755,0.0003380775451660156,1.0142914644029822e-09
1970,E2,1194,G2500250,Massachusetts,Suffolk,ok,2513,735190.0,735190.0006539822,0.0006539821624755859,8.89541700071527e-10
1970,E2,1195,G2500270,Massachusetts,Worcester,ok,65429,637969.0,637968.9971557856,-0.00284421443939209,4.458232985289394e-09
1980,E2,1182,G2500010,Massachusetts,BARNSTABLE COUNTY,ok,17302,147925.0,147925.00044083595,0.00044083595275878906,2.9801315042000275e-09
1980,E2,1183,G2500030,Massachusetts,BERKSHIRE COUNTY,ok,39220,145110.0,145110.000572443,0.0005724430084228516,3.944890141429616e-09
1980,E2,1184,G2500050,Massachusetts,BRISTOL COUNTY,ok,23745,474641.0,474641.0000985861,9.85860824584961e-05,2.0770662976543555e-10
1980,E2,1185,G2500070,Massachusetts,DUKES COUNTY,ok,4573,8942.0,8941.999992251396,-7.748603820800781e-06,8.665403512414204e-10
1980,E2,1186,G2500090,Massachusetts,ESSEX COUNTY,ok,21409,633632.0,633632.0011200905,0.0011200904846191406,1.7677302986893664e-09
1980,E2,1187,G2500110,Massachusetts,FRANKLIN COUNTY,ok,30039,64317.0,64316.99947702885,-0.0005229711532592773,8.131149668972081e-09
1980,E2,1188,G2500130,Massachusetts,HAMPDEN COUNTY,ok,26269,443018.0,443018.0007138252,0.0007138252258300781,1.611278155357295e-09
1980,E2,1189,G2500150,Massachusetts,HAMPSHIRE COUNTY,ok,22611,138813.0,138812.9996997118,-0.00030028820037841797,2.1632570463747483e-09
1980,E2,1190,G2500170,Massachusetts,MIDDLESEX COUNTY,ok,35111,1367034.0,1367034.001815319,0.0018153190612792969,1.3279253195453052e-09
1980,E2,1191,G2500190,Massachusetts,NANTUCKET COUNTY,ok,2050,5087.0,5087.000041842461,4.184246063232422e-05,8.22537067669043e-09
1980,E2,1192,G2500210,Massachusetts,NORFOLK COUNTY,ok,16521,606587.0,606586.9994168282,-0.0005831718444824219,9.613985207108327e-10
1980,E2,1193,G2500230,Massachusetts,PLYMOUTH COUNTY,ok,29108,405437.0,405436.99926042557,-0.0007395744323730469,1.8241414384307473e-09
1980,E2,1194,G2500250,Massachusetts,SUFFOLK COUNTY,ok,2513,650142.0,650142.0005970001,0.0005970001220703125,9.182611215247015e-10
1980,E2,1195,G2500270,Massachusetts,WORCESTER COUNTY,ok,65429,646352.0,646351.9982526302,-0.0017473697662353516,2.7034336804641305e-09
1990,E2,1183,G2500010,Massachusetts,Barnstable County,ok,17302,186605.0,186604.9994649887,-0.0005350112915039062,2.867079078823752e-09
1990,E2,1184,G2500030,Massachusetts,Berkshire County,ok,39220,139352.0,139351.9995727539,-0.00042724609375,3.0659487754032954e-09
1990,E2,1185,G2500050,Massachusetts,Bristol County,ok,23745,506325.0,506325.00038802624,0.00038802623748779297,7.663580456975124e-10
1990,E2,1186,G2500070,Massachusetts,Dukes County,ok,4573,11639.0,11638.999975442886,-2.4557113647460938e-05,2.109898930102323e-09
1990,E2,1187,G2500090,Massachusetts,Essex County,ok,21409,670080.0,670080.0008766651,0.0008766651153564453,1.3082991812267868e-09
1990,E2,1188,G2500110,Massachusetts,Franklin County,ok,30039,70092.0,70092.00030380487,0.000303804874420166,4.334373030020059e-09
1990,E2,1189,G2500130,Massachusetts,Hampden County,ok,26269,456310.0,456309.9987900257,-0.0012099742889404297,2.6516497314116055e-09
1990,E2,1190,G2500150,Massachusetts,Hampshire County,ok,22611,146568.0,146568.00034177303,0.00034177303314208984,2.3318393724557193e-09
1990,E2,1191,G2500170,Massachusetts,Middlesex County,ok,35111,1398468.0,1398467.9978501797,-0.002149820327758789,1.537268158984538e-09
1990,E2,1192,G2500190,Massachusetts,Nantucket County,ok,2050,6012.0,6011.999999165535,-8.344650268554688e-07,1.387999046665783e-10
1990,E2,1193,G2500210,Massachusetts,Norfolk County,ok,16521,616087.0,616087.0000274181,2.7418136596679688e-05,4.450367658574144e-11
1990,E2,1194,G2500230,Massachusetts,Plymouth County,ok,28682,435276.0,435275.99861478806,-0.0013852119445800781,3.1823761121221436e-09
1990,E2,1195,G2500250,Massachusetts,Suffolk County,ok,2939,663906.0,663906.0007450581,0.0007450580596923828,1.1222342616159258e-09
1990,E2,1196,G2500270,Massachusetts,Worcester County,ok,65429,709705.0,709705.0015032291,0.0015032291412353516,2.1181041999638605e-09
2000,E3,1183,G2500010,Massachusetts,Barnstable County,ok,17302,222230.0,222230.00004005432,4.00543212890625e-05,1.8023813746596994e-10
2000,E3,1184,G2500030,Massachusetts,Berkshire County,ok,39220,134953.0,134953.00053429604,0.0005342960357666016,3.9591267757411956e-09
2000,E3,1185,G2500050,Massachusetts,Bristol County,ok,23745,534678.0,534677.9998531342,-0.0001468658447265625,2.746809195937789e-10
2000,E3,1186,G2500070,Massachusetts,Dukes County,ok,4573,14987.0,14986.999970436096,-2.956390380859375e-05,1.9726365389066358e-09
2000,E3,1187,G2500090,Massachusetts,Essex County,ok,21409,723419.0,723419.0010886192,0.0010886192321777344,1.5048253255412621e-09
2000,E3,1188,G2500110,Massachusetts,Franklin County,ok,30039,71535.0,71534.99977743626,-0.0002225637435913086,3.1112566378878673e-09
2000,E3,1189,G2500130,Massachusetts,Hampden County,ok,26269,456228.0,456228.0002491474,0.0002491474151611328,5.461028590115749e-10
2000,E3,1190,G2500150,Massachusetts,Hampshire County,ok,22611,152251.0,152251.00034880638,0.00034880638122558594,2.2909956665347746e-09
2000,E3,1191,G2500170,Massachusetts,Middlesex County,ok,35111,1465396.0,1465395.9990282059,-0.0009717941284179688,6.631614447002508e-10
2000,E3,1192,G2500190,Massachusetts,Nantucket County,ok,2050,9520.0,9519.99993622303,-6.377696990966797e-05,6.69926154513319e-09
2000,E3,1193,G2500210,Massachusetts,Norfolk County,ok,16947,650308.0,650307.9991855621,-0.0008144378662109375,1.2523878934457788e-09
2000,E3,1194,G2500230,Massachusetts,Plymouth County,ok,28682,472822.0,472821.999792099,-0.0002079010009765625,4.397024693786721e-10
2000,E3,1195,G2500250,Massachusetts,Suffolk County,ok,2513,689807.0,689807.000875473,0.0008754730224609375,1.2691564777697784e-09
2000,E3,1196,G2500270,Massachusetts,Worcester County,ok,65429,750963.0,750963.0000267029,2.6702880859375e-05,3.5558184437016206e-11
2010,E3,1184,G2500010,Massachusetts,Barnstable County,ok,17303,215888.0,215887.99967980385,-0.00032019615173339844,1.483158636577292e-09
2010,E3,1185,G2500030,Massachusetts,Berkshire County,ok,39226,131219.0,131218.99974024296,-0.00025975704193115234,1.9795688271603377e-09
2010,E3,1186,G2500050,Massachusetts,Bristol County,ok,23740,548285.0,548284.999630928,-0.00036907196044921875,6.731388975609742e-10
2010,E3,1187,G2500070,Massachusetts,Dukes County,ok,4573,16535.0,16534.999999165535,-8.344650268554688e-07,5.046658765379309e-11
2010,E3,1188,G2500090,Massachusetts,Essex County,ok,21408,743159.0,743159.0001363754,0.00013637542724609375,1.8350773824456644e-10
2010,E3,1189,G2500110,Massachusetts,Franklin County,ok,30034,71372.0,71372.0000140667,1.4066696166992188e-05,1.9708984149235258e-10
2010,E3,1190,G2500130,Massachusetts,Hampden County,ok,26274,463490.0,463490.00049734116,0.0004973411560058594,1.0730353535262021e-09
2010,E3,1191,G2500150,Massachusetts,Hampshire County,ok,22603,158080.0,158079.9998266697,-0.00017333030700683594,1.0964720837983042e-09
2010,E3,1192,G2500170,Massachusetts,Middlesex County,ok,35098,1503085.0,1503084.9989714622,-0.0010285377502441406,6.84284488398288e-10
2010,E3,1193,G2500190,Massachusetts,Nantucket County,ok,2050,10172.0,10172.00005197525,5.1975250244140625e-05,5.109639229663845e-09
2010,E3,1194,G2500210,Massachusetts,Norfolk County,ok,16956,670850.0,670849.9991588593,-0.0008411407470703125,1.253843254185455e-09
2010,E3,1195,G2500230,Massachusetts,Plymouth County,ok,28682,494919.0,494919.0002281666,0.0002281665802001953,4.6101802557629696e-10
2010,E3,1196,G2500250,Massachusetts,Suffolk County,ok,2514,722023.0,722022.9970684052,-0.0029315948486328125,4.060251333590222e-09
2010,E3,1197,G2500270,Massachusetts,Worcester County,ok,65438,798552.0,798551.9994058609,-0.0005941390991210938,7.440205510988561e-10
2020,E3,1184,G2500010,Massachusetts,Barnstable County,ok,17329,228996.0,228995.99998307228,-1.6927719116210938e-05,7.392146201772492e-11
2020,E3,1185,G2500030,Massachusetts,Berkshire County,ok,39224,129026.0,129025.99980044365,-0.0001995563507080078,1.5466367298684591e-09
2020,E3,1186,G2500050,Massachusetts,Bristol County,ok,23739,579200.0,579200.000020504,2.0503997802734375e-05,3.5400548692566256e-11
2020,E3,1187,G2500070,Massachusetts,Dukes County,ok,4572,20600.0,20600.000029683113,2.968311309814453e-05,1.4409278202982781e-09
2020,E3,1188,G2500090,Massachusetts,Essex County,ok,21408,809829.0,809828.9989948273,-0.0010051727294921875,1.2412160215208241e-09
2020,E3,1189,G2500110,Massachusetts,Franklin County,ok,30029,71029.0,71028.99979412556,-0.00020587444305419922,2.898456166554495e-09
2020,E3,1190,G2500130,Massachusetts,Hampden County,ok,26266,465825.0,465824.99963498116,-0.0003650188446044922,7.83596510716454e-10
2020,E3,1191,G2500150,Massachusetts,Hampshire County,ok,22606,162308.0,162308.00007629395,7.62939453125e-05,4.700565918654656e-10
2020,E3,1192,G2500170,Massachusetts,Middlesex County,ok,35093,1632002.0,1632002.0000977516,9.775161743164062e-05,5.989675100376141e-11
2020,E3,1193,G2500190,Massachusetts,Nantucket County,ok,2012,14255.0,14255.000001192093,1.1920928955078125e-06,8.362629922888898e-11
2020,E3,1194,G2500210,Massachusetts,Norfolk County,ok,16950,725981.0,725981.0004119873,0.0004119873046875,5.674904779704978e-10
2020,E3,1195,G2500230,Massachusetts,Plymouth County,ok,28668,530819.0,530819.0002400875,0.00024008750915527344,4.5229637438613434e-10
2020,E3,1196,G2500250,Massachusetts,Suffolk County,ok,2517,797936.0,797935.9999704361,-2.956390380859375e-05,3.705046997327323e-11
2020,E3,1197,G2500270,Massachusetts,Worcester County,ok,65437,862111.0,862110.9994556904,-0.0005443096160888672,6.313683691414066e-10
