GISJOIN,year,y,y_hat,shap_bui,shap_bldg_size,shap_mu_ratio,shap_dist_built,shap_year,shap_res_share,shap_rent_share
G2500010,1940.0,3.5396474291208877,3.717322315850792,-0.5922280436426398,-0.06356827392111915,-0.029716721906430536,-0.07354646946423064,-0.0034902146663758054,-0.024105550429568558,-0.5759065505198151
G2500030,1940.0,3.9097943545338616,3.9252666586521063,-0.5774504823949632,-0.03357453803212671,-0.007197019538794684,-0.06909219188666246,-0.003959654183537909,0.0038991467309879273,-0.46724274244377145
G2500050,1940.0,5.504800923214813,5.392800496277231,-0.31649524155411846,-0.04226478864743573,-0.04256363195454413,0.038941948815495654,0.017167358707969576,-0.03159981572312683,0.6897305262320185
G2500070,1940.0,2.984145861145444,3.0455352984031596,-0.6579870670219898,-0.03957234817292888,-0.02375782678828829,-0.16962548218919485,-0.009763947842771771,-0.010214987210240915,-1.1234271827724012
G2500090,1940.0,5.916418382645495,5.8167280063406235,0.26410140872683346,-0.059245838404580815,-0.04940494393542574,0.020584462483928635,0.011780815202381893,-0.029266911372583408,0.5782948732390945
G2500110,1940.0,3.271385541402213,3.3029938116606843,-0.6340050025104843,-0.04903537632583447,-0.015652496889389043,-0.06070489672083322,-0.017047874862622988,-0.011746960761394516,-0.9886977206697296
G2500130,1940.0,5.309360391562393,5.112511035266923,-0.42566506996015013,-0.03649188973650399,-0.02069763462621188,-0.036866650734176755,0.013311360286775136,-0.015200035237866246,0.5542368148740795
G2500150,1940.0,3.9375878219348617,4.195185818255568,-0.6158134210617624,-0.058224942996571015,-0.026461893858960066,-0.08711766755892088,-0.020746982201626213,-0.013297878246498878,-0.06303553622106313
G2500170,1940.0,6.092823599075615,5.971002047438378,0.3837856928507917,-0.061052548566264804,-0.05401482287435997,0.05140776349945164,0.008752271950392666,-0.02907005131734716,0.5913096014947363
G2500190,1940.0,3.2799863188980343,3.259826878110597,-0.6380362840931011,-0.04660228058831609,-0.01519665063993047,-0.06123393348846833,-0.015165938158880263,-0.011213054311332559,-1.0326091210103467
G2500210,1940.0,5.752292653227276,5.731078841656612,0.1706852336675088,-0.06355989725170111,-0.05037676565616251,0.05719539080387448,0.010334771371513493,-0.03705573035831253,0.5639716986789184
G2500230,1940.0,4.530316203069791,4.688124924631053,-0.6431761081471784,-0.06562491007704703,-0.023383690594604354,-0.03827895682628926,0.00021894934024622434,-0.017032567086803445,0.3955180676217566
G2500250,1940.0,8.614137852896828,8.337125671538423,1.219121029536778,0.3704304459862299,0.2338833764195653,0.14251874207798806,0.006913172294838957,0.0336150530434307,1.2507597117786229
G2500270,1940.0,4.815051857883042,4.832574213567138,-0.6226161957203467,-0.07204752203565014,-0.021656177657780478,-0.041086986508885606,0.003149003071241115,-0.015013599943070196,0.5219615519606577
G2500010,1950.0,3.7667781945374688,3.8719020479099995,-0.5607747350234485,-0.039024505423585786,-0.022215525787248138,-0.0761527515387473,-0.004918064921631031,-0.021938226621380286,-0.4829582831749292
G2500030,1950.0,3.993631561258274,3.899951232659757,-0.5775289974409716,-0.03250582736400343,-0.006540135101757245,-0.06278914779226434,-0.00029578837294831227,0.00411299030177547,-0.5043860019710479
G2500050,1950.0,5.550190284420918,5.550004715284171,-0.025754968138859642,-0.05932138852106499,-0.05160102839552696,0.05926838425683822,0.01589670120732875,-0.03184603089808796,0.5634789053725674
G2500070,1950.0,2.977775285715854,3.0493500428231743,-0.6520067254636385,-0.035365852372040464,-0.024294038463475137,-0.17030124051103454,-0.007753433084867293,-0.00961662334893834,-1.1311961843338059
G2500090,1950.0,5.9676145561825935,5.905061028312085,0.34055585726370335,-0.06065314759295622,-0.052143826350447724,0.024397433406027985,0.010841309404333713,-0.028756193641188033,0.5909354554216325
G2500110,1950.0,3.3358697165339177,3.3310106317078443,-0.6326289392699018,-0.04494685417348913,-0.014535042248171754,-0.05115141100284116,-0.013300738435351856,-0.011547266880198184,-0.9807632566831744
G2500130,1950.0,5.411907316129152,5.248779781707089,-0.30240049101268524,-0.025590978741916983,-0.01676136313238432,-0.0263824848789455,0.0200971818562845,-0.018695561597680942,0.5386293388134435
G2500150,1950.0,4.12725183829142,4.180121909674001,-0.5845417693498793,-0.05148789997437053,-0.022275043169376903,-0.08117044368495549,-0.021336483936171786,-0.013481215538450582,-0.1254693750737649
G2500170,1950.0,6.1844208650341725,6.106088391449133,0.5466884301532235,-0.06669748872484346,-0.05528584848277338,0.04091255423579867,0.004963500407970966,-0.03608187647870657,0.5917049799374877
G2500190,1950.0,3.3040978718632323,3.305584899605668,-0.6342860615269386,-0.04780771267058977,-0.01421822739737255,-0.05825697084446423,-0.01344709730409612,-0.012347456381685976,-0.993935714670158
G2500210,1950.0,5.914540543706351,5.905128117014332,0.3351103553045271,-0.06297578397290755,-0.0575462046470846,0.05330657622993179,0.009989837318749504,-0.034964629802975065,0.5823238261831141
G2500230,1950.0,4.660399326476593,4.714330172807948,-0.596614755225478,-0.054129630100983865,-0.019619938767557975,-0.03049565363568121,0.0011312577377320398,-0.01802306179880884,0.3521978141977548
G2500250,1950.0,8.652062394905148,8.507153004326348,1.224981997190653,0.3702479370049657,0.23424828442548684,0.14290480906439837,0.007868411650542818,0.17162160731944787,1.2753958172698854
G2500270,1950.0,4.894896623090091,4.888915559658846,-0.5688956391345144,-0.06917470042523552,-0.019369001660466307,-0.03302190180150089,0.0038438592396322115,-0.014607072667364062,0.5102558757073232
G2500010,1960.0,4.173360792183144,4.204676079758362,-0.487577955770749,-0.005150030965988787,-0.018668820494994038,-0.03695846521504658,-0.00907055474225582,-0.015681007675072897,-0.30210122577850074
G2500030,1960.0,4.060315415009083,3.844349339751214,-0.5740549035066993,-0.027490809225526533,-0.005955244112775715,-0.05381739962212451,0.0017118059663310474,0.005496565050677483,-0.5814248151996385
G2500050,1960.0,5.593575969897359,5.597059000489439,0.0597995389575103,-0.060451131692433824,-0.05535731066072664,0.05974354539084054,0.00023133739677680653,-0.037470999351423735,0.5506798800479207
G2500070,1960.0,3.01197858486669,3.064782596983287,-0.6442724032008132,-0.022521635747207315,-0.02413079220265862,-0.1697281240333466,-0.005692932306630874,-0.009931204259638296,-1.1388244516673927
G2500090,1960.0,6.052794984267935,6.090346956252693,0.5597403718241296,-0.06789822478376022,-0.0560264849325811,0.0316402840153652,-0.001264173727359471,-0.03723149982857182,0.5815025432844965
G2500110,1960.0,3.3752202135534963,3.366017523813016,-0.6268849510090282,-0.03541069320150738,-0.011964418652448332,-0.04903505022407679,-0.01009032586999299,-0.011011918637630127,-0.969469258993273
G2500130,1960.0,5.566182609813748,5.396855724486143,0.05581381587376317,-0.04179076059424276,-0.02424334376525445,-0.03155206369656584,0.004119487327747374,-0.019549223916334676,0.37417367285605585
G2500150,1960.0,4.291489157169639,4.238025473458723,-0.567074912863906,-0.04663207630270536,-0.020394336852602467,-0.04248173588197517,-0.017163849344621725,-0.00992111148108667,-0.13819064421535038
G2500170,1960.0,6.335947191137619,6.251119008045029,0.6553933215953215,-0.06324853417061403,-0.053403207037123944,0.05962544026413832,-0.0007927792433313886,-0.03214340242508128,0.6058040286607481
G2500190,1960.0,3.3253964194010317,3.3722590420321024,-0.6273810559886709,-0.04350931803073854,-0.010758099308799928,-0.0220408514039048,-0.010176689859340437,-0.01347055980260024,-0.980288523974814
G2500210,1960.0,6.20282633862238,6.204514640419598,0.6192638968295275,-0.06530785302084503,-0.05328668751984462,0.06395136202058191,-0.0004945631903926044,-0.03314253208985225,0.5936468769894528
G2500230,1960.0,4.91669704400529,4.933868151842408,-0.4055603158229279,-0.017376567761026973,-0.02269905336186244,-0.01304037698656224,-0.007225973101603869,-0.018779184822843086,0.3386654832982576
G2500250,1960.0,8.527149643951997,8.49556150035486,1.2201156700318614,0.36582577717707876,0.22974890410003773,0.14112326335511646,0.004428802855441853,0.18658017695137058,1.267854765482985
G2500270,1960.0,4.960121675190027,5.037240626923267,-0.41772258040893373,-0.039450932005333346,-0.026851874589808623,-0.03495762718387486,-0.007049175929498524,-0.02427967414864444,0.5076683507883837
G2500010,1970.0,4.491946443110146,4.683161892466305,-0.23533471377977222,-0.004494444172688614,-0.02064612889757737,-0.015546208046951957,0.00882514630041235,-0.013722249176758577,-0.11580365016133233
G2500030,1970.0,4.110178764305479,4.003006273645987,-0.5529084857425404,-0.031238875187287674,-0.005661846775446132,-0.06584038981721599,0.015186274046066754,0.004459107818707175,-0.440873651097268
G2500050,1970.0,5.702400845714774,5.717492530133361,0.19654263328350113,-0.06759753902747467,-0.05804491225107131,0.05957251458029929,-0.0015813828452252504,-0.036895837786659266,0.5456129137790189
G2500070,1970.0,3.060204906063705,3.1257580366075643,-0.6151890009115938,-0.013762295048665076,-0.025578055334927862,-0.175914774838891,0.007007304745376223,-0.012611163160960868,-1.1180781192437492
G2500090,1970.0,6.1673727582312186,6.170161858487298,0.6215999040165477,-0.06442347157904073,-0.054767792133450316,0.030734715647405347,0.0005551531078850532,-0.03327748555190329,0.5898566945788811
G2500110,1970.0,3.451453264376617,3.440361530780212,-0.6168293526113944,-0.02594109254614564,-0.010133566672369046,-0.043710139060200735,0.010764769831983222,-0.009898357056635181,-0.9437748715059978
G2500130,1970.0,5.633062322002981,5.55345290603067,0.18755539127461507,-0.04539385213893641,-0.025688248599394312,-0.025018301470755684,0.0009709516930476087,-0.01804666419130342,0.3991894890624218
G2500150,1970.0,4.474667663903834,4.410207849837601,-0.5322446241741715,-0.039470945572967306,-0.01380901665228855,-0.025556911679233563,0.01704552060823576,-0.011175820579465437,-0.06446449251348178
G2500170,1970.0,6.4563697441518775,6.414963204829556,0.7120890284170096,-0.056765071426173444,-0.046061735375716395,0.12612900933057425,0.0008212571383979022,-0.027550930695129365,0.6264175070396175
G2500190,1970.0,3.384052259819334,3.4521011265169492,-0.6163613012524012,-0.027256746393490724,-0.009432566909309317,-0.013576621009608153,0.01076309953520559,-0.011603251739385447,-0.9603156261150324
G2500210,1970.0,6.373226530058533,6.3743748187383105,0.6992585332996171,-0.05847287949625542,-0.046671340027654454,0.11883615538644579,0.0008143452986631534,-0.028095173773455974,0.6088210376499762
G2500230,1970.0,5.210544439551742,5.159481627966619,-0.21733819916974548,-0.026983446711153814,-0.025099856590230542,0.04855067660017712,-0.005136953424455741,-0.028952103995337247,0.33455737085638876
G2500250,1970.0,8.453564802663308,8.430982495221157,1.2052680848416315,0.3494642481167649,0.21950877345693928,0.13846605218356825,0.00218095819276445,0.18613634342677596,1.250073894601741
G2500270,1970.0,5.049833177496728,5.111441124838195,-0.3202515322152129,-0.029034559703871077,-0.02614005702254244,-0.037166919124723426,-0.009660817451383814,-0.02621052289876678,0.4800213928537189
G2500010,1980.0,4.917493548276519,5.0274048257496,0.19749684275062057,-0.02223675703874616,-0.030585614717563797,0.009266340792515313,0.009981227630396241,-0.02440269527009692,-0.19199865879850112
G2500030,1980.0,4.081030180318511,3.964960271225026,-0.5424160972348492,-0.042489770619086396,-0.009538793094277923,-0.060668318150932314,0.003796807347423756,-0.0023297330132410034,-0.4612779644109823
G2500050,1980.0,5.7684573138520605,5.808519900045775,0.27370492234248156,-0.06732786114011773,-0.05921803248014108,0.05868467353146446,-0.00533182596294908,-0.03410998863206225,0.5622338719861236
G2500070,1980.0,3.439892403615066,3.5545408526337274,-0.46079144250070486,-0.005061364255013896,-0.020147445225106884,-0.04948840012967407,0.023225579201412907,-0.006936732515184581,-1.0061434823429771
G2500090,1980.0,6.160679950836162,6.212847643979129,0.649835561522629,-0.06038418801139229,-0.05247150629727119,0.03678220155332441,-0.00037494301225992705,-0.03316886098816641,0.5927452388112927
G2500110,1980.0,3.534186799824836,3.7413436735957846,-0.5972872044492135,-0.037868064703957226,-0.011646558159718585,-0.06269546465891748,0.006923936324737206,-0.011679936306481028,-0.624287174851635
G2500130,1980.0,5.597513586687125,5.573473916022367,0.23297346138101024,-0.05192569939534666,-0.027052960155283367,-0.017090739759568374,-0.005137365779730247,-0.016967820999245754,0.3787909003295547
G2500150,1980.0,4.587667039474771,4.523690937843766,-0.505525732603061,-0.013980535462293296,-0.015101685524774842,-0.025555433896590946,0.02565994332012712,-0.010868446629928427,-0.01082131176068426
G2500170,1980.0,6.434494272034473,6.438281149172618,0.7172290558556379,-0.05505427713871298,-0.044660159357254786,0.13692452799735338,-6.797953083456637e-05,-0.023628121948345536,0.6276539628937984
G2500190,1980.0,3.682605078713604,3.840892262369903,-0.5569097733334989,-0.057987154778222166,-0.027877917694451953,-0.03140237642252294,0.001633910635481474,-0.027910887777918645,-0.5385376786599347
G2500210,1980.0,6.375761942158226,6.399103845994075,0.7091667296463369,-0.056802003728310506,-0.045512682543919256,0.13072607708242823,-6.456011224386938e-05,-0.02501739235770275,0.6067235376065127
G2500230,1980.0,5.406424948656591,5.330903277211223,0.08200058102764025,-0.04111046758245928,-0.041355636928278386,0.08724215425412582,-0.00818426051867411,-0.032295488580559154,0.20472225513845074
G2500250,1980.0,8.330626634024256,8.365971777848312,1.19670360554344,0.33916610571944406,0.2119187760553042,0.1361781648058469,-0.00689883282999062,0.1825204588146274,1.2264993593386602
G2500270,1980.0,5.062887731698055,5.161675519194455,-0.2585815966731721,-0.02986809404525505,-0.02566095009767765,-0.0335611409684882,-0.012244841497429798,-0.023521677257998596,0.4652296793334986
G2500010,1990.0,5.149782243052047,5.164949177601708,0.3775036507567102,-0.024120592577414102,-0.034270004397097535,0.059295648810595986,0.009899288204421023,-0.02590782398580666,-0.2773351296106764
G2500030,1990.0,4.040541210990669,3.9138733619897192,-0.5462159371333466,-0.04118535235950121,-0.025952662044923316,-0.04379211235821747,-0.001016555632438446,-0.015676792999645365,-0.4921713658831793
G2500050,1990.0,5.83307734064,6.002557293075678,0.4448666095663862,-0.06738015800711249,-0.05243047917041904,0.06367688904723985,-0.004157757856108231,-0.035442407884787835,0.5735404569795056
G2500070,1990.0,3.7034946537631166,3.7816016218966126,-0.2119357867625122,-0.02039303511648772,-0.019328551330437177,-0.05126217012178576,0.020786193384275408,-0.013956902611252821,-1.0021922659461635
G2500090,1990.0,6.216608714802896,6.290121774900782,0.6801934790285443,-0.057158953351733405,-0.046861668730203504,0.06005694694424793,-0.000663072240578406,-0.028497815912032952,0.6031687187615636
G2500110,1990.0,3.6201714826791047,3.7422160411702676,-0.5844450634589283,-0.06084129863114869,-0.023432233852697798,-0.06763225789994985,-0.0017160175492179444,-0.022332778651894154,-0.577268449186864
G2500130,1990.0,5.627075588513021,5.596710741754923,0.29270973451013177,-0.05521212998060587,-0.03693969503592903,-0.012707819943162174,-0.009711746827501748,-0.020538348787290838,0.3592266074182993
G2500150,1990.0,4.642028820434465,4.620190358283477,-0.4472885018964099,0.006909141059162849,-0.01366441983448334,-0.01930037852923085,0.023047057244631446,-0.011410962024329533,0.0020142818631625637
G2500170,1990.0,6.457228194358688,6.563095350390355,0.7303805803661244,-0.054753627002199816,-0.0448671746983282,0.13514346539662864,-0.0010025549117370538,0.07318290559855282,0.6451276152403406
G2500190,1990.0,3.849674284763704,3.922470748117413,-0.4638254217507241,-0.038312371264461326,-0.0236142620206598,-0.01654674287773538,-0.0007174091532732478,-0.02642901741548451,-0.5879681678012197
G2500210,1990.0,6.391307730916979,6.47704604755363,0.7225845010456682,-0.054509912940998016,-0.04649383230594496,0.13043914612757573,-0.0006441081488875219,0.03512043813670513,0.6106656752385363
G2500230,1990.0,5.492159494297061,5.403061469409328,0.1982974540124422,-0.04985811362412594,-0.0417641263698907,0.08278673296568662,-0.005954587627024631,-0.03144100716476726,0.17111097681603224
G2500250,1990.0,8.194860697436694,8.368972043935608,1.1968504402054818,0.3396651978454752,0.21254739828777233,0.13764826314440196,-0.007636344162585653,0.18249864948508857,1.2275142987289942
G2500270,1990.0,5.156391419657818,5.298725976639677,0.014684447910982994,-0.049292952530796165,-0.03904100745404341,-0.022375588620082366,-0.015284673030287972,-0.032158756305264546,0.36231036626819213
