year,class,n,pop_std,pop_nominal,n_share,pop_std_share,pop_nominal_share
1900,stable,9,1828376.0,1828376.0,0.6428571428571429,0.6517470572257397,0.6517470572257397
1900,boundary_change,5,976970.0,976970.0,0.35714285714285715,0.3482529427742603,0.3482529427742603
1900,missing,0,0.0,0.0,0.0,0.0,0.0
1900,no_2010_polygon,0,0.0,0.0,0.0,0.0,0.0
1900,nominal_only,0,0.0,0.0,0.0,0.0,0.0
1910,stable,9,2196258.0,2196258.0,0.6428571428571429,0.6524024363002077,0.6524024363002077
1910,boundary_change,5,1170158.0,1170158.0,0.35714285714285715,0.3475975636997923,0.3475975636997923
1910,missing,0,0.0,0.0,0.0,0.0,0.0
1910,no_2010_polygon,0,0.0,0.0,0.0,0.0,0.0
1910,nominal_only,0,0.0,0.0,0.0,0.0,0.0
1920,stable,10,3357347.0,3357347.0,0.7142857142857143,0.8715048661131006,0.8715048661131006
1920,boundary_change,4,495009.0,495009.0,0.2857142857142857,0.12849513388689934,0.12849513388689934
1920,missing,0,0.0,0.0,0.0,0.0,0.0
1920,no_2010_polygon,0,0.0,0.0,0.0,0.0,0.0
1920,nominal_only,0,0.0,0.0,0.0,0.0,0.0
1930,stable,10,3665464.0,3665464.0,0.7142857142857143,0.8625404566155891,0.8625404566155891
1930,boundary_change,4,584150.0,584150.0,0.2857142857142857,0.1374595433844109,0.1374595433844109
1930,missing,0,0.0,0.0,0.0,0.0,0.0
1930,no_2010_polygon,0,0.0,0.0,0.0,0.0,0.0
1930,nominal_only,0,0.0,0.0,0.0,0.0,0.0
1940,stable,12,3822717.0,3822717.0,0.8571428571428571,0.8855603593560946,0.8855603593560946
1940,boundary_change,2,494004.0,494004.0,0.14285714285714285,0.11443964064390541,0.11443964064390541
1940,missing,0,0.0,0.0,0.0,0.0,0.0
1940,no_2010_polygon,0,0.0,0.0,0.0,0.0,0.0
1940,nominal_only,0,0.0,0.0,0.0,0.0,0.0
1950,stable,14,4690514.0,4690514.0,1.0,1.0,1.0
1950,boundary_change,0,0.0,0.0,0.0,0.0,0.0
1950,missing,0,0.0,0.0,0.0,0.0,0.0
1950,no_2010_polygon,0,0.0,0.0,0.0,0.0,0.0
1950,nominal_only,0,0.0,0.0,0.0,0.0,0.0
1960,stable,12,4389873.0,4389873.0,0.8571428571428571,0.8526379516829695,0.8526379516829695
1960,boundary_change,2,758705.0,758705.0,0.14285714285714285,0.14736204831703045,0.14736204831703045
1960,missing,0,0.0,0.0,0.0,0.0,0.0
1960,no_2010_polygon,0,0.0,0.0,0.0,0.0,0.0
1960,nominal_only,0,0.0,0.0,0.0,0.0,0.0
1970,stable,12,4750805.0,4750805.0,0.8571428571428571,0.8350611776410267,0.8350611776410267
1970,boundary_change,2,938365.0,938365.0,0.14285714285714285,0.16493882235897328,0.16493882235897328
1970,missing,0,0.0,0.0,0.0,0.0,0.0
1970,no_2010_polygon,0,0.0,0.0,0.0,0.0,0.0
1970,nominal_only,0,0.0,0.0,0.0,0.0,0.0
1980,stable,12,4725013.0,4725013.0,0.8571428571428571,0.8235981395971474,0.8235981395971474
1980,boundary_change,2,1012024.0,1012024.0,0.14285714285714285,0.17640186040285255,0.17640186040285255
1980,missing,0,0.0,0.0,0.0,0.0,0.0
1980,no_2010_polygon,0,0.0,0.0,0.0,0.0,0.0
1980,nominal_only,0,0.0,0.0,0.0,0.0,0.0
1990,stable,12,4736432.0,4736432.0,0.8571428571428571,0.7872502358127959,0.7872502358127959
1990,boundary_change,2,1279993.0,1279993.0,0.14285714285714285,0.2127497641872042,0.2127497641872042
1990,missing,0,0.0,0.0,0.0,0.0,0.0
1990,no_2010_polygon,0,0.0,0.0,0.0,0.0,0.0
1990,nominal_only,0,0.0,0.0,0.0,0.0,0.0
2000,stable,14,6349097.0,6349097.0,1.0,1.0,1.0
2000,boundary_change,0,0.0,0.0,0.0,0.0,0.0
2000,missing,0,0.0,0.0,0.0,0.0,0.0
2000,no_2010_polygon,0,0.0,0.0,0.0,0.0,0.0
2000,nominal_only,0,0.0,0.0,0.0,0.0,0.0
2010,stable,14,6547629.0,6547629.0,1.0,1.0,1.0
2010,boundary_change,0,0.0,0.0,0.0,0.0,0.0
2010,missing,0,0.0,0.0,0.0,0.0,0.0
2010,no_2010_polygon,0,0.0,0.0,0.0,0.0,0.0
2010,nominal_only,0,0.0,0.0,0.0,0.0,0.0
