year,bui,bldg_size,mu_ratio,dist_built,year
1810.0,0.44839591336651036,0.40978531773641136,0.24117163875167064,0.3574122041084539,0.17172769863157902
1820.0,0.3100153235375477,0.2769241352871872,0.08144131227118553,0.19123502705935436,0.10624887491843756
1830.0,0.2392121762818284,0.25303757946095956,0.0688806367975338,0.17133311871344678,0.10895284481016188
1840.0,0.18574666579237992,0.2571149157119347,0.06813535092463087,0.1677119563075395,0.09459998248438647
1850.0,0.12442292232151372,0.23444698790922383,0.09708697149765895,0.21686548425346544,0.07240725075756403
1860.0,0.13118017308992816,0.2534966312529626,0.1257661562314646,0.25770197505009534,0.06659496463342192
1870.0,0.10258753173076858,0.2314260478473735,0.13041745180803277,0.2731713775158923,0.05763540780631463
1880.0,0.11443496598499488,0.261032716589838,0.12350288931860696,0.2816136293080806,0.06979520163744367
1890.0,0.15133761713237925,0.29955632556155826,0.13036124948558922,0.31038989508385956,0.07229384224693476
1900.0,0.247363842061241,0.2966226796077368,0.16405086200230024,0.3442240674600667,0.08823370137395391
1910.0,0.3287943684598474,0.2977363658051219,0.1719524839412431,0.34312887663094077,0.09778318139069153
1920.0,0.333173746941086,0.335327989847886,0.21460518286957114,0.3429730915813556,0.1044160179714436
1930.0,0.342781348358462,0.36823060861221746,0.23185443057380475,0.3797515504627592,0.11019445849559553
