year,zone_id,GISJOIN,state,name,status,n_cells,n_masked,area_km2_polygon,bui,bldg_size,mu_ratio,dist_built,pop,area_km2,y
1810.0,144,G2500010,Massachusetts,Barnstable,ok,17302,147,1082.433600828053,29.948761294083358,18.97261634120276,0.00818031672010104,2.561342139728344,22211.0,1072.1875,3.03088670758574
1810.0,145,G2500030,Massachusetts,Berkshire,ok,39944,47,2496.006522920691,9.137554202070332,5.297057005121521,0.0024082846663491825,4.1235154395369715,35907.0,2493.5625,2.6672198516999885
1810.0,146,G2500050,Massachusetts,Bristol,ok,24009,93,1500.0637596944632,22.590399732396722,15.534813513965547,0.005248926799353292,2.4753365090266155,37168.0,1494.75,3.2134892072491765
1810.0,147,G2500055,Massachusetts,Cumberland,ok,47300,476,2955.370394752086,16.44225183666496,11.746918602995612,0.003757688364941056,3.4074578876749912,42831.0,2926.5,2.6834549697260544
1810.0,148,G2500070,Massachusetts,Dukes,ok,4573,88,286.7532681569435,6.251950947603121,5.139241917502787,0.002898550724637681,6.3039561240498765,3290.0,280.3125,2.4627377915063025
1810.0,149,G2500090,Massachusetts,Essex,ok,21389,55,1336.2505502893696,87.72986781663073,45.1276394264465,0.015119505194034117,1.7850683067431505,71888.0,1333.375,3.987396030364294
1810.0,150,G2500150,Massachusetts,Hampshire,ok,78809,30,4925.767933631476,17.4171797052514,11.161104270596647,0.00385720390797886,3.2382574813319653,76275.0,4923.6875,2.7402874889573687
1810.0,151,G2500153,Massachusetts,Hancock,ok,517689,5366,32355.28473410474,0.19333116022509236,0.17233952018550797,8.75098977272801e-05,96.39385510317656,30031.0,32020.1875,-0.0641363817924969
1810.0,152,G2500155,Massachusetts,Kennebec,ok,56829,1041,3551.922825712915,6.234423173442317,4.746824287182429,0.0017671064267106428,6.965225367715412,32564.0,3486.75,2.2342373134550644
1810.0,153,G2500157,Massachusetts,Lincoln,ok,50929,179,3181.536360677679,8.983940886699507,7.082686371100164,0.0029753694581280787,4.903228981025169,42992.0,3171.875,2.6066911561910198
1810.0,154,G2500170,Massachusetts,Middlesex,ok,35480,56,2217.5991195959327,41.27724141824751,25.533298987503766,0.008005401234567902,1.9604775116312998,52789.0,2214.0,3.171502001388034
1810.0,155,G2500190,Massachusetts,Nantucket,ok,2050,14,127.97545223444074,71.35756385068763,35.753912901113296,0.008840864440078585,2.737472851697377,6807.0,127.25,3.979553118017319
1810.0,156,G2500210,Massachusetts,Norfolk,ok,17645,37,1102.88423586389,44.17611313039527,26.18516204755414,0.010241556868090262,1.7471773281901979,31245.0,1100.5,3.3460947413966657
1810.0,157,G2500215,Massachusetts,Oxford,ok,178044,771,11127.000789214057,0.20964275439576247,0.16867768921381146,0.00012128186469456714,37.482930141738294,17630.0,11079.5625,0.4644998014297831
1810.0,158,G2500230,Massachusetts,Plymouth,ok,29108,301,1819.4614470414003,44.35769083903218,26.37187836289791,0.009106582890732576,2.08743512678051,35169.0,1800.4375,2.9721353218333424
1810.0,159,G2500235,Massachusetts,Somerset,ok,287462,1747,17966.625706165098,0.022882942792643017,0.022882942792643017,1.39999650000875e-05,88.1750996769754,12910.0,17857.1875,-0.3244038833853118
1810.0,160,G2500250,Massachusetts,Suffolk,ok,1021,4,63.35551643305204,271.2841691248771,185.79318256309406,0.017862995739101935,2.0624181395584875,34381.0,63.5625,6.293235691383353
1810.0,161,G2500255,Massachusetts,Washington,ok,165387,1481,10336.304424714774,0.06817322123656241,0.051846790233426476,6.406110819616121e-05,64.96355653559493,7870.0,10244.125,-0.2636463080982603
1810.0,162,G2500270,Massachusetts,Worcester,ok,64834,123,4051.735703103808,18.546707669484324,12.120065625112678,0.00460457521389975,2.6227537463985215,64910.0,4044.4375,2.7756592147733428
1810.0,163,G2500275,Massachusetts,York,ok,42185,54,2636.7189350838944,11.929671738150056,8.4054376847936,0.002418460441545301,5.3693383863669855,41877.0,2633.1875,2.766541660674215
1820.0,279,G2500010,Massachusetts,Barnstable,ok,17302,147,1082.433600828053,112.2669775575634,62.696618506335795,0.029958224035752445,1.676608458618081,24026.0,1072.1875,3.109435623228552
1820.0,280,G2500030,Massachusetts,Berkshire,ok,39944,47,2496.006526590845,37.70940170940171,23.143243420259555,0.00903381266284492,2.353298925267086,35720.0,2493.5625,2.6619983451489437
1820.0,281,G2500050,Massachusetts,Bristol,ok,24009,93,1500.0637596944632,78.50543569158722,46.320475483637175,0.016274221680644158,1.5534038237823307,40908.0,1494.75,3.3093666741648895
1820.0,282,G2500070,Massachusetts,Dukes,ok,4573,88,286.7532681569435,42.870903010033445,24.87196209587514,0.01092530657748049,4.055109786875499,3292.0,280.3125,2.4633455095438452
1820.0,283,G2500090,Massachusetts,Essex,ok,21389,55,1336.2505502893696,221.76914783913003,107.77126168676276,0.03592454869172785,1.2840744791694907,74655.0,1333.375,4.025164179015118
1820.0,284,G2500110,Massachusetts,Franklin,ok,28692,9,1793.1384664548389,57.65582400725168,35.26126339464903,0.012791034982751328,1.8106603551998537,29268.0,1792.6875,2.792778878490146
1820.0,285,G2500130,Massachusetts,Hampden,ok,26138,16,1634.1798413722763,43.95559298675446,27.872449737818012,0.009962866549268815,1.9512705884590653,28021.0,1632.625,2.8427650801502016
1820.0,286,G2500150,Massachusetts,Hampshire,ok,23969,5,1497.7850654517556,61.614379903188116,35.0263249040227,0.012977800033383413,2.1617868792220163,26487.0,1497.75,2.8726900646056577
1820.0,287,G2500170,Massachusetts,Middlesex,ok,35480,56,2217.5991195959327,139.24429765130984,79.89089129780183,0.025694679689852472,1.199960634293794,61472.0,2214.0,3.323780952299701
1820.0,288,G2500190,Massachusetts,Nantucket,ok,2050,14,127.97545223444074,238.06925343811395,60.05631125995812,0.017595746046138974,2.54975101451629,7266.0,127.25,4.044807557350515
1820.0,289,G2500210,Massachusetts,Norfolk,ok,17645,37,1102.88423586389,162.56616310767834,89.24002523203737,0.03521814128498592,1.005031234018846,36471.0,1100.5,3.5007528022573875
1820.0,290,G2500230,Massachusetts,Plymouth,ok,29108,301,1819.4614470414003,130.20255493456452,72.68244358596704,0.02642917478721278,1.4831125030909333,38136.0,1800.4375,3.053129026978066
1820.0,291,G2500250,Massachusetts,Suffolk,ok,1021,4,63.35551643305204,476.28613569321533,265.1366764995084,0.045586746914180534,1.3134200181238833,43940.0,63.5625,6.538556672129823
1820.0,292,G2500270,Massachusetts,Worcester,ok,64844,123,4052.4002634563903,78.21039538944083,42.41429369726908,0.014576706905317411,1.680473632810322,73625.0,4045.0625,2.901487640406375
1830.0,426,G2500010,Massachusetts,Barnstable,ok,17302,147,1082.433600828053,217.60069950451762,112.41320563172323,0.05079141265721825,1.4764473796365116,28514.0,1072.1875,3.2806942406611372
1830.0,427,G2500030,Massachusetts,Berkshire,ok,39534,47,2470.308633744914,78.70610580697445,44.68078799592873,0.018869878211876853,1.7676104871314136,37835.0,2467.9375,2.7298518185731138
1830.0,428,G2500050,Massachusetts,Bristol,ok,24009,92,1500.0637596944632,169.32662959401262,87.18277802844118,0.03337097112863306,1.085993845529358,49592.0,1494.8125,3.5018287494826716
1830.0,429,G2500070,Massachusetts,Dukes,ok,4573,88,286.7532681569435,96.14515050167225,40.03558740776132,0.023105590062111804,2.8408379667323937,3517.0,280.3125,2.5294585802208673
1830.0,430,G2500090,Massachusetts,Essex,ok,21389,55,1336.2505502893696,440.7306646667292,206.7852170448827,0.06938383437847148,0.9768578950978132,82859.0,1333.375,4.12942704606356
1830.0,431,G2500110,Massachusetts,Franklin,ok,28735,9,1795.95458957915,108.31302652649168,64.16751606076086,0.02435494593905094,1.3837515791516959,29501.0,1795.375,2.7992102473064744
1830.0,432,G2500130,Massachusetts,Hampden,ok,26138,16,1634.1798413722763,99.56259091953143,58.62362985358737,0.021897281741474376,1.5492639021783803,31639.0,1632.625,2.9642013879218596
1830.0,433,G2500150,Massachusetts,Hampshire,ok,24325,5,1519.9757569059486,129.9482730263158,68.10278664671858,0.02544972902189185,1.6669621114173496,30254.0,1520.0,2.9909180722818225
1830.0,434,G2500170,Massachusetts,Middlesex,ok,35325,56,2207.9744110735755,320.6814766508832,162.95416575329742,0.05139961803674978,0.9418391917447522,77961.0,2204.3125,3.5657930327493594
1830.0,435,G2500190,Massachusetts,Nantucket,ok,2050,14,127.97545223444074,403.23280943025543,60.68552875473634,0.020767588011481812,2.064249198831125,7202.0,127.25,4.0359603887781885
1830.0,436,G2500210,Massachusetts,Norfolk,ok,17800,37,1112.508944386249,318.7379384113044,174.25939500052814,0.062409733516810055,0.8075830972522269,41972.0,1110.1875,3.632473809317697
1830.0,437,G2500230,Massachusetts,Plymouth,ok,29108,301,1819.4614470414003,244.07970285000172,122.39635178081039,0.047143658731120086,1.2237821418901942,43044.0,1800.4375,3.1741931574136872
1830.0,438,G2500250,Massachusetts,Suffolk,ok,1021,4,63.35551643305204,1286.094395280236,397.0869350904749,0.09035338637108548,0.9158692807098487,62163.0,63.5625,6.885491572616414
1830.0,439,G2500270,Massachusetts,Worcester,ok,64855,123,4053.0913417395927,169.56829697831057,87.40945197488251,0.031383744356462615,1.2583034495151129,84355.0,4045.75,3.0373671366430806
1840.0,572,G2500010,Massachusetts,Barnstable,ok,17302,147,1082.433600828053,326.7798309530749,149.09562671063838,0.06718243008974575,1.3464038769012803,32548.0,1072.1875,3.413014968763779
1840.0,573,G2500030,Massachusetts,Berkshire,ok,39220,46,2450.9161542891648,118.63335375504161,63.28501296312501,0.02618965528580327,1.5894664741350895,41745.0,2448.375,2.8361551444531936
1840.0,574,G2500050,Massachusetts,Bristol,ok,24009,92,1500.0637596944632,245.9655475185015,110.51814108938333,0.044368317068924815,0.9476401307298049,60164.0,1494.8125,3.6950733858760203
1840.0,575,G2500070,Massachusetts,Dukes,ok,4573,88,286.7532681569435,269.5924191750279,85.00066922208227,0.043890063237889326,2.4138918713823463,3958.0,280.3125,2.647589073909396
1840.0,576,G2500090,Massachusetts,Essex,ok,21389,55,1336.2505502893696,661.2204462360551,276.01666209385576,0.0940916657235338,0.8601845539897734,94987.0,1333.375,4.266026718168033
1840.0,577,G2500110,Massachusetts,Franklin,ok,28900,10,1805.927336932853,154.0325372101073,82.86410045734813,0.033015699830341624,1.2621764117681806,28812.0,1805.625,2.769885174788754
1840.0,578,G2500130,Massachusetts,Hampden,ok,26152,16,1634.9382298463702,155.6168503213958,82.8996353965305,0.030031653166409836,1.3665789836557427,37366.0,1633.5,3.130036247978658
1840.0,579,G2500150,Massachusetts,Hampshire,ok,24325,5,1519.9757569059482,192.61282894736843,93.48199707661674,0.03587502729361284,1.4946713177966953,30897.0,1520.0,3.0119487569535894
1840.0,580,G2500170,Massachusetts,Middlesex,ok,35220,56,2201.3255802359245,502.8096348538278,241.92972710087997,0.07625268819086595,0.8216046836286692,106611.0,2197.75,3.881752586152357
1840.0,581,G2500190,Massachusetts,Nantucket,ok,2050,14,127.97545223444074,698.8452848722986,81.5290103601537,0.030956838695160013,1.7456551499362536,9012.0,127.25,4.260158646121503
1840.0,582,G2500210,Massachusetts,Norfolk,ok,17878,37,1117.3931477497104,470.3583879827364,245.2082730485329,0.086828576871876,0.7091522271988372,53140.0,1115.0625,3.864019483178882
1840.0,583,G2500230,Massachusetts,Plymouth,ok,29108,301,1819.4614470414003,371.5210539105079,169.347025660031,0.06586133418224877,1.1081575961834123,47373.0,1800.4375,3.2700227552281573
1840.0,584,G2500250,Massachusetts,Suffolk,ok,1021,4,63.35551643305204,2176.4552605703047,795.421644950701,0.14859154620997408,0.8031409697095279,95773.0,63.5625,7.317712413265865
1840.0,585,G2500270,Massachusetts,Worcester,ok,65017,123,4063.517312841734,255.3499861312294,117.03419849550458,0.04208164555230539,1.1206322036727143,95313.0,4055.875,3.1569997654160633
1850.0,689,G2500010,Massachusetts,Barnstable,ok,17302,147,1082.433600828053,637.0842320023316,209.35461489397449,0.098208751267456,1.210798483394907,35276.0,1072.1875,3.4935018919553023
1850.0,690,G2500030,Massachusetts,Berkshire,ok,39220,46,2450.9161542891648,232.59286771838464,110.29392810088099,0.04417261464646204,1.2988343276706267,49591.0,2448.375,3.0083848264608726
1850.0,691,G2500050,Massachusetts,Bristol,ok,24009,92,1500.0637596944632,507.02128193335284,198.81221517441205,0.08399600948422942,0.6928793698067804,76192.0,1494.8125,3.931255689387506
1850.0,692,G2500070,Massachusetts,Dukes,ok,4573,88,286.7532681569435,456.9304347826087,147.93088184188866,0.07439956069899017,2.0753433413214037,4540.0,280.3125,2.7847772387822785
1850.0,693,G2500090,Massachusetts,Essex,ok,21447,55,1339.8783230848708,1608.8919222139118,463.46288813087494,0.1595558634150796,0.6850446185692667,131300.0,1337.0,4.587056483188944
1850.0,694,G2500110,Massachusetts,Franklin,ok,28900,10,1805.927336932853,284.5624783662167,138.36788818446658,0.05233167941631074,1.0429708980752312,30870.0,1805.625,2.8388780462757053
1850.0,695,G2500130,Massachusetts,Hampden,ok,26152,16,1634.9382298463702,267.7007193143557,131.67326538644116,0.047032578876587156,1.1038778341378022,51283.0,1633.5,3.4466343611823254
1850.0,696,G2500150,Massachusetts,Hampshire,ok,24325,5,1519.9757569059482,341.12183388157894,142.04211989478023,0.05545015078284717,1.257557193773253,35732.0,1520.0,3.1573363109814077
1850.0,697,G2500170,Massachusetts,Middlesex,ok,35220,56,2201.325580235939,936.5875042657264,404.9844287298815,0.12612955363314599,0.666780134275592,161383.0,2197.75,4.29634631216257
1850.0,698,G2500190,Massachusetts,Nantucket,ok,2050,14,127.97545223444074,1264.7524557956779,134.53718666902944,0.04435231681968828,1.3809524854815327,8452.0,127.25,4.1960047233053155
1850.0,699,G2500210,Massachusetts,Norfolk,ok,17878,37,1117.3931477497104,885.5768174429685,401.710778728733,0.1387349318042168,0.6067659014282247,78892.0,1115.0625,4.259169371388472
1850.0,700,G2500230,Massachusetts,Plymouth,ok,29108,301,1819.4614470414003,635.8682611865172,249.43668007168955,0.10007130675457473,0.9370332440346774,55697.0,1800.4375,3.431896594594187
1850.0,701,G2500250,Massachusetts,Suffolk,ok,963,4,59.72774363755065,4668.248175182482,1433.7723412663718,0.5023580670665366,0.6846266855297574,144517.0,59.9375,7.787850074029918
1850.0,702,G2500270,Massachusetts,Worcester,ok,65017,123,4063.517312841734,471.6405831047554,198.04888784140877,0.06768166542461547,0.9271363426946508,130789.0,4055.875,3.4734188903538006
1860.0,866,G2500010,Massachusetts,Barnstable,ok,17302,147,1082.433600828053,768.150335179248,244.7326966660107,0.11263984386569446,1.1001191598939526,35990.0,1072.1875,3.5135401680203073
1860.0,867,G2500030,Massachusetts,Berkshire,ok,39220,46,2450.9161542891648,292.2230050543728,127.20844862994367,0.05275173794990414,1.2105692302773376,55120.0,2448.375,3.114088087512633
1860.0,868,G2500050,Massachusetts,Bristol,ok,24009,92,1500.063760567681,635.7943303926078,246.425691349611,0.09925164066836709,0.6437017341945735,93794.0,1494.8125,4.139100107164467
1860.0,869,G2500070,Massachusetts,Dukes,ok,4573,88,286.7532681569435,566.7284280936454,172.53030360879904,0.08757660595189201,1.973724013763657,4403.0,280.3125,2.7541363535026386
1860.0,870,G2500090,Massachusetts,Essex,ok,21409,55,1337.4815341359497,2087.697995691674,556.2976366178203,0.1862072162855432,0.6206628722800576,165611.0,1334.625,4.820991311349553
1860.0,871,G2500110,Massachusetts,Franklin,ok,28900,10,1805.927336932853,326.25012114918655,148.12534150856737,0.05787610060447697,1.0021422372330226,31434.0,1805.625,2.856983317415775
1860.0,872,G2500130,Massachusetts,Hampden,ok,26018,16,1626.5350947867685,352.69629259287746,164.0186743523058,0.05775919004036074,1.0173562301716055,57366.0,1625.125,3.5638670574311684
1860.0,873,G2500150,Massachusetts,Hampshire,ok,24459,5,1528.37889196555,430.2171423897931,168.2140462011507,0.06729888690314925,1.17018497593184,37823.0,1528.375,3.2087123037116485
1860.0,874,G2500170,Massachusetts,Middlesex,ok,35211,56,2200.8163578034346,1424.5316455696202,562.4361435398795,0.16265579499374025,0.6128334164591204,216354.0,2197.1875,4.589737821648843
1860.0,875,G2500190,Massachusetts,Nantucket,ok,2050,14,127.97545223444074,1320.8035363457761,137.2615649154773,0.04692746161027643,1.3490794310868552,6094.0,127.25,3.868906304115022
1860.0,876,G2500210,Massachusetts,Norfolk,ok,17878,37,1117.3931476965406,1235.1853595650468,479.74488499783223,0.16944181964958552,0.5518855659391428,109950.0,1115.0625,4.591115259847985
1860.0,877,G2500230,Massachusetts,Plymouth,ok,29108,301,1819.4614470414003,774.7088554865137,287.644843691637,0.11583729140924316,0.8866221440019876,64768.0,1800.4375,3.582781963300487
1860.0,878,G2500250,Massachusetts,Suffolk,ok,963,4,59.72774363755065,7949.418143899896,1963.2809132156283,0.6877057871091827,0.6432040310257745,192700.0,59.9375,8.0755875017588
1860.0,879,G2500270,Massachusetts,Worcester,ok,65064,123,4066.423324486081,596.447683281748,234.7746753770783,0.07980267593330094,0.8725049579804568,159659.0,4058.8125,3.6721498477424586
1870.0,992,G2500010,Massachusetts,Barnstable,ok,17302,147,1082.433600828053,893.411600116584,273.7670797629544,0.1258195205187469,1.062307556025963,32774.0,1072.1875,3.4199345640534005
1870.0,993,G2500030,Massachusetts,Berkshire,ok,39220,46,2450.9161542891648,424.2202225966202,154.76211540544793,0.06237040326699261,1.1528415690648974,64827.0,2448.375,3.276297644050675
1870.0,994,G2500050,Massachusetts,Bristol,ok,23745,167,1483.050944515894,1000.5195521248621,387.1089531294523,0.11808658059696553,0.5924723420489775,102886.0,1473.625,4.245896227531838
1870.0,995,G2500070,Massachusetts,Dukes,ok,4573,88,286.7532681569435,1114.2303232998886,223.22236596361032,0.12347776054373555,1.7977128814079202,3787.0,280.3125,2.6034243756486797
1870.0,996,G2500090,Massachusetts,Essex,ok,21409,55,1337.4815341359497,2745.093378289782,663.8542967999707,0.22074382778125956,0.5821433006402176,200843.0,1334.625,5.013873154802109
1870.0,997,G2500110,Massachusetts,Franklin,ok,28900,10,1805.927336932853,380.44018691588786,160.7200074512902,0.06300528873436996,0.9659624509507921,32635.0,1805.625,2.894478539848818
1870.0,998,G2500130,Massachusetts,Hampden,ok,26018,16,1626.5350947867685,449.0287285593416,185.30183994708813,0.0665342587515146,0.9618063550561845,78409.0,1625.125,3.8763539807859866
1870.0,999,G2500150,Massachusetts,Hampshire,ok,24459,5,1528.37889196555,533.2636378506584,195.43560230189894,0.07628172467587589,1.1433046068034436,44388.0,1528.375,3.3687640831561003
1870.0,1000,G2500170,Massachusetts,Middlesex,ok,35297,56,2206.090180346884,2019.681705967481,692.9121386278467,0.20257909054768058,0.5663929194148172,274353.0,2202.5625,4.824794143112245
1870.0,1001,G2500190,Massachusetts,Nantucket,ok,2050,14,127.97545223444074,1394.5918467583497,142.49460788108487,0.04885098696329205,1.3336047589135331,4123.0,127.25,3.478182677276268
1870.0,1002,G2500210,Massachusetts,Norfolk,ok,17243,37,1077.763352591042,1649.2151575031965,579.3269195715549,0.20880866082023264,0.5021463817510137,89443.0,1075.375,4.420932112924248
1870.0,1003,G2500230,Massachusetts,Plymouth,ok,29108,301,1819.4614470414003,931.468740236748,328.4452958923192,0.13356194929966358,0.8305515624420935,65365.0,1800.4375,3.591957256089365
1870.0,1004,G2500250,Massachusetts,Suffolk,ok,1598,4,99.35753875937722,10348.259096612295,2081.2915060685204,0.856175770929217,0.45850731849473436,270802.0,99.625,7.907730068406977
1870.0,1005,G2500270,Massachusetts,Worcester,ok,64978,123,4061.149501921399,759.1925680363888,280.48710953079615,0.09494945826946988,0.8277767674039961,192716.0,4053.4375,3.861652316038155
1880.0,1140,G2500010,Massachusetts,Barnstable,ok,17302,147,1082.433600828053,1122.2029728942,327.5415356290277,0.1474104655224692,1.0023513963642279,31897.0,1072.1875,3.392811007410616
1880.0,1141,G2500030,Massachusetts,Berkshire,ok,39220,46,2450.9161542891648,719.623091846633,191.24629437988332,0.08064433195974494,1.0532773542332055,69032.0,2448.375,3.339145626013236
1880.0,1142,G2500050,Massachusetts,Bristol,ok,23745,167,1483.0509445947832,1974.5849944863855,588.1286193240735,0.17761017235084317,0.47399782341119745,139040.0,1473.625,4.547036309886927
1880.0,1143,G2500070,Massachusetts,Dukes,ok,4573,88,286.7532681569435,1524.43121516165,319.9673653730428,0.16367864742700208,1.7207811823994406,4300.0,280.3125,2.7304652494285384
1880.0,1144,G2500090,Massachusetts,Essex,ok,21409,55,1337.4815341359497,4249.894446005433,879.158594878506,0.27380274176667657,0.508526790277401,244535.0,1334.625,5.21070809443797
1880.0,1145,G2500110,Massachusetts,Franklin,ok,28900,10,1805.927336932853,549.6961924541364,197.31336858816422,0.07657783356939364,0.8702676336160148,36001.0,1805.625,2.9926399236097296
1880.0,1146,G2500130,Massachusetts,Hampden,ok,26018,16,1626.5350947867685,1016.5529959233905,370.33173234116566,0.09327213588134294,0.8706169421525122,104142.0,1625.125,4.160170616566604
1880.0,1147,G2500150,Massachusetts,Hampshire,ok,24459,5,1528.37889196555,780.5361495051934,246.7986736032317,0.09320768598357379,1.0673276947077706,47232.0,1528.375,3.43086654949579
1880.0,1148,G2500170,Massachusetts,Middlesex,ok,35111,56,2194.390730262533,3866.820082727143,911.0114652079487,0.2712497758192825,0.49510562889757403,317830.0,2190.9375,4.9771871142212385
1880.0,1149,G2500190,Massachusetts,Nantucket,ok,2050,14,127.97545223444074,1492.2229862475442,148.86821181432296,0.05059430623899037,1.3260960520555878,3727.0,127.25,3.377205244048626
1880.0,1150,G2500210,Massachusetts,Norfolk,ok,16738,36,1046.263755811298,2627.5433481020236,761.1332444914489,0.26433647786845627,0.44795163335617527,96507.0,1043.875,4.526675794082972
1880.0,1151,G2500230,Massachusetts,Plymouth,ok,29108,301,1819.4614470414003,1423.924601659319,418.28511879193155,0.17449702260398303,0.7302911886395966,74018.0,1800.4375,3.7162786159441135
1880.0,1152,G2500250,Massachusetts,Suffolk,ok,2296,5,143.04063161820324,17151.554343081625,2510.430365993815,0.9536451845966676,0.3272230507579191,387927.0,143.1875,7.904417496360434
1880.0,1153,G2500270,Massachusetts,Worcester,ok,64971,123,4060.665455934117,1248.6096564273378,379.5998155867519,0.12661918762839736,0.738342134873672,226897.0,4053.0,4.025038822368656
1890.0,1090,G2500010,Massachusetts,Barnstable,ok,17302,147,1082.433600828053,1322.7822792188865,380.4461002044171,0.16510116542839534,0.9573524465623369,29172.0,1072.1875,3.3035083910513547
1890.0,1091,G2500030,Massachusetts,Berkshire,ok,39220,46,2450.9161542891648,946.055215193751,217.79218178161125,0.09079904385006064,1.0150298834972007,81108.0,2448.375,3.5003570607134473
1890.0,1092,G2500050,Massachusetts,Bristol,ok,23745,166,1483.0509445947832,2955.6111794393314,753.2236050460134,0.2123813485476723,0.4340917537502705,186465.0,1473.6875,4.840475790762659
1890.0,1093,G2500070,Massachusetts,Dukes,ok,4573,88,286.7532681569435,1881.2726867335564,380.0054026684935,0.18830459646600212,1.6833967003562358,4369.0,280.3125,2.7463843766983205
1890.0,1094,G2500090,Massachusetts,Essex,ok,21409,55,1337.4815341359497,5826.545377915145,1037.5178136697857,0.3169685269608479,0.46729705944625016,299995.0,1334.625,5.415115454334314
1890.0,1095,G2500110,Massachusetts,Franklin,ok,28900,10,1805.927336932853,732.4145725164417,230.64742339568645,0.08662856116263078,0.8370441744260462,38610.0,1805.625,3.0626045180377823
1890.0,1096,G2500130,Massachusetts,Hampden,ok,26018,16,1626.5350947867685,1566.9075840319974,457.6998930548041,0.11338379158896648,0.8233250974701983,135713.0,1625.125,4.424957625909991
1890.0,1097,G2500150,Massachusetts,Hampshire,ok,24459,5,1528.37889196555,1001.1831193260816,270.6604563087034,0.10410615297768447,1.0300400863480228,51859.0,1528.375,3.524323417758238
1890.0,1098,G2500170,Massachusetts,Middlesex,ok,35111,56,2194.390730262533,6097.642419055769,1093.9369781659711,0.317391350140784,0.45116520754907935,431167.0,2190.9375,5.282165951634776
1890.0,1099,G2500190,Massachusetts,Nantucket,ok,2050,14,127.97545223444074,1670.4469548133595,180.08036054348784,0.06618552477636903,1.1915975051528207,3268.0,127.25,3.2457798005492613
1890.0,1100,G2500210,Massachusetts,Norfolk,ok,16738,36,1046.263755811298,3987.695066459107,924.0858409181394,0.32430128460486196,0.41606464007074406,118950.0,1043.875,4.73576348625771
1890.0,1101,G2500230,Massachusetts,Plymouth,ok,29108,301,1819.4614470414003,1937.7716874370813,486.70346071930345,0.20121218076889724,0.6679110617163317,92700.0,1800.4375,3.941338781647351
1890.0,1102,G2500250,Massachusetts,Suffolk,ok,2296,5,143.04063161820324,38762.88956787429,3628.066547600068,1.3778830253302194,0.2753771255354123,484780.0,143.1875,8.12729549854714
1890.0,1103,G2500270,Massachusetts,Worcester,ok,64971,123,4060.665455934117,2079.165648902048,469.1963353299262,0.15195741751313718,0.6983973703978867,280787.0,4053.0,4.238139027137482
1900.0,1106,G2500010,Massachusetts,Barnstable,ok,17302,147,1082.4336008280563,1853.1232293791898,484.68940551984775,0.21444823913880895,0.8281335885106098,27826.0,1072.1875,3.2562698813490534
1900.0,1107,G2500030,Massachusetts,Berkshire,ok,39220,46,2450.9161542891597,1855.6412161127278,301.6352568144505,0.1275910399972685,0.885162193145662,95667.0,2448.375,3.6654488722132283
1900.0,1108,G2500050,Massachusetts,Bristol,ok,23745,166,1483.0509445947812,7785.47105475211,1039.9596770045937,0.34479267176512174,0.3371149275247086,252029.0,1473.6875,5.141776397106251
1900.0,1109,G2500070,Massachusetts,Dukes,ok,4573,88,286.753268156944,2726.48740245262,551.617807237761,0.2793761210527471,1.54713202413501,4561.0,280.3125,2.789392124458585
1900.0,1110,G2500090,Massachusetts,Essex,ok,21409,55,1337.4815341359497,13238.169570103963,1420.8307342724706,0.4419019129674799,0.37919388629088263,357030.0,1334.625,5.589169458346129
1900.0,1111,G2500110,Massachusetts,Franklin,ok,28900,10,1805.9273369328732,1458.2628591208031,296.5417613148369,0.12092429588664297,0.7120340612244125,41209.0,1805.625,3.127749886863075
1900.0,1112,G2500130,Massachusetts,Hampden,ok,26018,16,1626.535094786789,3532.4973463579727,670.0477567765552,0.1714358066369992,0.70170659577153,175603.0,1625.125,4.682641029437346
1900.0,1113,G2500150,Massachusetts,Hampshire,ok,24459,5,1528.378891965531,2088.3008096834874,343.237658481078,0.1428997694958599,0.9439646815083413,58820.0,1528.375,3.650276853643632
1900.0,1114,G2500170,Massachusetts,Middlesex,ok,35111,56,2194.3907302625457,13035.375238910285,1394.3438807758048,0.4011648003294914,0.3602478706757457,565696.0,2190.9375,5.553727297019333
1900.0,1115,G2500190,Massachusetts,Nantucket,ok,2050,14,127.97545223444264,2141.41257367387,202.36700970907836,0.09307101619561484,0.9959095779542809,3006.0,127.25,3.162211914882288
1900.0,1116,G2500210,Massachusetts,Norfolk,ok,16738,36,1046.263755811273,8559.684409052808,1336.2571266697985,0.45396840040496894,0.32604472367276627,151539.0,1043.875,4.977903267072421
1900.0,1117,G2500230,Massachusetts,Plymouth,ok,29108,300,1819.461447041425,3697.300645653985,672.5982416039348,0.27812011605114934,0.5285236524287659,113985.0,1800.5,4.148002456683065
1900.0,1118,G2500250,Massachusetts,Suffolk,ok,2296,5,143.04063161820113,155618.59711916195,11874.93075703122,1.7703115515843062,0.1778348771638978,611417.0,143.1875,8.359379532876222
1900.0,1119,G2500270,Massachusetts,Worcester,ok,64971,123,4060.665455934112,3957.137999629904,670.7479519540032,0.21060950544491117,0.5971717024515572,346958.0,4053.0,4.449746387511086
1910.0,1119,G2500010,Massachusetts,Barnstable,ok,17302,147,1082.433600828053,2115.7552900029145,539.8606071583016,0.2350485267906425,0.7909808524893027,27542.0,1072.1875,3.2460111582343023
1910.0,1120,G2500030,Massachusetts,Berkshire,ok,39220,46,2450.9161542891648,2098.43523765763,320.5167935692729,0.1348668041981053,0.8634518720947238,105259.0,2448.375,3.7609994404027263
1910.0,1121,G2500050,Massachusetts,Bristol,ok,23745,166,1483.0509445947832,10083.120191696,1249.7931962836615,0.3855989659551214,0.3216161362556609,318573.0,1473.6875,5.3760838849729815
1910.0,1122,G2500070,Massachusetts,Dukes,ok,4573,88,286.7532681569435,3003.186845039019,592.48031590769,0.2938239876325678,1.5299415481379888,4504.0,280.3125,2.776816117566411
1910.0,1123,G2500090,Massachusetts,Essex,ok,21409,55,1337.4815341359497,16284.115669195467,1655.5587622935786,0.4818999640413126,0.3606651549072886,436477.0,1334.625,5.790085328507938
1910.0,1124,G2500110,Massachusetts,Franklin,ok,28900,10,1805.927336932853,1641.9302872966425,326.27263472170614,0.12845375179270066,0.6931030969695247,43600.0,1805.625,3.184150358116626
1910.0,1125,G2500130,Massachusetts,Hampden,ok,26269,16,1642.2985485775328,5211.543099836209,737.3299854918714,0.1948374354062158,0.670717653929258,231369.0,1640.8125,4.948822292646714
1910.0,1126,G2500150,Massachusetts,Hampshire,ok,24208,5,1512.6154381747851,2329.6833450398713,361.3464683575778,0.1524729591938225,0.9364578950237119,63327.0,1512.6875,3.7344239083103012
1910.0,1127,G2500170,Massachusetts,Middlesex,ok,35111,56,2194.390730262533,16733.150763086578,1500.9412316494802,0.44188337542022604,0.33322488672603523,669915.0,2190.9375,5.72282130424609
1910.0,1128,G2500190,Massachusetts,Nantucket,ok,2050,14,127.97545223444074,2260.7293713163067,213.19278809779252,0.1002174814757753,0.9813672494602489,2962.0,127.25,3.147466339397112
1910.0,1129,G2500210,Massachusetts,Norfolk,ok,16738,36,1046.263755811276,11549.47629026464,1463.1128985253365,0.490129102933299,0.3059986344205763,187506.0,1043.875,5.19087109440722
1910.0,1130,G2500230,Massachusetts,Plymouth,ok,29108,300,1819.461447041405,4324.071438489308,710.6006882513776,0.2995267899823394,0.5124729273637084,144337.0,1800.5,4.384086439061951
1910.0,1131,G2500250,Massachusetts,Suffolk,ok,2296,5,143.04063161820324,225972.43692710606,12458.034303032153,1.9604413662029774,0.16760157065509823,731388.0,143.1875,8.538544417458215
1910.0,1132,G2500270,Massachusetts,Worcester,ok,64971,123,4060.665455934117,4849.605647051567,724.1895063557083,0.22650800369568994,0.5825190814524681,399657.0,4053.0,4.591149331598375
1920.0,1165,G2500010,Massachusetts,Barnstable,ok,17302,147,1082.433600828053,2629.981987758671,621.6863803251895,0.2790739160365515,0.7266554939099024,26670.0,1072.1875,3.213838384123291
1920.0,1166,G2500030,Massachusetts,Berkshire,ok,39220,46,2450.9161542891648,2427.8009138714456,348.6038567080552,0.14739893726128958,0.8238259264543046,113033.0,2448.375,3.832255272283764
1920.0,1167,G2500050,Massachusetts,Bristol,ok,23745,166,1483.0509445947832,12331.432927605072,1377.3335765574877,0.4388498894477469,0.2986302544205194,359005.0,1473.6875,5.495568552818764
1920.0,1168,G2500070,Massachusetts,Dukes,ok,4573,88,286.7532681569435,3510.195763656633,700.9747773256221,0.3512625069534284,1.4802165788705692,4372.0,280.3125,2.747070797043314
1920.0,1169,G2500090,Massachusetts,Essex,ok,21409,55,1337.4815341359497,20374.24215603634,1756.0861973500696,0.5275410108861085,0.3345581744612331,482156.0,1334.625,5.88961735962272
1920.0,1170,G2500110,Massachusetts,Franklin,ok,28900,10,1805.927336932853,1886.62502596054,348.83962708818603,0.13939060693498523,0.669664282753239,49361.0,1805.625,3.3082538464728395
1920.0,1171,G2500130,Massachusetts,Hampden,ok,26269,16,1642.2985485775328,7590.9910867329445,831.6026143366194,0.23224235368002147,0.6285614001246366,300305.0,1640.8125,5.209607078885302
1920.0,1172,G2500150,Massachusetts,Hampshire,ok,24208,5,1512.6154381747851,2660.785605090278,390.3034114639278,0.16734901193814505,0.9127923620551759,69599.0,1512.6875,3.828862329239322
1920.0,1173,G2500170,Massachusetts,Middlesex,ok,35111,56,2194.390730262533,21762.622821280846,1665.3161039969136,0.4935529064429432,0.3005950691863268,778352.0,2190.9375,5.872849329597533
1920.0,1174,G2500190,Massachusetts,Nantucket,ok,2050,14,127.97545223444074,2655.6222986247544,261.9851060827046,0.12546778484159885,0.9077070976225017,2797.0,127.25,3.0901490377713277
1920.0,1175,G2500210,Massachusetts,Norfolk,ok,16521,36,1032.6065348057405,14686.873885350318,1545.6310280964706,0.5387808202896942,0.282796444976292,219081.0,1030.3125,5.359579370163822
1920.0,1176,G2500230,Massachusetts,Plymouth,ok,29108,300,1819.461447041405,5212.12926964732,772.8483561608076,0.33397584133159014,0.485559274696805,156968.0,1800.5,4.4679775588110076
1920.0,1177,G2500250,Massachusetts,Suffolk,ok,2513,5,156.69785262373836,267172.48444976076,12770.12862328602,1.9884678392806852,0.14756454074187036,835522.0,156.75,8.581159778695888
1920.0,1178,G2500270,Massachusetts,Worcester,ok,64971,123,4060.665455934117,6180.140944979028,816.7878844870953,0.25826026645051825,0.5439757539763477,455135.0,4053.0,4.721136730593764
1930.0,1185,G2500010,Massachusetts,Barnstable,ok,17302,147,1082.433600828053,3517.7428155056837,750.3022338402835,0.3434339476710111,0.6554550639833092,32305.0,1072.1875,3.405521062939497
1930.0,1186,G2500030,Massachusetts,Berkshire,ok,39220,46,2450.9161542891648,2742.121534691377,380.04429338714823,0.16630564213763097,0.7619838336980944,120700.0,2448.375,3.8978835889107155
1930.0,1187,G2500050,Massachusetts,Bristol,ok,23745,166,1483.0509445947832,14462.214046397217,1493.5336177037059,0.5000805197179152,0.2757209582941906,364590.0,1473.6875,5.511005671401689
1930.0,1188,G2500070,Massachusetts,Dukes,ok,4573,87,286.7532681569435,4175.20329915292,775.5883938639738,0.3985790950832393,1.4138508911065175,4953.0,280.375,2.8716207397478652
1930.0,1189,G2500090,Massachusetts,Essex,ok,21409,55,1337.4815341359497,23475.54387936686,1821.6087209067578,0.5688034942719533,0.3111517211650255,498040.0,1334.625,5.922030041567882
1930.0,1190,G2500110,Massachusetts,Franklin,ok,28900,10,1805.927336932853,2129.011422637591,387.0336704664807,0.15439408288567374,0.6392976880355145,49612.0,1805.625,3.3133259477147203
1930.0,1191,G2500130,Massachusetts,Hampden,ok,26269,16,1642.2985485775328,9733.337828057745,1018.7209112083802,0.2722472430349767,0.554190304327792,335496.0,1640.8125,5.320418487854915
1930.0,1192,G2500150,Massachusetts,Hampshire,ok,24208,5,1512.6154381747851,3016.0031401065985,447.96046735246256,0.18948855050573282,0.8683284545809257,72801.0,1512.6875,3.873841821190293
1930.0,1193,G2500170,Massachusetts,Middlesex,ok,35111,56,2194.390730262533,27240.27083155042,1829.5097440953966,0.5528163201204341,0.26995429797485193,934924.0,2190.9375,6.056135708143401
1930.0,1194,G2500190,Massachusetts,Nantucket,ok,2050,14,127.97545223444074,3138.751964636542,296.23085037360744,0.15024251638076028,0.8319605735587057,3678.0,127.25,3.3639707497336344
1930.0,1195,G2500210,Massachusetts,Norfolk,ok,16521,36,1032.6065348057405,19860.39259933273,1709.1603920664616,0.6066246637399433,0.25420545967715047,299426.0,1030.3125,5.672005154278572
1930.0,1196,G2500230,Massachusetts,Plymouth,ok,29108,300,1819.461447041405,6557.846188558734,845.52977987277,0.3814257312389605,0.43717359613567885,162311.0,1800.5,4.5014498438410495
1930.0,1197,G2500250,Massachusetts,Suffolk,ok,2513,5,156.6978526237354,302842.90071770333,13542.767685920262,2.0285536417341548,0.14185949277115437,879536.0,156.75,8.63249759515694
1930.0,1198,G2500270,Massachusetts,Worcester,ok,64971,123,4060.665455934117,7258.606510609425,892.8081862335085,0.2904451302596016,0.5064202856496383,491242.0,4053.0,4.79747953041742
