year,era,zone_id,GISJOIN,state,name,status,n_cells,pop,pop_cells,diff,rel_diff,n_masked
1810,E1,144,G2500010,Massachusetts,Barnstable,ok,17302,22211.0,22211.00006645918,6.645917892456055e-05,2.992174099525485e-09,147
1810,E1,145,G2500030,Massachusetts,Berkshire,ok,39944,35907.0,35907.00006124377,6.124377250671387e-05,1.705622093372152e-09,47
1810,E1,146,G2500050,Massachusetts,Bristol,ok,24009,37168.0,37168.000093340874,9.334087371826172e-05,2.511323550319138e-09,93
1810,E1,147,G2500055,Massachusetts,Cumberland,ok,47300,42831.0,42831.00008174777,8.174777030944824e-05,1.9086122273458064e-09,476
1810,E1,148,G2500070,Massachusetts,Dukes,ok,4573,3290.0,3290.000004976988,4.976987838745117e-06,1.512762261016753e-09,88
1810,E1,149,G2500090,Massachusetts,Essex,ok,21389,71888.0,71887.99998322129,-1.677870750427246e-05,2.334006719379098e-10,55
1810,E1,150,G2500150,Massachusetts,Hampshire,ok,78809,76275.0,76274.99991354346,-8.64565372467041e-05,1.133484591893859e-09,30
1810,E1,151,G2500153,Massachusetts,Hancock,ok,517689,30031.0,30031.000269446522,0.0002694465219974518,8.972279377891238e-09,5366
1810,E1,152,G2500155,Massachusetts,Kennebec,ok,56829,32564.0,32563.99969986081,-0.0003001391887664795,9.216901755511592e-09,1041
1810,E1,153,G2500157,Massachusetts,Lincoln,ok,50929,42992.0,42991.99992796779,-7.203221321105957e-05,1.6754794662044e-09,179
1810,E1,154,G2500170,Massachusetts,Middlesex,ok,35480,52789.0,52789.000046789646,4.678964614868164e-05,8.863521974025202e-10,56
1810,E1,155,G2500190,Massachusetts,Nantucket,ok,2050,6807.0,6806.999989807606,-1.0192394256591797e-05,1.4973401287779927e-09,14
1810,E1,156,G2500210,Massachusetts,Norfolk,ok,17645,31245.0,31245.00003811717,3.8117170333862305e-05,1.219944641826286e-09,37
1810,E1,157,G2500215,Massachusetts,Oxford,ok,178044,17630.0,17629.99971562624,-0.00028437376022338867,1.6130105514656193e-08,771
1810,E1,158,G2500230,Massachusetts,Plymouth,ok,29108,35169.0,35169.000019967556,1.996755599975586e-05,5.677601296527015e-10,301
1810,E1,159,G2500235,Massachusetts,Somerset,ok,287462,12910.0,12909.99992338568,-7.661432027816772e-05,5.934494212096648e-09,1747
1810,E1,160,G2500250,Massachusetts,Suffolk,ok,1021,34381.0,34380.99980592728,-0.00019407272338867188,5.644766684758206e-09,4
1810,E1,161,G2500255,Massachusetts,Washington,ok,165387,7870.0,7870.000170473009,0.00017047300934791565,2.1661119358057896e-08,1481
1810,E1,162,G2500270,Massachusetts,Worcester,ok,64834,64910.0,64909.99994134903,-5.8650970458984375e-05,9.035737245260264e-10,123
1810,E1,163,G2500275,Massachusetts,York,ok,42185,41877.0,41877.00013670325,0.0001367032527923584,3.2643993789516538e-09,54
1820,E1,279,G2500010,Massachusetts,Barnstable,ok,17302,24026.0,24025.999989941716,-1.0058283805847168e-05,4.18641630144309e-10,147
1820,E1,280,G2500030,Massachusetts,Berkshire,ok,39944,35720.0,35719.999990314245,-9.685754776000977e-06,2.711577484882692e-10,47
1820,E1,281,G2500050,Massachusetts,Bristol,ok,24009,40908.0,40908.000242352486,0.00024235248565673828,5.924329853738591e-09,93
1820,E1,282,G2500070,Massachusetts,Dukes,ok,4573,3292.0,3292.000034555793,3.4555792808532715e-05,1.0496899395058541e-08,88
1820,E1,283,G2500090,Massachusetts,Essex,ok,21389,74655.0,74655.00010693073,0.00010693073272705078,1.4323318294427806e-09,55
1820,E1,284,G2500110,Massachusetts,Franklin,ok,28692,29268.0,29268.00001041591,1.0415911674499512e-05,3.558805410174768e-10,9
1820,E1,285,G2500130,Massachusetts,Hampden,ok,26138,28021.0,28021.00007379055,7.37905502319336e-05,2.6334017426906104e-09,16
1820,E1,286,G2500150,Massachusetts,Hampshire,ok,23969,26487.0,26486.999984189868,-1.5810132026672363e-05,5.969015753642301e-10,5
1820,E1,287,G2500170,Massachusetts,Middlesex,ok,35480,61472.0,61471.99983802438,-0.00016197562217712402,2.634949605952694e-09,56
1820,E1,288,G2500190,Massachusetts,Nantucket,ok,2050,7266.0,7265.999986439943,-1.3560056686401367e-05,1.866234060886508e-09,14
1820,E1,289,G2500210,Massachusetts,Norfolk,ok,17645,36471.0,36471.000038832426,3.883242607116699e-05,1.0647480483443555e-09,37
1820,E1,290,G2500230,Massachusetts,Plymouth,ok,29108,38136.0,38135.99996677041,-3.3229589462280273e-05,8.713443848930217e-10,301
1820,E1,291,G2500250,Massachusetts,Suffolk,ok,1021,43940.0,43940.00020837784,0.00020837783813476562,4.742326766835813e-09,4
1820,E1,292,G2500270,Massachusetts,Worcester,ok,64844,73625.0,73625.00039182603,0.0003918260335922241,5.321915566617645e-09,123
1830,E1,426,G2500010,Massachusetts,Barnstable,ok,17302,28514.0,28513.999981179833,-1.882016658782959e-05,6.600324958907761e-10,147
1830,E1,427,G2500030,Massachusetts,Berkshire,ok,39534,37835.0,37835.00003610551,3.610551357269287e-05,9.542887160748745e-10,47
1830,E1,428,G2500050,Massachusetts,Bristol,ok,24009,49592.0,49591.99989776313,-0.00010223686695098877,2.061559665893466e-09,92
1830,E1,429,G2500070,Massachusetts,Dukes,ok,4573,3517.0,3517.000015974045,1.5974044799804688e-05,4.541951890760502e-09,88
1830,E1,430,G2500090,Massachusetts,Essex,ok,21389,82859.0,82858.99998520315,-1.4796853065490723e-05,1.7857870678490838e-10,55
1830,E1,431,G2500110,Massachusetts,Franklin,ok,28735,29501.0,29501.000087350607,8.735060691833496e-05,2.9609371519045104e-09,9
1830,E1,432,G2500130,Massachusetts,Hampden,ok,26138,31639.0,31638.999973729253,-2.6270747184753418e-05,8.303279871283358e-10,16
1830,E1,433,G2500150,Massachusetts,Hampshire,ok,24325,30254.0,30253.99992275238,-7.724761962890625e-05,2.5533026915087676e-09,5
1830,E1,434,G2500170,Massachusetts,Middlesex,ok,35325,77961.0,77961.00009399652,9.399652481079102e-05,1.2056864946677315e-09,56
1830,E1,435,G2500190,Massachusetts,Nantucket,ok,2050,7202.0,7201.9999885857105,-1.1414289474487305e-05,1.5848777387513614e-09,14
1830,E1,436,G2500210,Massachusetts,Norfolk,ok,17800,41972.0,41971.99998436868,-1.563131809234619e-05,3.724225219752738e-10,37
1830,E1,437,G2500230,Massachusetts,Plymouth,ok,29108,43044.0,43044.000135324895,0.0001353248953819275,3.1438736033344367e-09,301
1830,E1,438,G2500250,Massachusetts,Suffolk,ok,1021,62163.0,62163.000057697296,5.7697296142578125e-05,9.281613844662922e-10,4
1830,E1,439,G2500270,Massachusetts,Worcester,ok,64855,84355.0,84355.00003486872,3.4868717193603516e-05,4.133568513259856e-10,123
1840,E1,572,G2500010,Massachusetts,Barnstable,ok,17302,32548.0,32547.999952182174,-4.781782627105713e-05,1.4691479129610769e-09,147
1840,E1,573,G2500030,Massachusetts,Berkshire,ok,39220,41745.0,41744.999954268336,-4.573166370391846e-05,1.0955003881642942e-09,46
1840,E1,574,G2500050,Massachusetts,Bristol,ok,24009,60164.0,60164.000105559826,0.0001055598258972168,1.7545347034309022e-09,92
1840,E1,575,G2500070,Massachusetts,Dukes,ok,4573,3958.0,3957.9999890848994,-1.0915100574493408e-05,2.757731322509704e-09,88
1840,E1,576,G2500090,Massachusetts,Essex,ok,21389,94987.0,94987.00024573505,0.0002457350492477417,2.587038744751826e-09,55
1840,E1,577,G2500110,Massachusetts,Franklin,ok,28900,28812.0,28811.99999256432,-7.4356794357299805e-06,2.580757821647224e-10,10
1840,E1,578,G2500130,Massachusetts,Hampden,ok,26152,37366.0,37366.00002634525,2.6345252990722656e-05,7.050594923385606e-10,16
1840,E1,579,G2500150,Massachusetts,Hampshire,ok,24325,30897.0,30896.999935895205,-6.410479545593262e-05,2.074790285656621e-09,5
1840,E1,580,G2500170,Massachusetts,Middlesex,ok,35220,106611.0,106610.99979549646,-0.00020450353622436523,1.9182217240656707e-09,56
1840,E1,581,G2500190,Massachusetts,Nantucket,ok,2050,9012.0,9011.999986290932,-1.3709068298339844e-05,1.521201542203711e-09,14
1840,E1,582,G2500210,Massachusetts,Norfolk,ok,17878,53140.0,53139.9998915568,-0.00010844320058822632,2.0407075759922153e-09,37
1840,E1,583,G2500230,Massachusetts,Plymouth,ok,29108,47373.0,47373.00003580004,3.5800039768218994e-05,7.557055657910412e-10,301
1840,E1,584,G2500250,Massachusetts,Suffolk,ok,1021,95773.0,95772.99999475479,-5.245208740234375e-06,5.4767092398007526e-11,4
1840,E1,585,G2500270,Massachusetts,Worcester,ok,65017,95313.0,95312.99979831278,-0.00020168721675872803,2.1160515014607456e-09,123
1850,E1,689,G2500010,Massachusetts,Barnstable,ok,17302,35276.0,35276.00013098121,0.0001309812068939209,3.7130402226420484e-09,147
1850,E1,690,G2500030,Massachusetts,Berkshire,ok,39220,49591.0,49590.999986216426,-1.3783574104309082e-05,2.7794507278153457e-10,46
1850,E1,691,G2500050,Massachusetts,Bristol,ok,24009,76192.0,76191.99983306229,-0.0001669377088546753,2.1910136084454443e-09,92
1850,E1,692,G2500070,Massachusetts,Dukes,ok,4573,4540.0,4540.0000104010105,1.0401010513305664e-05,2.2909714787016883e-09,88
1850,E1,693,G2500090,Massachusetts,Essex,ok,21447,131300.0,131299.99973802269,-0.00026197731494903564,1.9952575395966157e-09,55
1850,E1,694,G2500110,Massachusetts,Franklin,ok,28900,30870.0,30870.00002375245,2.3752450942993164e-05,7.694347568186966e-10,10
1850,E1,695,G2500130,Massachusetts,Hampden,ok,26152,51283.0,51282.99991774559,-8.225440979003906e-05,1.6039313181763754e-09,16
1850,E1,696,G2500150,Massachusetts,Hampshire,ok,24325,35732.0,35731.99989507347,-0.00010492652654647827,2.9364862461233144e-09,5
1850,E1,697,G2500170,Massachusetts,Middlesex,ok,35220,161383.0,161382.99999408424,-5.9157609939575195e-06,3.665665524843087e-11,56
1850,E1,698,G2500190,Massachusetts,Nantucket,ok,2050,8452.0,8451.99999254942,-7.450580596923828e-06,8.815168713823744e-10,14
1850,E1,699,G2500210,Massachusetts,Norfolk,ok,17878,78892.0,78892.00005415827,5.415827035903931e-05,6.864862135455979e-10,37
1850,E1,700,G2500230,Massachusetts,Plymouth,ok,29108,55697.0,55697.00009462237,9.462237358093262e-05,1.6988773826405842e-09,301
1850,E1,701,G2500250,Massachusetts,Suffolk,ok,963,144517.0,144517.00037932396,0.00037932395935058594,2.624770506934035e-09,4
1850,E1,702,G2500270,Massachusetts,Worcester,ok,65017,130789.0,130789.00029411167,0.0002941116690635681,2.248749276036732e-09,123
1860,E1,866,G2500010,Massachusetts,Barnstable,ok,17302,35990.0,35990.00004448742,4.448741674423218e-05,1.2361049387116472e-09,147
1860,E1,867,G2500030,Massachusetts,Berkshire,ok,39220,55120.0,55120.00021826476,0.00021826475858688354,3.959810569428221e-09,46
1860,E1,868,G2500050,Massachusetts,Bristol,ok,24009,93794.0,93794.00008034706,8.034706115722656e-05,8.566332724612082e-10,92
1860,E1,869,G2500070,Massachusetts,Dukes,ok,4573,4403.0,4403.0000171512365,1.7151236534118652e-05,3.895352381130741e-09,88
1860,E1,870,G2500090,Massachusetts,Essex,ok,21409,165611.0,165610.9998908937,-0.00010910630226135254,6.588107206728571e-10,55
1860,E1,871,G2500110,Massachusetts,Franklin,ok,28900,31434.0,31433.999953202903,-4.6797096729278564e-05,1.4887413860558175e-09,10
1860,E1,872,G2500130,Massachusetts,Hampden,ok,26018,57366.0,57365.99984802306,-0.00015197694301605225,2.649251176934983e-09,16
1860,E1,873,G2500150,Massachusetts,Hampshire,ok,24459,37823.0,37823.00008447468,8.447468280792236e-05,2.2334210085906026e-09,5
1860,E1,874,G2500170,Massachusetts,Middlesex,ok,35211,216354.0,216353.9994943142,-0.0005056858062744141,2.3373074048754084e-09,56
1860,E1,875,G2500190,Massachusetts,Nantucket,ok,2050,6094.0,6094.000017166138,1.71661376953125e-05,2.8168916467529537e-09,14
1860,E1,876,G2500210,Massachusetts,Norfolk,ok,17878,109950.0,109950.00037389994,0.0003738999366760254,3.400636077089817e-09,37
1860,E1,877,G2500230,Massachusetts,Plymouth,ok,29108,64768.0,64767.99995645881,-4.354119300842285e-05,6.722639730796512e-10,301
1860,E1,878,G2500250,Massachusetts,Suffolk,ok,963,192700.0,192699.99905383587,-0.0009461641311645508,4.910037006562277e-09,4
1860,E1,879,G2500270,Massachusetts,Worcester,ok,65064,159659.0,159658.99984463304,-0.0001553669571876526,9.73117438964622e-10,123
1870,E1,992,G2500010,Massachusetts,Barnstable,ok,17302,32774.0,32774.00003711879,3.711879253387451e-05,1.132568271613917e-09,147
1870,E1,993,G2500030,Massachusetts,Berkshire,ok,39220,64827.0,64827.000095672905,9.567290544509888e-05,1.4758188015039856e-09,46
1870,E1,994,G2500050,Massachusetts,Bristol,ok,23745,102886.0,102886.0003682971,0.00036829710006713867,3.579661956603801e-09,167
1870,E1,995,G2500070,Massachusetts,Dukes,ok,4573,3787.0,3786.9999904446304,-9.55536961555481e-06,2.5232029615935594e-09,88
1870,E1,996,G2500090,Massachusetts,Essex,ok,21409,200843.0,200842.9996023029,-0.0003976970911026001,1.9801391689160195e-09,55
1870,E1,997,G2500110,Massachusetts,Franklin,ok,28900,32635.0,32635.000045515597,4.5515596866607666e-05,1.3946865900599867e-09,10
1870,E1,998,G2500130,Massachusetts,Hampden,ok,26018,78409.0,78409.0001270622,0.00012706220149993896,1.6205053182662572e-09,16
1870,E1,999,G2500150,Massachusetts,Hampshire,ok,24459,44388.0,44388.00004643947,4.643946886062622e-05,1.0462167446297697e-09,5
1870,E1,1000,G2500170,Massachusetts,Middlesex,ok,35297,274353.0,274352.999929294,-7.070600986480713e-05,2.577191059139398e-10,56
1870,E1,1001,G2500190,Massachusetts,Nantucket,ok,2050,4123.0,4122.99998665601,-1.3343989849090576e-05,3.2364758304852235e-09,14
1870,E1,1002,G2500210,Massachusetts,Norfolk,ok,17243,89443.0,89443.00014356524,0.00014356523752212524,1.6051031106081554e-09,37
1870,E1,1003,G2500230,Massachusetts,Plymouth,ok,29108,65365.0,65365.000095792115,9.579211473464966e-05,1.4654955210686095e-09,301
1870,E1,1004,G2500250,Massachusetts,Suffolk,ok,1598,270802.0,270802.0004364252,0.00043642520904541016,1.6116026064999895e-09,4
1870,E1,1005,G2500270,Massachusetts,Worcester,ok,64978,192716.0,192715.9997902289,-0.00020977109670639038,1.0884986026401046e-09,123
1880,E1,1140,G2500010,Massachusetts,Barnstable,ok,17302,31897.0,31896.999951340258,-4.865974187850952e-05,1.525527224457144e-09,147
1880,E1,1141,G2500030,Massachusetts,Berkshire,ok,39220,69032.0,69031.99986678362,-0.00013321638107299805,1.9297772203180852e-09,46
1880,E1,1142,G2500050,Massachusetts,Bristol,ok,23745,139040.0,139040.00002890825,2.8908252716064453e-05,2.0791320998320233e-10,167
1880,E1,1143,G2500070,Massachusetts,Dukes,ok,4573,4300.0,4299.999997198582,-2.8014183044433594e-06,6.514926289403161e-10,88
1880,E1,1144,G2500090,Massachusetts,Essex,ok,21409,244535.0,244534.99962092936,-0.00037907063961029053,1.5501692584304517e-09,55
1880,E1,1145,G2500110,Massachusetts,Franklin,ok,28900,36001.0,36000.9998851791,-0.00011482089757919312,3.189380783289162e-09,10
1880,E1,1146,G2500130,Massachusetts,Hampden,ok,26018,104142.0,104142.00007465482,7.465481758117676e-05,7.168560002801632e-10,16
1880,E1,1147,G2500150,Massachusetts,Hampshire,ok,24459,47232.0,47232.00007940084,7.940083742141724e-05,1.681081415595724e-09,5
1880,E1,1148,G2500170,Massachusetts,Middlesex,ok,35111,317830.0,317829.9993417859,-0.0006582140922546387,2.070962754474526e-09,56
1880,E1,1149,G2500190,Massachusetts,Nantucket,ok,2050,3727.0,3726.999986603856,-1.3396143913269043e-05,3.5943503926131053e-09,14
1880,E1,1150,G2500210,Massachusetts,Norfolk,ok,16738,96507.0,96507.00004465878,4.4658780097961426e-05,4.6275171850706606e-10,36
1880,E1,1151,G2500230,Massachusetts,Plymouth,ok,29108,74018.0,74018.00002196431,2.1964311599731445e-05,2.967428409269562e-10,301
1880,E1,1152,G2500250,Massachusetts,Suffolk,ok,2296,387927.0,387926.99920874834,-0.0007912516593933105,2.0396921570123003e-09,5
1880,E1,1153,G2500270,Massachusetts,Worcester,ok,64971,226897.0,226897.00047010183,0.00047010183334350586,2.0718732876305368e-09,123
1890,E1,1090,G2500010,Massachusetts,Barnstable,ok,17302,29172.0,29172.000126890838,0.00012689083814620972,4.349747639730211e-09,147
1890,E1,1091,G2500030,Massachusetts,Berkshire,ok,39220,81108.0,81107.99987065792,-0.00012934207916259766,1.5946895394116198e-09,46
1890,E1,1092,G2500050,Massachusetts,Bristol,ok,23745,186465.0,186465.00008510053,8.510053157806396e-05,4.5638876774764144e-10,166
1890,E1,1093,G2500070,Massachusetts,Dukes,ok,4573,4369.0,4368.9999806806445,-1.9319355487823486e-05,4.421917026281411e-09,88
1890,E1,1094,G2500090,Massachusetts,Essex,ok,21409,299995.0,299995.00081412494,0.0008141249418258667,2.713795036003489e-09,55
1890,E1,1095,G2500110,Massachusetts,Franklin,ok,28900,38610.0,38610.000048562884,4.856288433074951e-05,1.2577799619463744e-09,10
1890,E1,1096,G2500130,Massachusetts,Hampden,ok,26018,135713.0,135712.99978393316,-0.00021606683731079102,1.5920865157412408e-09,16
1890,E1,1097,G2500150,Massachusetts,Hampshire,ok,24459,51859.0,51859.000113517046,0.00011351704597473145,2.1889555520687143e-09,5
1890,E1,1098,G2500170,Massachusetts,Middlesex,ok,35111,431167.0,431167.0005503297,0.0005503296852111816,1.276372461740304e-09,56
1890,E1,1099,G2500190,Massachusetts,Nantucket,ok,2050,3268.0,3268.0000058040023,5.804002285003662e-06,1.7760104911271916e-09,14
1890,E1,1100,G2500210,Massachusetts,Norfolk,ok,16738,118950.0,118949.99979004264,-0.00020995736122131348,1.7650892074091088e-09,36
1890,E1,1101,G2500230,Massachusetts,Plymouth,ok,29108,92700.0,92700.00016626716,0.00016626715660095215,1.7936047098268841e-09,301
1890,E1,1102,G2500250,Massachusetts,Suffolk,ok,2296,484780.0,484779.99762684107,-0.0023731589317321777,4.895331762309043e-09,5
1890,E1,1103,G2500270,Massachusetts,Worcester,ok,64971,280787.0,280786.99940928817,-0.0005907118320465088,2.103772012402671e-09,123
1900,E1,1106,G2500010,Massachusetts,Barnstable,ok,17302,27826.0,27825.999972771853,-2.722814679145813e-05,9.78514583176099e-10,147
1900,E1,1107,G2500030,Massachusetts,Berkshire,ok,39220,95667.0,95667.00019142777,0.00019142776727676392,2.0009801423350155e-09,46
1900,E1,1108,G2500050,Massachusetts,Bristol,ok,23745,252029.0,252029.000368163,0.00036816298961639404,1.4607961370175417e-09,166
1900,E1,1109,G2500070,Massachusetts,Dukes,ok,4573,4561.0,4561.000004567206,4.567205905914307e-06,1.0013606458921962e-09,88
1900,E1,1110,G2500090,Massachusetts,Essex,ok,21409,357030.0,357030.00000452995,4.5299530029296875e-06,1.2687877777580841e-11,55
1900,E1,1111,G2500110,Massachusetts,Franklin,ok,28900,41209.0,41208.99983159825,-0.00016840174794197083,4.086528378314708e-09,10
1900,E1,1112,G2500130,Massachusetts,Hampden,ok,26018,175603.0,175602.99983660877,-0.00016339123249053955,9.304580929172028e-10,16
1900,E1,1113,G2500150,Massachusetts,Hampshire,ok,24459,58820.0,58820.00002869964,2.8699636459350586e-05,4.879230951946716e-10,5
1900,E1,1114,G2500170,Massachusetts,Middlesex,ok,35111,565696.0,565695.9999105334,-8.946657180786133e-05,1.5815309248759285e-10,56
1900,E1,1115,G2500190,Massachusetts,Nantucket,ok,2050,3006.0,3006.000013642013,1.364201307296753e-05,4.538261168651873e-09,14
1900,E1,1116,G2500210,Massachusetts,Norfolk,ok,16738,151539.0,151538.99986866117,-0.00013133883476257324,8.666998908701604e-10,36
1900,E1,1117,G2500230,Massachusetts,Plymouth,ok,29108,113985.0,113984.99977547303,-0.00022452697157859802,1.96979402183268e-09,300
1900,E1,1118,G2500250,Massachusetts,Suffolk,ok,2296,611417.0,611416.9979929924,-0.002007007598876953,3.28255118663196e-09,5
1900,E1,1119,G2500270,Massachusetts,Worcester,ok,64971,346958.0,346957.9989543259,-0.0010456740856170654,3.0138347742869897e-09,123
1910,E1,1119,G2500010,Massachusetts,Barnstable,ok,17302,27542.0,27541.999950882047,-4.911795258522034e-05,1.7833836535190015e-09,147
1910,E1,1120,G2500030,Massachusetts,Berkshire,ok,39220,105259.0,105259.00013054907,0.00013054907321929932,1.2402651860581928e-09,46
1910,E1,1121,G2500050,Massachusetts,Bristol,ok,23745,318573.0,318572.99991337955,-8.662045001983643e-05,2.7190141669204996e-10,166
1910,E1,1122,G2500070,Massachusetts,Dukes,ok,4573,4504.0,4504.000026714057,2.6714056730270386e-05,5.93118488682735e-09,88
1910,E1,1123,G2500090,Massachusetts,Essex,ok,21409,436477.0,436476.999997586,-2.4139881134033203e-06,5.530619284414346e-12,55
1910,E1,1124,G2500110,Massachusetts,Franklin,ok,28900,43600.0,43600.00017979741,0.00017979741096496582,4.123793829471693e-09,10
1910,E1,1125,G2500130,Massachusetts,Hampden,ok,26269,231369.0,231368.99948513508,-0.0005148649215698242,2.225297777877867e-09,16
1910,E1,1126,G2500150,Massachusetts,Hampshire,ok,24208,63327.0,63326.99983469397,-0.00016530603170394897,2.610356273058079e-09,5
1910,E1,1127,G2500170,Massachusetts,Middlesex,ok,35111,669915.0,669915.0009333789,0.0009333789348602295,1.3932796472093168e-09,56
1910,E1,1128,G2500190,Massachusetts,Nantucket,ok,2050,2962.0,2962.000002771616,2.771615982055664e-06,9.35724504407719e-10,14
1910,E1,1129,G2500210,Massachusetts,Norfolk,ok,16738,187506.0,187506.00001444668,1.4446675777435303e-05,7.704647199255119e-11,36
1910,E1,1130,G2500230,Massachusetts,Plymouth,ok,29108,144337.0,144337.00031267852,0.0003126785159111023,2.1663088183286496e-09,300
1910,E1,1131,G2500250,Massachusetts,Suffolk,ok,2296,731388.0,731387.9989840388,-0.0010159611701965332,1.3890864632678322e-09,5
1910,E1,1132,G2500270,Massachusetts,Worcester,ok,64971,399657.0,399656.99956557155,-0.00043442845344543457,1.0870032388909355e-09,123
1920,E1,1165,G2500010,Massachusetts,Barnstable,ok,17302,26670.0,26670.00000244379,2.4437904357910156e-06,9.16306875062248e-11,147
1920,E1,1166,G2500030,Massachusetts,Berkshire,ok,39220,113033.0,113033.00001654029,1.65402889251709e-05,1.4633150429671777e-10,46
1920,E1,1167,G2500050,Massachusetts,Bristol,ok,23745,359005.0,359005.00103218853,0.0010321885347366333,2.8751369332923867e-09,166
1920,E1,1168,G2500070,Massachusetts,Dukes,ok,4573,4372.0,4371.999995371327,-4.628673195838928e-06,1.0587084162486112e-09,88
1920,E1,1169,G2500090,Massachusetts,Essex,ok,21409,482156.0,482155.99918988347,-0.0008101165294647217,1.6801958898462773e-09,55
1920,E1,1170,G2500110,Massachusetts,Franklin,ok,28900,49361.0,49361.00006341934,6.341934204101562e-05,1.284806670063727e-09,10
1920,E1,1171,G2500130,Massachusetts,Hampden,ok,26269,300305.0,300304.9995395988,-0.00046040117740631104,1.5331119275613493e-09,16
1920,E1,1172,G2500150,Massachusetts,Hampshire,ok,24208,69599.0,69599.00001201034,1.2010335922241211e-05,1.7256477711233222e-10,5
1920,E1,1173,G2500170,Massachusetts,Middlesex,ok,35111,778352.0,778352.0006343275,0.0006343275308609009,8.149622932309558e-10,56
1920,E1,1174,G2500190,Massachusetts,Nantucket,ok,2050,2797.0,2796.999990157783,-9.842216968536377e-06,3.518847682708751e-09,14
1920,E1,1175,G2500210,Massachusetts,Norfolk,ok,16521,219081.0,219080.9997371137,-0.00026288628578186035,1.199950181813395e-09,36
1920,E1,1176,G2500230,Massachusetts,Plymouth,ok,29108,156968.0,156968.00025948137,0.00025948137044906616,1.6530845169019556e-09,300
1920,E1,1177,G2500250,Massachusetts,Suffolk,ok,2513,835522.0,835522.0046129823,0.004612982273101807,5.521078168021676e-09,5
1920,E1,1178,G2500270,Massachusetts,Worcester,ok,64971,455135.0,455134.9993923083,-0.0006076917052268982,1.3351900100561332e-09,123
1930,E1,1185,G2500010,Massachusetts,Barnstable,ok,17302,32305.0,32304.99994984269,-5.015730857849121e-05,1.5526175074598733e-09,147
1930,E1,1186,G2500030,Massachusetts,Berkshire,ok,39220,120700.0,120700.0000494793,4.947930574417114e-05,4.0993625305858446e-10,46
1930,E1,1187,G2500050,Massachusetts,Bristol,ok,23745,364590.0,364590.0013336539,0.0013336539268493652,3.6579553110325717e-09,166
1930,E1,1188,G2500070,Massachusetts,Dukes,ok,4573,4953.0,4952.999990675598,-9.324401617050171e-06,1.8825765429134205e-09,87
1930,E1,1189,G2500090,Massachusetts,Essex,ok,21409,498040.0,498039.99888952076,-0.0011104792356491089,2.2296988909507445e-09,55
1930,E1,1190,G2500110,Massachusetts,Franklin,ok,28900,49612.0,49611.999919362366,-8.063763380050659e-05,1.6253655123862492e-09,10
1930,E1,1191,G2500130,Massachusetts,Hampden,ok,26269,335496.0,335496.0006146878,0.0006146878004074097,1.8321762417656534e-09,16
1930,E1,1192,G2500150,Massachusetts,Hampshire,ok,24208,72801.0,72800.99994833767,-5.1662325859069824e-05,7.096375854599501e-10,5
1930,E1,1193,G2500170,Massachusetts,Middlesex,ok,35111,934924.0,934923.9975048453,-0.0024951547384262085,2.6688316252724376e-09,56
1930,E1,1194,G2500190,Massachusetts,Nantucket,ok,2050,3678.0,3678.0000105313957,1.0531395673751831e-05,2.8633484702968545e-09,14
1930,E1,1195,G2500210,Massachusetts,Norfolk,ok,16521,299426.0,299426.0008922219,0.0008922219276428223,2.9797743938162427e-09,36
1930,E1,1196,G2500230,Massachusetts,Plymouth,ok,29108,162311.0,162310.99980627745,-0.00019372254610061646,1.1935269088393051e-09,300
1930,E1,1197,G2500250,Massachusetts,Suffolk,ok,2513,879536.0,879535.9964662194,-0.003533780574798584,4.017778208963117e-09,5
1930,E1,1198,G2500270,Massachusetts,Worcester,ok,64971,491242.0,491241.99989368767,-0.0001063123345375061,2.1641540124318788e-10,123
1940,E2,1183,G2500010,Massachusetts,Barnstable,ok,17302,37295.0,37294.99983006716,-0.00016993284225463867,4.556451059247585e-09,146
1940,E2,1184,G2500030,Massachusetts,Berkshire,ok,39220,122273.0,122272.99932289124,-0.0006771087646484375,5.537680147280573e-09,46
1940,E2,1185,G2500050,Massachusetts,Bristol,ok,23745,364637.0,364637.0021067858,0.002106785774230957,5.777761922764166e-09,166
1940,E2,1186,G2500070,Massachusetts,Dukes,ok,4573,5669.0,5669.000027894974,2.7894973754882812e-05,4.92061629121235e-09,87
1940,E2,1187,G2500090,Massachusetts,Essex,ok,21409,496313.0,496313.0010473728,0.001047372817993164,2.1103070401000255e-09,55
1940,E2,1188,G2500110,Massachusetts,Franklin,ok,30039,49453.0,49453.00020265579,0.00020265579223632812,4.097947389164017e-09,10
1940,E2,1189,G2500130,Massachusetts,Hampden,ok,26269,332107.0,332106.9995162487,-0.0004837512969970703,1.4566127693697222e-09,16
1940,E2,1190,G2500150,Massachusetts,Hampshire,ok,22611,72461.0,72460.99957382679,-0.00042617321014404297,5.881414970039649e-09,5
1940,E2,1191,G2500170,Massachusetts,Middlesex,ok,35111,971390.0,971389.9995179176,-0.0004820823669433594,4.96280965362377e-10,56
1940,E2,1192,G2500190,Massachusetts,Nantucket,ok,2050,3401.0,3400.9999701976776,-2.9802322387695312e-05,8.762811640016263e-09,14
1940,E2,1193,G2500210,Massachusetts,Norfolk,ok,16521,325180.0,325180.00043797493,0.0004379749298095703,1.3468692103129662e-09,36
1940,E2,1194,G2500230,Massachusetts,Plymouth,ok,29108,168824.0,168824.00002086163,2.086162567138672e-05,1.2357026057543193e-10,300
1940,E2,1195,G2500250,Massachusetts,Suffolk,ok,2513,863248.0,863247.997698307,-0.0023016929626464844,2.666317168005584e-09,5
1940,E2,1196,G2500270,Massachusetts,Worcester,ok,65429,504470.0,504469.9995517731,-0.0004482269287109375,8.885105729001477e-10,123
1950,E2,1183,G2500010,Massachusetts,Barnstable,ok,17302,46805.0,46804.99974989891,-0.00025010108947753906,5.343469489959172e-09,146
1950,E2,1184,G2500030,Massachusetts,Berkshire,ok,39220,132966.0,132966.0004746914,0.00047469139099121094,3.570020839847863e-09,45
1950,E2,1185,G2500050,Massachusetts,Bristol,ok,23745,381569.0,381568.9988949299,-0.0011050701141357422,2.896121315242439e-09,166
1950,E2,1186,G2500070,Massachusetts,Dukes,ok,4573,5633.0,5632.99999666214,-3.337860107421875e-06,5.925546080990369e-10,87
1950,E2,1187,G2500090,Massachusetts,Essex,ok,21409,522384.0,522383.9997558594,-0.000244140625,4.67358542757818e-10,55
1950,E2,1188,G2500110,Massachusetts,Franklin,ok,30039,52747.0,52747.00009864569,9.864568710327148e-05,1.870166779215339e-09,10
1950,E2,1189,G2500130,Massachusetts,Hampden,ok,26269,367971.0,367971.0004272461,0.00042724609375,1.1610863186229349e-09,16
1950,E2,1190,G2500150,Massachusetts,Hampshire,ok,22611,87594.0,87594.00008141994,8.14199447631836e-05,9.295150896543553e-10,5
1950,E2,1191,G2500170,Massachusetts,Middlesex,ok,35111,1064569.0,1064568.9981453419,-0.0018546581268310547,1.7421680763116855e-09,56
1950,E2,1192,G2500190,Massachusetts,Nantucket,ok,2050,3484.0,3483.9999719262123,-2.8073787689208984e-05,8.057918395295346e-09,14
1950,E2,1193,G2500210,Massachusetts,Norfolk,ok,16947,392308.0,392307.99990820885,-9.179115295410156e-05,2.3397726519495284e-10,36
1950,E2,1194,G2500230,Massachusetts,Plymouth,ok,28682,189468.0,189468.0000190735,1.9073486328125e-05,1.0066864234659678e-10,300
1950,E2,1195,G2500250,Massachusetts,Suffolk,ok,2513,896615.0,896615.0012159348,0.0012159347534179688,1.3561392051415253e-09,5
1950,E2,1196,G2500270,Massachusetts,Worcester,ok,65429,546401.0,546400.9997007847,-0.00029921531677246094,5.476112173522027e-10,123
1960,E2,1183,G2500010,Massachusetts,Barnstable,ok,17302,70286.0,70285.99997532368,-2.467632293701172e-05,3.510844682726534e-10,146
1960,E2,1184,G2500030,Massachusetts,Berkshire,ok,39220,142135.0,142135.00029742718,0.0002974271774291992,2.0925681741245945e-09,45
1960,E2,1185,G2500050,Massachusetts,Bristol,ok,23745,398488.0,398488.0008932352,0.0008932352066040039,2.2415611175342895e-09,166
1960,E2,1186,G2500070,Massachusetts,Dukes,ok,4573,5829.0,5828.999959588051,-4.0411949157714844e-05,6.932912876602307e-09,87
1960,E2,1187,G2500090,Massachusetts,Essex,ok,21409,568831.0,568831.000207901,0.0002079010009765625,3.654881695557424e-10,55
1960,E2,1188,G2500110,Massachusetts,Franklin,ok,30039,54864.0,54864.00046622753,0.00046622753143310547,8.497877140440097e-09,10
1960,E2,1189,G2500130,Massachusetts,Hampden,ok,26269,429353.0,429352.99814105034,-0.0018589496612548828,4.329653365074619e-09,16
1960,E2,1190,G2500150,Massachusetts,Hampshire,ok,22611,103229.0,103228.99989724159,-0.00010275840759277344,9.954412770904827e-10,5
1960,E2,1191,G2500170,Massachusetts,Middlesex,ok,35111,1238742.0,1238742.0005040169,0.0005040168762207031,4.0687800705934177e-10,56
1960,E2,1192,G2500190,Massachusetts,Nantucket,ok,2050,3559.0,3559.000012278557,1.2278556823730469e-05,3.4500019173167938e-09,14
1960,E2,1193,G2500210,Massachusetts,Norfolk,ok,16521,510256.0,510255.9999804497,-1.9550323486328125e-05,3.831473512575673e-11,36
1960,E2,1194,G2500230,Massachusetts,Plymouth,ok,29108,248449.0,248448.99961590767,-0.0003840923309326172,1.545960462439443e-09,300
1960,E2,1195,G2500250,Massachusetts,Suffolk,ok,2513,791329.0,791328.9990692139,-0.0009307861328125,1.176231545681379e-09,5
1960,E2,1196,G2500270,Massachusetts,Worcester,ok,65429,583228.0,583228.0002843142,0.0002843141555786133,4.874837209095127e-10,123
1970,E2,1182,G2500010,Massachusetts,Barnstable,ok,17302,96656.0,96656.00002706051,2.7060508728027344e-05,2.799671901178131e-10,146
1970,E2,1183,G2500030,Massachusetts,Berkshire,ok,39220,149402.0,149401.99999523163,-4.76837158203125e-06,3.1916383863878995e-11,45
1970,E2,1184,G2500050,Massachusetts,Bristol,ok,23745,444301.0,444301.00126743317,0.0012674331665039062,2.8526453159094987e-09,166
1970,E2,1185,G2500070,Massachusetts,Dukes,ok,4573,6117.0,6117.000000119209,1.1920928955078125e-07,1.9488195120284657e-11,87
1970,E2,1186,G2500090,Massachusetts,Essex,ok,21409,637887.0,637887.0010018349,0.0010018348693847656,1.5705522598591374e-09,55
1970,E2,1187,G2500110,Massachusetts,Franklin,ok,30039,59210.0,59210.00005888939,5.888938903808594e-05,9.9458518895602e-10,10
1970,E2,1188,G2500130,Massachusetts,Hampden,ok,26269,459050.0,459049.99993777275,-6.222724914550781e-05,1.3555658238864572e-10,16
1970,E2,1189,G2500150,Massachusetts,Hampshire,ok,22611,123981.0,123981.00005912781,5.91278076171875e-05,4.769102331582057e-10,5
1970,E2,1190,G2500170,Massachusetts,Middlesex,ok,35111,1397268.0,1397267.9994499683,-0.0005500316619873047,3.9364793438861027e-10,56
1970,E2,1191,G2500190,Massachusetts,Nantucket,ok,2050,3774.0,3773.999978542328,-2.1457672119140625e-05,5.685657689226451e-09,14
1970,E2,1192,G2500210,Massachusetts,Norfolk,ok,16521,605051.0,605051.0005235672,0.0005235671997070312,8.653273851411389e-10,36
1970,E2,1193,G2500230,Massachusetts,Plymouth,ok,29108,333314.0,333313.99964511395,-0.0003548860549926758,1.0647199187333138e-09,300
1970,E2,1194,G2500250,Massachusetts,Suffolk,ok,2513,735190.0,735190.0006101131,0.0006101131439208984,8.298713855206116e-10,5
1970,E2,1195,G2500270,Massachusetts,Worcester,ok,65429,637969.0,637969.0019885302,0.001988530158996582,3.1169698825437943e-09,123
1980,E2,1182,G2500010,Massachusetts,BARNSTABLE COUNTY,ok,17302,147925.0,147924.9998934269,-0.00010657310485839844,7.204536410910829e-10,146
1980,E2,1183,G2500030,Massachusetts,BERKSHIRE COUNTY,ok,39220,145110.0,145109.9993892908,-0.0006107091903686523,4.208594792699692e-09,45
1980,E2,1184,G2500050,Massachusetts,BRISTOL COUNTY,ok,23745,474641.0,474641.0015118122,0.0015118122100830078,3.1851698653993394e-09,166
1980,E2,1185,G2500070,Massachusetts,DUKES COUNTY,ok,4573,8942.0,8941.999952077866,-4.792213439941406e-05,5.359218787677708e-09,87
1980,E2,1186,G2500090,Massachusetts,ESSEX COUNTY,ok,21409,633632.0,633631.998470068,-0.0015299320220947266,2.4145434922711078e-09,55
1980,E2,1187,G2500110,Massachusetts,FRANKLIN COUNTY,ok,30039,64317.0,64317.00024461746,0.0002446174621582031,3.803309578466084e-09,10
1980,E2,1188,G2500130,Massachusetts,HAMPDEN COUNTY,ok,26269,443018.0,443017.9995419979,-0.00045800209045410156,1.033822757662446e-09,16
1980,E2,1189,G2500150,Massachusetts,HAMPSHIRE COUNTY,ok,22611,138813.0,138812.99943101406,-0.0005689859390258789,4.09893842093953e-09,5
1980,E2,1190,G2500170,Massachusetts,MIDDLESEX COUNTY,ok,35111,1367034.0,1367033.9996583462,-0.00034165382385253906,2.499234282779646e-10,56
1980,E2,1191,G2500190,Massachusetts,NANTUCKET COUNTY,ok,2050,5087.0,5087.000032246113,3.224611282348633e-05,6.338925265084791e-09,14
1980,E2,1192,G2500210,Massachusetts,NORFOLK COUNTY,ok,16521,606587.0,606587.0014045238,0.0014045238494873047,2.3154532647209794e-09,36
1980,E2,1193,G2500230,Massachusetts,PLYMOUTH COUNTY,ok,29108,405437.0,405437.00014448166,0.00014448165893554688,3.563603196934342e-10,300
1980,E2,1194,G2500250,Massachusetts,SUFFOLK COUNTY,ok,2513,650142.0,650142.0003726482,0.0003726482391357422,5.731797655523596e-10,5
1980,E2,1195,G2500270,Massachusetts,WORCESTER COUNTY,ok,65429,646352.0,646352.0005613565,0.0005613565444946289,8.684997408449713e-10,123
1990,E2,1183,G2500010,Massachusetts,Barnstable County,ok,17302,186605.0,186604.99965119362,-0.00034880638122558594,1.869223124919407e-09,146
1990,E2,1184,G2500030,Massachusetts,Berkshire County,ok,39220,139352.0,139351.99917519093,-0.0008248090744018555,5.918889390908315e-09,45
1990,E2,1185,G2500050,Massachusetts,Bristol County,ok,23745,506325.0,506324.9997421503,-0.00025784969329833984,5.092572819796373e-10,166
1990,E2,1186,G2500070,Massachusetts,Dukes County,ok,4573,11639.0,11639.000017344952,1.7344951629638672e-05,1.490244147232466e-09,87
1990,E2,1187,G2500090,Massachusetts,Essex County,ok,21409,670080.0,670079.9999401569,-5.984306335449219e-05,8.930734144354732e-11,55
1990,E2,1188,G2500110,Massachusetts,Franklin County,ok,30039,70092.0,70092.00008755922,8.755922317504883e-05,1.2492042340787654e-09,10
1990,E2,1189,G2500130,Massachusetts,Hampden County,ok,26269,456310.0,456309.9981651306,-0.001834869384765625,4.0211027257031955e-09,16
1990,E2,1190,G2500150,Massachusetts,Hampshire County,ok,22611,146568.0,146568.0004298687,0.0004298686981201172,2.9328959808424565e-09,5
1990,E2,1191,G2500170,Massachusetts,Middlesex County,ok,35111,1398468.0,1398468.0001411438,0.000141143798828125,1.0092744262158662e-10,56
1990,E2,1192,G2500190,Massachusetts,Nantucket County,ok,2050,6012.0,6012.000020086765,2.008676528930664e-05,3.341111990902635e-09,14
1990,E2,1193,G2500210,Massachusetts,Norfolk County,ok,16521,616087.0,616087.0012202263,0.0012202262878417969,1.980607102311519e-09,36
1990,E2,1194,G2500230,Massachusetts,Plymouth County,ok,28682,435276.0,435276.00075626373,0.0007562637329101562,1.73743494451832e-09,300
1990,E2,1195,G2500250,Massachusetts,Suffolk County,ok,2939,663906.0,663906.0024266243,0.002426624298095703,3.6550721007126055e-09,5
1990,E2,1196,G2500270,Massachusetts,Worcester County,ok,65429,709705.0,709704.9980908632,-0.0019091367721557617,2.6900427250135786e-09,123
2000,E3,1183,G2500010,Massachusetts,Barnstable County,ok,17302,222230.0,222230.00012731552,0.00012731552124023438,5.728997940882616e-10,146
2000,E3,1184,G2500030,Massachusetts,Berkshire County,ok,39220,134953.0,134953.0001398325,0.0001398324966430664,1.036157007573499e-09,45
2000,E3,1185,G2500050,Massachusetts,Bristol County,ok,23745,534678.0,534677.9996573925,-0.0003426074981689453,6.407735088575653e-10,166
2000,E3,1186,G2500070,Massachusetts,Dukes County,ok,4573,14987.0,14987.000020503998,2.0503997802734375e-05,1.3681188898868603e-09,87
2000,E3,1187,G2500090,Massachusetts,Essex County,ok,21409,723419.0,723418.9989368916,-0.0010631084442138672,1.4695611315349295e-09,55
2000,E3,1188,G2500110,Massachusetts,Franklin County,ok,30039,71535.0,71535.00024437904,0.00024437904357910156,3.4162164476004972e-09,10
2000,E3,1189,G2500130,Massachusetts,Hampden County,ok,26269,456228.0,456228.00046396255,0.0004639625549316406,1.0169532666378228e-09,16
2000,E3,1190,G2500150,Massachusetts,Hampshire County,ok,22611,152251.0,152251.00018119812,0.0001811981201171875,1.1901276189791037e-09,5
2000,E3,1191,G2500170,Massachusetts,Middlesex County,ok,35111,1465396.0,1465396.0008559227,0.0008559226989746094,5.840896924617028e-10,55
2000,E3,1192,G2500190,Massachusetts,Nantucket County,ok,2050,9520.0,9519.999991416931,-8.58306884765625e-06,9.015828621487658e-10,14
2000,E3,1193,G2500210,Massachusetts,Norfolk County,ok,16947,650308.0,650308.0007920265,0.0007920265197753906,1.2179252289305847e-09,36
2000,E3,1194,G2500230,Massachusetts,Plymouth County,ok,28682,472822.0,472821.9999933243,-6.67572021484375e-06,1.4118886631425251e-11,300
2000,E3,1195,G2500250,Massachusetts,Suffolk County,ok,2513,689807.0,689807.0014877319,0.00148773193359375,2.1567364981708653e-09,5
2000,E3,1196,G2500270,Massachusetts,Worcester County,ok,65429,750963.0,750962.9999821186,-1.7881393432617188e-05,2.3811284221216208e-11,123
2010,E3,1184,G2500010,Massachusetts,Barnstable County,ok,17303,215888.0,215887.9999229908,-7.700920104980469e-05,3.5670903917681706e-10,146
2010,E3,1185,G2500030,Massachusetts,Berkshire County,ok,39226,131219.0,131218.99972891808,-0.00027108192443847656,2.0658740307308893e-09,45
2010,E3,1186,G2500050,Massachusetts,Bristol County,ok,23740,548285.0,548284.9999952316,-4.76837158203125e-06,8.696884981407936e-12,167
2010,E3,1187,G2500070,Massachusetts,Dukes County,ok,4573,16535.0,16535.000000298023,2.980232238769531e-07,1.8023781304926104e-11,87
2010,E3,1188,G2500090,Massachusetts,Essex County,ok,21408,743159.0,743158.9996132851,-0.0003867149353027344,5.203663486585433e-10,55
2010,E3,1189,G2500110,Massachusetts,Franklin County,ok,30034,71372.0,71372.00023508072,0.00023508071899414062,3.293738706973892e-09,9
2010,E3,1190,G2500130,Massachusetts,Hampden County,ok,26274,463490.0,463490.00008273125,8.273124694824219e-05,1.7849629322799238e-10,16
2010,E3,1191,G2500150,Massachusetts,Hampshire County,ok,22603,158080.0,158079.99983644485,-0.00016355514526367188,1.034635281273228e-09,5
2010,E3,1192,G2500170,Massachusetts,Middlesex County,ok,35098,1503085.0,1503085.0007867813,0.0007867813110351562,5.234443235313747e-10,55
2010,E3,1193,G2500190,Massachusetts,Nantucket County,ok,2050,10172.0,10172.00001180172,1.1801719665527344e-05,1.1602162471025701e-09,14
2010,E3,1194,G2500210,Massachusetts,Norfolk County,ok,16956,670850.0,670849.999982357,-1.7642974853515625e-05,2.6299433336089475e-11,36
2010,E3,1195,G2500230,Massachusetts,Plymouth County,ok,28682,494919.0,494919.0001809597,0.00018095970153808594,3.656349858018907e-10,299
2010,E3,1196,G2500250,Massachusetts,Suffolk County,ok,2514,722023.0,722022.998632431,-0.0013675689697265625,1.8940795095537987e-09,5
2010,E3,1197,G2500270,Massachusetts,Worcester County,ok,65438,798552.0,798552.0004947186,0.0004947185516357422,6.195195198756527e-10,123
2020,E3,1184,G2500010,Massachusetts,Barnstable County,ok,17329,228996.0,228995.99995803833,-4.1961669921875e-05,1.8324193401576883e-10,146
2020,E3,1185,G2500030,Massachusetts,Berkshire County,ok,39224,129026.0,129026.00028717518,0.00028717517852783203,2.2257155807963667e-09,45
2020,E3,1186,G2500050,Massachusetts,Bristol County,ok,23739,579200.0,579200.0000143051,1.430511474609375e-05,2.4698057227371806e-11,167
2020,E3,1187,G2500070,Massachusetts,Dukes County,ok,4572,20600.0,20599.99996125698,-3.8743019104003906e-05,1.8807290827186362e-09,87
2020,E3,1188,G2500090,Massachusetts,Essex County,ok,21408,809829.0,809829.0000157356,1.5735626220703125e-05,1.943080109591423e-11,55
2020,E3,1189,G2500110,Massachusetts,Franklin County,ok,30029,71029.0,71029.00059092045,0.0005909204483032227,8.319425140480968e-09,9
2020,E3,1190,G2500130,Massachusetts,Hampden County,ok,26266,465825.0,465824.9996807575,-0.0003192424774169922,6.85327059339864e-10,16
2020,E3,1191,G2500150,Massachusetts,Hampshire County,ok,22606,162308.0,162307.99968791008,-0.0003120899200439453,1.9228252460996703e-09,5
2020,E3,1192,G2500170,Massachusetts,Middlesex County,ok,35093,1632002.0,1632002.0015201569,0.0015201568603515625,9.314675229267871e-10,54
2020,E3,1193,G2500190,Massachusetts,Nantucket County,ok,2012,14255.0,14255.000015497208,1.5497207641601562e-05,1.0871418899755568e-09,7
2020,E3,1194,G2500210,Massachusetts,Norfolk County,ok,16950,725981.0,725980.9995422363,-0.000457763671875,6.305449755227754e-10,36
2020,E3,1195,G2500230,Massachusetts,Plymouth County,ok,28668,530819.0,530819.0000860691,8.606910705566406e-05,1.6214398327050099e-10,297
2020,E3,1196,G2500250,Massachusetts,Suffolk County,ok,2517,797936.0,797935.9984798431,-0.0015201568603515625,1.9051112624966946e-09,5
2020,E3,1197,G2500270,Massachusetts,Worcester County,ok,65437,862111.0,862111.001627922,0.0016279220581054688,1.8882975140155603e-09,122
