year,era,study_cells,masked_cells,masked_share,water_with_bui_kept
1810,E1,1681989,12110,0.007199809273425688,0
1820,E1,336164,995,0.002959864827881629,0
1830,E1,336164,994,0.002956890089361145,1
1840,E1,336164,994,0.002956890089361145,1
1850,E1,336164,994,0.002956890089361145,1
1860,E1,336164,994,0.002956890089361145,1
1870,E1,335900,1069,0.003182494790116106,1
1880,E1,335900,1069,0.003182494790116106,1
1890,E1,335900,1068,0.0031795177136052398,2
1900,E1,335900,1067,0.003176540637094373,3
1910,E1,335900,1067,0.003176540637094373,3
1920,E1,335900,1067,0.003176540637094373,3
1930,E1,335900,1066,0.003173563560583507,4
1940,E2,335900,1065,0.0031705864840726405,5
1950,E2,335900,1064,0.0031676094075617743,6
1960,E2,335900,1064,0.0031676094075617743,6
1970,E2,335900,1064,0.0031676094075617743,6
1980,E2,335900,1064,0.0031676094075617743,6
1990,E2,335900,1064,0.0031676094075617743,6
2000,E3,335900,1063,0.003164632331050908,7
2010,E3,335899,1062,0.003161664667057657,8
2020,E3,335850,1051,0.0031293732320976627,10
