year,zone_id,GISJOIN,state,name,status,n_cells,bui,bupl,bupr,bua,mu_ratio,age,pop,area_km2,y
1810.0,144,G2500010,Massachusetts,Barnstable,ok,17302,29.694312796208532,0.00855392440180326,0.013582244827187609,0.006126459368859092,0.008110815705313452,0.0,22211.0,1082.433600828053,3.0213758213701323
1810.0,145,G2500030,Massachusetts,Berkshire,ok,39944,9.126802523532946,0.0034548367714800723,0.005007009813739235,0.0018525936310835169,0.002405450964683891,0.0,35907.0,2496.006522920691,2.6662401987059408
1810.0,146,G2500050,Massachusetts,Bristol,ok,24009,22.50289474780291,0.0053313340830521885,0.008621766837435962,0.003998500562289142,0.005228594832493371,0.0,37168.0,1500.0637596944632,3.2099405623602877
1810.0,147,G2500055,Massachusetts,Cumberland,ok,47300,16.276786469344607,0.0035095137420718815,0.0056871035940803385,0.0026849894291754756,0.0037198731501057085,0.0,42831.0,2955.370394752086,2.6736381513784027
1810.0,148,G2500070,Massachusetts,Dukes,ok,4573,6.131642247977258,0.0010933741526350316,0.0034987972884321017,0.0008746993221080254,0.0028427727968510824,0.0,3290.0,286.7532681569435,2.4400206905805577
1810.0,149,G2500090,Massachusetts,Essex,ok,21389,87.50427789985507,0.018140165505633736,0.03043620552620506,0.01304408808265931,0.015080626668358682,0.0,71888.0,1336.2505502893696,3.9852417571545917
1810.0,150,G2500150,Massachusetts,Hampshire,ok,78809,17.41054955652273,0.004631450722633202,0.006890076006547475,0.002855003870116357,0.003855735597034179,0.0,76275.0,4925.767933631476,2.7398650425233635
1810.0,151,G2500153,Massachusetts,Hancock,ok,517689,0.19132722541912228,5.215486517967351e-05,0.00010044640701270454,4.442821848638854e-05,8.660283168723564e-05,0.0,30031.0,32355.28473410474,-0.07454718730871027
1810.0,152,G2500155,Massachusetts,Kennebec,ok,56829,6.120220310052966,0.0013549420190395749,0.0024107409949145685,0.0010557989758749934,0.0017347363728612742,0.0,32564.0,3551.922825712915,2.21571828581308
1810.0,153,G2500157,Massachusetts,Lincoln,ok,50929,8.952365057236545,0.002513302833356241,0.004123387460975083,0.0020616937304875414,0.0029649119362249407,0.0,42992.0,3181.536360677679,2.6036498394632988
1810.0,154,G2500170,Massachusetts,Middlesex,ok,35480,41.21209131905299,0.007609921082299887,0.012288613303269448,0.006567080045095828,0.007992765877489667,0.0,52789.0,2217.5991195959327,3.169877702668717
1810.0,155,G2500190,Massachusetts,Nantucket,ok,2050,70.87024390243903,0.015609756097560976,0.0175609756097561,0.007804878048780488,0.00878048780487805,0.0,6807.0,127.97545223444074,3.9738683073387904
1810.0,156,G2500210,Massachusetts,Norfolk,ok,17645,44.083479739302916,0.010767922924341174,0.017115330121847547,0.007820912439784642,0.010220081231699254,0.0,31245.0,1102.88423586389,3.34393058250359
1810.0,157,G2500215,Massachusetts,Oxford,ok,178044,0.20873491945811148,0.00011794837231246209,0.0001797308530475613,8.424883736604435e-05,0.00012075666689133024,0.0,17630.0,11127.000789214057,0.4602273383063797
1810.0,158,G2500230,Massachusetts,Plymouth,ok,29108,43.898996839356876,0.011027896111034767,0.01676515047409647,0.007042737391782328,0.00901241354037836,0.0,35169.0,1819.4614470414003,2.9616244636775835
1810.0,159,G2500235,Massachusetts,Somerset,ok,287462,0.022743875712268057,1.043616199706396e-05,1.3914882662751946e-05,1.043616199706396e-05,1.3914882662751946e-05,0.0,12910.0,17966.625706165098,-0.33051370458040974
1810.0,160,G2500250,Massachusetts,Suffolk,ok,1021,270.2213516160627,0.02056807051909892,0.043095004897159644,0.010773751224289911,0.017793013385569705,0.0,34381.0,63.35551643305204,6.296497383557042
1810.0,161,G2500255,Massachusetts,Washington,ok,165387,0.06756274676969774,4.232497112832327e-05,7.255709336283988e-05,3.627854668141994e-05,6.348745669248489e-05,0.0,7870.0,10336.304424714774,-0.2726043370327388
1810.0,162,G2500270,Massachusetts,Worcester,ok,64834,18.511521732424345,0.005043649936761575,0.007604034919949409,0.003593793380016658,0.004595839631469085,0.0,64910.0,4051.735703103808,2.7738563370686435
1810.0,163,G2500275,Massachusetts,York,ok,42185,11.914400853383905,0.003342420291572834,0.0045750859310181346,0.0017067678084627237,0.0024153646287245487,0.0,41877.0,2636.7189350838944,2.765201433610985
1820.0,279,G2500010,Massachusetts,Barnstable,ok,17302,111.3131429892498,0.036527569067159864,0.057276615420182635,0.021038030285516124,0.029703695141216804,0.06282510692405502,24026.0,1082.433600828053,3.099924737012944
1820.0,280,G2500030,Massachusetts,Berkshire,ok,39944,37.66503104346084,0.011140596835569798,0.016773482876026438,0.006584217905067094,0.009023183051510208,0.021430002002803924,35720.0,2496.006526590845,2.6610186906844855
1820.0,281,G2500050,Massachusetts,Bristol,ok,24009,78.20134116373026,0.018867924528301886,0.029780498979549336,0.012078803781915115,0.016211182711245185,0.04106793285851139,40908.0,1500.0637596944632,3.3058180292760007
1820.0,282,G2500070,Massachusetts,Dukes,ok,4573,42.045921714410674,0.005904220424229171,0.01858736059479554,0.0037174721189591076,0.010715066695823311,0.011589766017931337,3292.0,286.7532681569435,2.4406284086181005
1820.0,283,G2500090,Massachusetts,Essex,ok,21389,221.19888727850764,0.04609846182617233,0.07760998644162888,0.028472579363224088,0.03583217176068642,0.0958904109589041,74655.0,1336.2505502893696,4.023009905805415
1820.0,284,G2500110,Massachusetts,Franklin,ok,28692,57.63773874250662,0.01547469677959013,0.023351456852084205,0.00916631813745992,0.01278702273840291,0.038163948138854036,29268.0,1793.1384664548389,2.792527351248481
1820.0,285,G2500130,Massachusetts,Hampden,ok,26138,43.92868620399418,0.012701813451679547,0.018593618486494757,0.007192593159384804,0.009956767924095188,0.024217614201545643,28021.0,1634.1798413722763,2.8418131766449837
1820.0,286,G2500150,Massachusetts,Hampshire,ok,23969,61.60152697233927,0.016896825065709876,0.024782010096374485,0.010388418373732737,0.012975092828236476,0.03308440068421711,26487.0,1497.7850654517556,2.8726666527937503
1820.0,287,G2500170,Massachusetts,Middlesex,ok,35480,139.02452085682074,0.02669109357384442,0.04574408117249155,0.021166854565952648,0.025654124389327338,0.06662908680947012,61472.0,2217.5991195959327,3.322156653580384
1820.0,288,G2500190,Massachusetts,Nantucket,ok,2050,236.44341463414634,0.050731707317073174,0.06146341463414634,0.015121951219512195,0.017475579975579972,0.03219512195121951,7266.0,127.97545223444074,4.039122746671986
1820.0,289,G2500210,Massachusetts,Norfolk,ok,17645,162.22527628223293,0.04273165202606971,0.06676112213091527,0.026296401246812127,0.035144291966337886,0.08308302635307453,36471.0,1102.88423586389,3.4985886433643114
1820.0,290,G2500230,Massachusetts,Plymouth,ok,29108,128.85615638312493,0.03225917273601759,0.04984883880720077,0.01961660024735468,0.026155875982384173,0.06372818469149374,38136.0,1819.4614470414003,3.042618168822307
1820.0,291,G2500250,Massachusetts,Suffolk,ok,1021,474.42017629774733,0.04995102840352596,0.09990205680705191,0.02644466209598433,0.045408150452224884,0.07541625857002938,43940.0,63.35551643305204,6.54181836430351
1820.0,292,G2500270,Massachusetts,Worcester,ok,64844,78.06204120658812,0.01762691999259762,0.027034112639565726,0.011597063722163964,0.014549056930773059,0.03935599284436494,73625.0,4052.4002634563903,2.899675278761933
1830.0,426,G2500010,Massachusetts,Barnstable,ok,17302,215.7519361923477,0.06768003698994336,0.10825338111201017,0.034793665472199746,0.050359882333520935,0.2806611952375448,28514.0,1082.433600828053,3.27118335444553
1830.0,427,G2500030,Massachusetts,Berkshire,ok,39534,78.61253604492336,0.023827591440279253,0.03614610208934082,0.013229119239135934,0.018847444755207703,0.09447564122021551,37835.0,2470.308633744914,2.728891504379403
1830.0,428,G2500050,Massachusetts,Bristol,ok,24009,168.67778749635553,0.04252571952184597,0.06576700404015161,0.025407138989545587,0.03324309702542867,0.17780832187929527,49592.0,1500.0637596944632,3.4983219167318524
1830.0,429,G2500070,Massachusetts,Dukes,ok,4573,94.29499234638094,0.01793133610321452,0.056636781106494644,0.008090968729499234,0.022660960294898634,0.050513885851738466,3517.0,286.7532681569435,2.5067414792951226
1830.0,430,G2500090,Massachusetts,Essex,ok,21389,439.59736313058113,0.09229042966010566,0.1583524241432512,0.049230913086165784,0.06920541973118474,0.3380242180560101,82859.0,1336.2505502893696,4.127272772853858
1830.0,431,G2500110,Massachusetts,Franklin,ok,28735,108.27910214024709,0.029963459196102313,0.045589002958065075,0.017017574386636505,0.02434731780216382,0.13791543413955107,29501.0,1795.95458957915,2.798887475714659
1830.0,432,G2500130,Massachusetts,Hampden,ok,26138,99.50164511439284,0.027354809090213483,0.04151044456347081,0.01495906343255031,0.021883877636039238,0.10628204147218609,31639.0,1634.1798413722763,2.9632494844166417
1830.0,433,G2500150,Massachusetts,Hampshire,ok,24325,129.92156217882837,0.03634121274409044,0.053360739979445015,0.020184994861253854,0.02544449783401479,0.14195272353545735,30254.0,1519.9757569059486,2.9909340218129965
1830.0,434,G2500170,Massachusetts,Middlesex,ok,35325,320.1731068648266,0.0618825194621373,0.10414720452937014,0.04099079971691437,0.051318135273549274,0.2783581033262562,77961.0,2207.9744110735755,3.564133162487908
1830.0,435,G2500190,Massachusetts,Nantucket,ok,2050,400.4790243902439,0.1,0.11756097560975609,0.01951219512195122,0.0206257605811595,0.11414634146341464,7202.0,127.97545223444074,4.030275578099659
1830.0,436,G2500210,Massachusetts,Norfolk,ok,17800,318.07539325842697,0.07808988764044944,0.12376404494382022,0.04556179775280899,0.0622800054190504,0.3515730337078652,41972.0,1112.508944386249,3.630384954371974
1830.0,437,G2500230,Massachusetts,Plymouth,ok,29108,241.55572351243643,0.062044798680775046,0.0963652604095094,0.03425175209564381,0.04665615559527884,0.25501580321561085,43044.0,1819.4614470414003,3.1636822992579283
1830.0,438,G2500250,Massachusetts,Suffolk,ok,1021,1281.0558276199804,0.13222331047992164,0.4201762977473066,0.05778648383937316,0.08999940640489121,0.33986287952987265,62163.0,63.35551643305204,6.888753264790101
1830.0,439,G2500270,Massachusetts,Worcester,ok,64855,169.24670418626167,0.03938015573201758,0.06175314162362192,0.024161591242001387,0.03132422387915408,0.16220800246704187,84355.0,4053.0913417395927,3.0355541998437103
1840.0,572,G2500010,Massachusetts,Barnstable,ok,17302,324.0034678071899,0.10062420529418564,0.16096405039879783,0.046064038839440526,0.066611639590197,0.6225869841636805,32548.0,1082.433600828053,3.4035040825481713
1840.0,573,G2500030,Massachusetts,Berkshire,ok,39220,118.49421213666497,0.035594084650688425,0.05405405405405406,0.01845996940336563,0.026158938199032568,0.22705252422233554,41745.0,2450.9161542891648,2.8351177884614724
1840.0,574,G2500050,Massachusetts,Bristol,ok,24009,245.0230330292807,0.06110208671748094,0.0950476904494148,0.033778999541838474,0.044198302275708055,0.431921362822275,60164.0,1500.0637596944632,3.691566553125201
1840.0,575,G2500070,Massachusetts,Dukes,ok,4573,264.40454843647495,0.0378307456811721,0.12595670238355566,0.015307238136890444,0.0430454698495372,0.13689044390990596,3958.0,286.7532681569435,2.624871972983651
1840.0,576,G2500090,Massachusetts,Essex,ok,21389,659.5201739211744,0.14147458974239094,0.23825330777502454,0.06671653653747253,0.09384971698283558,0.7718453410631633,94987.0,1336.2505502893696,4.26387244495833
1840.0,577,G2500110,Massachusetts,Franklin,ok,28900,153.97923875432525,0.04370242214532872,0.06626297577854671,0.0228719723183391,0.033004275712753266,0.3091695501730104,28812.0,1805.927336932853,2.7697177470981913
1840.0,578,G2500130,Massachusetts,Hampden,ok,26152,155.5216427041909,0.0397292750076476,0.06076017130620985,0.0208779443254818,0.030013279563983156,0.259138880391557,37366.0,1634.9382298463702,3.129156176312585
1840.0,579,G2500150,Massachusetts,Hampshire,ok,24325,192.57323741007195,0.05348406988694759,0.07880781089414184,0.02828365878725591,0.035867653187283216,0.34557040082219936,30897.0,1519.9757569059482,3.011964706484764
1840.0,580,G2500170,Massachusetts,Middlesex,ok,35220,502.0101646791596,0.09860874503123225,0.1647075525269733,0.057779670641680866,0.0761314459836346,0.6798126064735945,106611.0,2201.3255802359245,3.8801269805185785
1840.0,581,G2500190,Massachusetts,Nantucket,ok,2050,694.0726829268293,0.17512195121951218,0.2048780487804878,0.02926829268292683,0.030745426138217458,0.2424390243902439,9012.0,127.97545223444074,4.254473835442973
1840.0,582,G2500210,Massachusetts,Norfolk,ok,17878,469.38494238729163,0.11080657791699296,0.17882313457881194,0.06152813513815863,0.08664887794893947,0.8009844501622105,53140.0,1117.3931477497104,3.861931514623909
1840.0,583,G2500230,Massachusetts,Plymouth,ok,29108,367.6792290779167,0.09426961660024735,0.14827538820942696,0.04754706609866703,0.06518027531221794,0.589425587467363,47373.0,1819.4614470414003,3.2595118970723984
1840.0,584,G2500250,Massachusetts,Suffolk,ok,1021,2167.9285014691477,0.2615083251714006,0.692458374142997,0.08619000979431929,0.14800940499073814,0.9030362389813908,95773.0,63.35551643305204,7.320974105439553
1840.0,585,G2500270,Massachusetts,Worcester,ok,65017,254.8669117307781,0.057415752803113035,0.09062245258932279,0.032606856668255996,0.04200203495195574,0.4033252841564514,95313.0,4063.517312841734,3.15511728091374
1850.0,689,G2500010,Massachusetts,Barnstable,ok,17302,631.6714830655416,0.20321350132932609,0.3521558201364004,0.06554155588949255,0.097374357183748,1.0710900473933649,35276.0,1082.433600828053,3.483991005739695
1850.0,690,G2500030,Massachusetts,Berkshire,ok,39220,232.3200662927078,0.06853646098929118,0.10764915859255482,0.029449260581336054,0.04412080586844733,0.41004589495155536,49591.0,2450.9161542891648,3.0073474704691514
1850.0,691,G2500050,Massachusetts,Bristol,ok,24009,505.0784289224874,0.13107584655754093,0.20167437211045858,0.06301803490357782,0.08367414548020805,0.7657128576783706,76192.0,1500.0637596944632,3.9277488566366863
1850.0,692,G2500070,Massachusetts,Dukes,ok,4573,448.13754646840147,0.0651650994970479,0.21583205773015526,0.026240979663240762,0.07296786130220226,0.28077848239667613,4540.0,286.7532681569435,2.7620601378565337
1850.0,693,G2500090,Massachusetts,Essex,ok,21447,1604.7659812561196,0.35813866741269174,0.6270807105888936,0.10798713106728214,0.15914668858933104,1.3699818156385508,131300.0,1339.8783230848708,4.58490597513684
1850.0,694,G2500110,Massachusetts,Franklin,ok,28900,284.46401384083043,0.07719723183391003,0.11927335640138409,0.03532871972318339,0.052313571568761846,0.5380622837370242,30870.0,1805.927336932853,2.8387106185851425
1850.0,695,G2500130,Massachusetts,Hampden,ok,26152,267.5369379014989,0.07035790761700826,0.10737228510247782,0.03273172223921689,0.04700380397363421,0.470939125114714,51283.0,1634.9382298463702,3.4457542895162523
1850.0,696,G2500150,Massachusetts,Hampshire,ok,24325,341.05171634121274,0.09504624871531346,0.1410071942446043,0.042589928057553954,0.05543875301290208,0.6271736896197327,35732.0,1519.9757569059482,3.157352260512582
1850.0,697,G2500170,Massachusetts,Middlesex,ok,35220,935.0983248154457,0.1885008517887564,0.3177739920499716,0.08966496308915389,0.12592900692663103,1.2530948324815445,161383.0,2201.325580235939,4.294720706528786
1850.0,698,G2500190,Massachusetts,Nantucket,ok,2050,1256.1151219512194,0.3224390243902439,0.3824390243902439,0.042926829268292686,0.044049422948724555,0.47073170731707314,8452.0,127.97545223444074,4.190319912626786
1850.0,699,G2500210,Massachusetts,Norfolk,ok,17878,883.7440429578253,0.20052578588208972,0.33566394451280906,0.09447365477122721,0.13844780838567133,1.4147555654994965,78892.0,1117.3931477497104,4.2570814028334985
1850.0,700,G2500230,Massachusetts,Plymouth,ok,29108,629.2928748110485,0.1671018276762402,0.2633296688195685,0.07238559846090421,0.09903648940768979,1.0462759378864916,55697.0,1819.4614470414003,3.4213857364384275
1850.0,701,G2500250,Massachusetts,Suffolk,ok,963,4648.857736240914,0.6292834890965732,2.2793354101765315,0.1557632398753894,0.5002714291971013,1.7435098650051921,144517.0,59.72774363755065,7.791355796675863
1850.0,702,G2500270,Massachusetts,Worcester,ok,65017,470.74832736053645,0.10638756017656921,0.16866358029438455,0.05044834427918852,0.06755362437616311,0.7273789931863974,130789.0,4063.517312841734,3.4715364058514777
1860.0,866,G2500010,Massachusetts,Barnstable,ok,17302,761.6240319038261,0.24159056756444341,0.4150387238469541,0.07426887065079181,0.11168284137764355,1.7100913189226679,35990.0,1082.433600828053,3.5040292818047
1860.0,867,G2500030,Massachusetts,Berkshire,ok,39220,291.8802651708312,0.088883222845487,0.13855175930647629,0.03531361550229475,0.05268986696709701,0.6998215196328403,55120.0,2450.9161542891648,3.1130507315209117
1860.0,868,G2500050,Massachusetts,Bristol,ok,24009,633.358032404515,0.15948186096880337,0.24661585238868758,0.07384730725977759,0.09887131866655569,1.3911866383439544,93794.0,1500.063760567681,4.135593273831527
1860.0,869,G2500070,Massachusetts,Dukes,ok,4573,555.8226547124426,0.08112836212551935,0.2674393177345288,0.030833151104307895,0.08589133559900189,0.5401268314017057,4403.0,286.7532681569435,2.731419252576894
1860.0,870,G2500090,Massachusetts,Essex,ok,21409,2082.334672334065,0.4595263674155729,0.7979354477089075,0.12522770797328225,0.18572884752027138,2.3652202344808257,165611.0,1337.4815341359497,4.81885327142666
1860.0,871,G2500110,Massachusetts,Franklin,ok,28900,326.13723183391005,0.08768166089965398,0.13602076124567475,0.03875432525951557,0.05785607427208787,0.8881660899653979,31434.0,1805.927336932853,2.8568158897252127
1860.0,872,G2500130,Massachusetts,Hampden,ok,26018,352.4793988777001,0.0912060880928588,0.140133753555231,0.03951110769467292,0.05772367051385425,0.8003689753247751,57366.0,1626.5350947867685,3.56299974975813
1860.0,873,G2500150,Massachusetts,Hampshire,ok,24459,430.1291957970481,0.11966965125311746,0.17748068195756164,0.05061531542581463,0.06728512941369688,1.0476716137209208,37823.0,1528.37889196555,3.2087097572419703
1860.0,874,G2500170,Massachusetts,Middlesex,ok,35211,1422.2660532220045,0.2790889210758002,0.47331799721677886,0.11076084178239755,0.16239710525134016,2.1429098861151346,216354.0,2200.8163578034346,4.588087591797169
1860.0,875,G2500190,Massachusetts,Nantucket,ok,2050,1311.7834146341463,0.3448780487804878,0.4073170731707317,0.045853658536585365,0.04660698138464527,0.8253658536585365,6094.0,127.97545223444074,3.8632214934364932
1860.0,876,G2500210,Massachusetts,Norfolk,ok,17878,1232.6290412797853,0.272066226647276,0.47835328336502964,0.11382705000559347,0.16909114578634385,2.348808591565052,109950.0,1117.3931476965406,4.589027291340596
1860.0,877,G2500230,Massachusetts,Plymouth,ok,29108,766.6977463240346,0.2049264806925931,0.32321011405799094,0.0838944620035729,0.11463944117170771,1.744949841967844,64768.0,1819.4614470414003,3.5722711051447282
1860.0,878,G2500250,Massachusetts,Suffolk,ok,963,7916.398753894081,1.1651090342679127,3.9501557632398754,0.19937694704049844,0.6848492729363512,3.259605399792316,192700.0,59.72774363755065,8.079093224404746
1860.0,879,G2500270,Massachusetts,Worcester,ok,65064,595.3201309479897,0.13296139186032213,0.2122679208164269,0.058634575187507684,0.0796518132574772,1.2256854789130702,159659.0,4066.423324486081,3.670276467848911
1870.0,992,G2500010,Massachusetts,Barnstable,ok,17302,885.8210611490001,0.2769044041151312,0.47676569182753437,0.08299618541209108,0.1247505418159232,2.4345162408970062,32774.0,1082.433600828053,3.410423677837793
1870.0,993,G2500030,Massachusetts,Berkshire,ok,39220,423.72266700662925,0.1193778684344722,0.18697093319734828,0.0409484956654768,0.06229725083072842,1.050203977562468,64827.0,2450.9161542891648,3.275260288058954
1870.0,994,G2500050,Massachusetts,Bristol,ok,23745,993.4828384923142,0.20564329332491052,0.32402611076016,0.0861233943988208,0.11725607063867144,2.0882291008633396,102886.0,1483.050944515894,4.239520164259143
1870.0,995,G2500070,Massachusetts,Dukes,ok,4573,1092.7887601137109,0.17056636781106493,0.6267220642904002,0.042860266783293244,0.12110163044798905,0.8508637655805816,3787.0,286.7532681569435,2.580707274722935
1870.0,996,G2500090,Massachusetts,Essex,ok,21409,2738.041197627166,0.6021299453500865,1.0509131673595218,0.14367789247512727,0.22017673401097745,3.534354710635714,200843.0,1337.4815341359497,5.011735114879216
1870.0,997,G2500110,Massachusetts,Franklin,ok,28900,380.30854671280275,0.10069204152249135,0.15692041522491348,0.042422145328719726,0.06298348759639959,1.2732179930795848,32635.0,1805.927336932853,2.8943111121582556
1870.0,998,G2500130,Massachusetts,Hampden,ok,26018,448.75259435775234,0.11661157660081482,0.17991390575755245,0.04596817587823814,0.06649334291862874,1.1941348297332617,78409.0,1626.5350947867685,3.875486673112948
1870.0,999,G2500150,Massachusetts,Hampshire,ok,24459,533.1546261089987,0.14677623778568216,0.21816100412935935,0.05666625781920765,0.07626613088122446,1.542785886585715,44388.0,1528.37889196555,3.3687615366864216
1870.0,1000,G2500170,Massachusetts,Middlesex,ok,35297,2016.4774060118423,0.3965209507890189,0.6779896308468142,0.13307079921806386,0.20225769130494978,3.243731761906111,274353.0,2206.090180346884,4.823193798809549
1870.0,1001,G2500190,Massachusetts,Nantucket,ok,2050,1385.0678048780487,0.3702439024390244,0.43658536585365854,0.04780487804878049,0.048517370466957366,1.2068292682926829,4123.0,127.97545223444074,3.4724978665977386
1870.0,1002,G2500210,Massachusetts,Norfolk,ok,17243,1645.6762744302036,0.40329409035550656,0.659282027489416,0.14005683465754218,0.20836059955187164,3.4474859363219856,89443.0,1077.763352591042,4.418713626993953
1870.0,1003,G2500230,Massachusetts,Plymouth,ok,29108,921.8366084925107,0.24622097018001923,0.3923320049470936,0.09533461591315102,0.132180811923712,2.5575443177133432,65365.0,1819.4614470414003,3.5814463979336058
1870.0,1004,G2500250,Massachusetts,Suffolk,ok,1598,10322.35607008761,1.6570713391739675,5.267834793491865,0.2590738423028786,0.8540326526039875,4.930538172715895,270802.0,99.35753875937722,7.910418358579238
1870.0,1005,G2500270,Massachusetts,Worcester,ok,64978,757.755455692696,0.16750284711748592,0.26926036504663114,0.06785373511034504,0.09476972384601663,1.8028717412047155,192716.0,4061.149501921399,3.8597515404986247
1880.0,1140,G2500010,Massachusetts,Barnstable,ok,17302,1112.6685932262167,0.3381112010172234,0.5824760143336031,0.09553808808230263,0.14615804739555885,3.2519361923477055,31897.0,1082.433600828053,3.3833001211950084
1880.0,1141,G2500030,Massachusetts,Berkshire,ok,39220,718.7790668026518,0.1949515553289138,0.3102498725140235,0.052753697093319736,0.08054974656274982,1.4628505864354922,69032.0,2450.9161542891648,3.338108270021515
1880.0,1142,G2500050,Massachusetts,Bristol,ok,23745,1960.697620551695,0.4043798694461992,0.6456096020214782,0.12941671930932827,0.17636102942464435,2.998020635923352,139040.0,1483.0509445947832,4.540660246561038
1880.0,1143,G2500070,Massachusetts,Dukes,ok,4573,1495.0959982506013,0.2241417012901815,0.8209053137983818,0.053356658648589544,0.16052891618414702,1.2807784823966761,4300.0,286.7532681569435,2.707748148502794
1880.0,1144,G2500090,Massachusetts,Essex,ok,21409,4238.976411789435,0.8957447802326125,1.576813489653884,0.17576720070998178,0.27309933895490734,4.893923116446354,244535.0,1337.4815341359497,5.208570054515078
1880.0,1145,G2500110,Massachusetts,Franklin,ok,28900,549.5059861591695,0.1410726643598616,0.22024221453287196,0.05162629757785467,0.07655133604912741,1.700968858131488,36001.0,1805.927336932853,2.9924724959191673
1880.0,1146,G2500130,Massachusetts,Hampden,ok,26018,1015.9278576370206,0.20827888384964255,0.32512107002844187,0.06434007225766777,0.09321477735362746,1.6682681220693367,104142.0,1626.5350947867685,4.159303308893565
1880.0,1147,G2500150,Massachusetts,Hampshire,ok,24459,780.3765893944969,0.20446461425242243,0.30573612984995296,0.06925875955680935,0.09318863212078635,2.1074859969745288,47232.0,1528.37889196555,3.430864003026112
1880.0,1148,G2500170,Massachusetts,Middlesex,ok,35111,3860.6527299137024,0.7572270798325311,1.3065990715160491,0.1701745891600923,0.2708171482254834,4.576514482640768,317830.0,2194.390730262533,4.975612212277771
1880.0,1149,G2500190,Massachusetts,Nantucket,ok,2050,1482.0321951219512,0.4009756097560976,0.47268292682926827,0.04975609756097561,0.05024878414760214,1.6126829268292684,3727.0,127.97545223444074,3.371520433370097
1880.0,1150,G2500210,Massachusetts,Norfolk,ok,16738,2621.8920420599834,0.6359182698052336,1.0395507229059624,0.17642490142191422,0.26376794439950746,4.808818257856375,96507.0,1046.263755811298,4.524390054110271
1880.0,1151,G2500230,Massachusetts,Plymouth,ok,29108,1409.2000824515596,0.3814758829187852,0.6152604095094132,0.12161605057028996,0.17269258383100658,3.5057372543630616,74018.0,1819.4614470414003,3.705767757788354
1880.0,1152,G2500250,Massachusetts,Suffolk,ok,2296,17114.203397212543,2.909843205574913,8.537456445993032,0.3715156794425087,0.9515684311458908,7.191202090592334,387927.0,143.04063161820324,7.905443729483336
1880.0,1153,G2500270,Massachusetts,Worcester,ok,64971,1246.2458481476351,0.26773483554201105,0.4352403379969525,0.08760831755706393,0.12637947821837914,2.486186144587585,226897.0,4060.665455934117,4.023149304429718
1890.0,1090,G2500010,Massachusetts,Barnstable,ok,17302,1311.5437521673796,0.38816321812507226,0.6747774823719801,0.10495896428158594,0.1636984448574802,4.186047855739221,29172.0,1082.433600828053,3.293997504835747
1890.0,1091,G2500030,Massachusetts,Berkshire,ok,39220,944.9456144824069,0.2427332993370729,0.3882967873533911,0.05900050994390617,0.09069254828613656,1.9847016828148905,81108.0,2450.9161542891648,3.4993197047217257
1890.0,1092,G2500050,Massachusetts,Bristol,ok,23745,2934.9486628763952,0.5728363866077069,0.9266793009054538,0.15266371867761633,0.2108966021227865,4.299178774478838,186465.0,1483.0509445947832,4.834142138955745
1890.0,1093,G2500070,Massachusetts,Dukes,ok,4573,1845.0706319702601,0.2694073912092718,0.9840367373715285,0.06057292805598076,0.1846809786026721,1.8160944675267876,4369.0,286.7532681569435,2.723667275772576
1890.0,1094,G2500090,Massachusetts,Essex,ok,21409,5811.57690690831,1.2004764351440982,2.126488859825307,0.20014946984912887,0.31615423068438253,6.555981129431547,299995.0,1337.4815341359497,5.412977414411422
1890.0,1095,G2500110,Massachusetts,Franklin,ok,28900,732.1611418685121,0.17761245674740483,0.2776470588235294,0.05795847750865052,0.08659858588195167,2.2178892733564015,38610.0,1805.927336932853,3.06243709034722
1890.0,1096,G2500130,Massachusetts,Hampden,ok,26018,1565.9440003074794,0.30079175955108,0.47532477515566146,0.07721577369513413,0.11331406522009019,2.3157045122607425,135713.0,1626.5350947867685,4.424090318236953
1890.0,1097,G2500150,Massachusetts,Hampshire,ok,24459,1000.97845373891,0.2534854245880862,0.3796148656936097,0.07682243754855063,0.1040848712096282,2.789975060305,51859.0,1528.37889196555,3.52432087128856
1890.0,1098,G2500170,Massachusetts,Middlesex,ok,35111,6087.917034547578,1.1620574748654269,2.0116202899376265,0.19552277064167925,0.3168851294234053,6.259633733018142,431167.0,2194.390730262533,5.280591049691308
1890.0,1099,G2500190,Massachusetts,Nantucket,ok,2050,1659.0390243902439,0.4653658536585366,0.5585365853658537,0.06292682926829268,0.0657335260705792,2.053658536585366,3268.0,127.97545223444074,3.240094989870732
1890.0,1100,G2500210,Massachusetts,Norfolk,ok,16738,3979.1183534472457,0.9225116501374119,1.5332178276974548,0.20581909427649658,0.3236037791534475,6.5601625044808225,118950.0,1046.263755811298,4.73347774628501
1890.0,1101,G2500230,Massachusetts,Plymouth,ok,29108,1917.7335783976914,0.5060464477119693,0.8261989830974302,0.13934313590765426,0.1991314858942429,4.694310842380101,92700.0,1819.4614470414003,3.930827923491592
1890.0,1102,G2500250,Massachusetts,Suffolk,ok,2296,38678.4756097561,6.772212543554007,18.50130662020906,0.4847560975609756,1.3748824089858591,11.059668989547038,484780.0,143.04063161820324,8.128321731670042
1890.0,1103,G2500270,Massachusetts,Worcester,ok,64971,2075.2294716104107,0.4064736574779517,0.6776561850671838,0.10195317911068015,0.15166973897418726,3.3582675347462714,280787.0,4060.665455934117,4.236249509198543
1900.0,1106,G2500010,Massachusetts,Barnstable,ok,17302,1837.378857935499,0.5279158478788579,0.9309328401340885,0.13252803144145187,0.21262625953220826,5.2155242168535425,27826.0,1082.4336008280563,3.2467589951334426
1900.0,1107,G2500030,Massachusetts,Berkshire,ok,39220,1853.464788373279,0.4682049974502805,0.7585415604283529,0.08291687914329424,0.1274413921686129,2.569122896481387,95667.0,2450.9161542891597,3.6644115162215094
1900.0,1108,G2500050,Massachusetts,Bristol,ok,23745,7731.043251210781,1.4453990313750262,2.4263213308064855,0.23499684144030322,0.34238224500104464,5.8198357548957675,252029.0,1483.0509445947812,5.135442745299338
1900.0,1109,G2500070,Massachusetts,Dukes,ok,4573,2674.0205554340696,0.4084845834244478,1.452000874699322,0.0859392083971135,0.273999978771391,2.4161382024928932,4561.0,286.753268156944,2.7666750235328386
1900.0,1110,G2500090,Massachusetts,Essex,ok,21409,13204.16053995983,2.667242748376851,4.7219860806203,0.26988649633331774,0.44076666119424385,8.461348031201831,357030.0,1337.4815341359497,5.587031418423236
1900.0,1111,G2500110,Massachusetts,Franklin,ok,28900,1457.7582698961937,0.34802768166089965,0.5508996539792388,0.08024221453287197,0.12088245356972718,2.7970934256055364,41209.0,1805.9273369328732,3.127582459172501
1900.0,1112,G2500130,Massachusetts,Hampden,ok,26018,3530.3250057652394,0.7000922438311938,1.1211853332308401,0.11472826504727496,0.17133038066627923,3.1031977861480513,175603.0,1626.535094786789,4.681773721764295
1900.0,1113,G2500150,Massachusetts,Hampshire,ok,24459,2087.8739114436403,0.5441759679463593,0.8479496299930496,0.10433787154012837,0.14287055739203391,3.546874361175845,58820.0,1528.378891965531,3.650274307173966
1900.0,1114,G2500170,Massachusetts,Middlesex,ok,35111,13014.58457463473,2.469510979465125,4.2324627609581045,0.2476431887442682,0.4005249658383504,8.195465808436103,565696.0,2194.3907302625457,5.55215239507586
1900.0,1115,G2500190,Massachusetts,Nantucket,ok,2050,2126.788292682927,0.6619512195121952,0.7882926829268293,0.08634146341463414,0.09243540925574234,2.604878048780488,3006.0,127.97545223444264,3.1565271042037435
1900.0,1116,G2500210,Massachusetts,Norfolk,ok,16738,8541.274286055681,1.874477237423826,3.1856255227625763,0.2819930696618473,0.4529920076212087,8.618950890189987,151539.0,1046.263755811273,4.975617527099744
1900.0,1117,G2500230,Massachusetts,Plymouth,ok,29108,3659.194620035729,0.9598392194585681,1.5933076817369796,0.1875772983372269,0.2752536863818026,6.065617699601484,113985.0,1819.461447041425,4.137526311709627
1900.0,1118,G2500250,Massachusetts,Suffolk,ok,2296,155279.70644599304,18.040505226480835,47.391114982578394,0.6676829268292683,1.7664563435015879,16.013937282229964,611417.0,143.04063161820113,8.360405765999138
1900.0,1119,G2500270,Massachusetts,Worcester,ok,64971,3949.646534607748,0.7320804666697449,1.2426928937525974,0.13602992104169553,0.2102107895690631,4.3734435363469855,346958.0,4060.665455934112,4.447856869572148
1910.0,1119,G2500010,Massachusetts,Barnstable,ok,17302,2097.779563056294,0.5949023234308173,1.0434053866605018,0.144260779100682,0.23305152451123987,6.526875505721882,27542.0,1082.433600828053,3.2365002720186946
1910.0,1120,G2500030,Massachusetts,Berkshire,ok,39220,2095.9740438551758,0.5332483426823049,0.8638959714431412,0.08750637429882713,0.13470862283673066,3.394314125446201,105259.0,2450.9161542891648,3.759962084411005
1910.0,1121,G2500050,Massachusetts,Bristol,ok,23745,10012.62964834702,1.8200884396715098,3.060433775531691,0.2552116234996841,0.38290326461384744,8.164497789008212,318573.0,1483.0509445947832,5.369750233166068
1910.0,1122,G2500070,Massachusetts,Dukes,ok,4573,2945.395364093593,0.45003280122457906,1.5902033675923901,0.09206210365186968,0.28816981949093956,3.275311611633501,4504.0,286.7532681569435,2.7540990166406667
1910.0,1123,G2500090,Massachusetts,Essex,ok,21409,16242.281563828297,3.2199075155308514,5.681535802699799,0.2894109953757765,0.4806619567536171,11.070063991779158,436477.0,1337.4815341359497,5.787947288585045
1910.0,1124,G2500110,Massachusetts,Franklin,ok,28900,1641.3621453287196,0.3892387543252595,0.617439446366782,0.08474048442906575,0.12840930412772047,3.5996539792387545,43600.0,1805.927336932853,3.1839829304260636
1910.0,1125,G2500130,Massachusetts,Hampden,ok,26269,5208.368837793597,1.0305302828428946,1.6485972058319693,0.1296966005557882,0.19471876324638865,4.238303703985687,231369.0,1642.2985485775328,4.947917024042009
1910.0,1126,G2500150,Massachusetts,Hampshire,ok,24208,2329.2021645736945,0.6097571050892266,0.9459682749504296,0.11087243886318572,0.15244146692696986,4.611368142762723,63327.0,1512.6154381747851,3.7344715477214288
1910.0,1127,G2500170,Massachusetts,Middlesex,ok,35111,16706.462362222665,3.179459428669078,5.444846344450458,0.27242174817008913,0.4411785971734221,10.655435618467147,669915.0,2194.390730262533,5.721246402302623
1910.0,1128,G2500190,Massachusetts,Nantucket,ok,2050,2245.290243902439,0.7126829268292683,0.8497560975609756,0.09365853658536585,0.09953306940716025,3.3960975609756097,2962.0,127.97545223444074,3.1417815287185826
1910.0,1129,G2500210,Massachusetts,Norfolk,ok,16738,11524.635739036921,2.501672840243757,4.301409965348309,0.3073843947902975,0.48907493590584056,11.429860198351058,187506.0,1046.263755811276,5.188585354434541
1910.0,1130,G2500230,Massachusetts,Plymouth,ok,29108,4279.5056341899135,1.1236773395630066,1.8714442764875636,0.20128487013879345,0.29643973360626746,7.913151023773533,144337.0,1819.461447041405,4.3736102940885235
1910.0,1131,G2500250,Massachusetts,Suffolk,ok,2296,225480.33667247387,26.537020905923345,68.11498257839722,0.6872822299651568,1.9561721123567166,22.669425087108014,731388.0,143.04063161820324,8.539570650581116
1910.0,1132,G2500270,Massachusetts,Worcester,ok,64971,4840.424604823691,0.8844407504886795,1.499730649058811,0.14581890381862678,0.22607918954084283,5.729648612457866,399657.0,4060.665455934117,4.589259813659436
1920.0,1165,G2500010,Massachusetts,Barnstable,ok,17302,2607.637325164721,0.7413593804184487,1.2928563171887644,0.17026933302508382,0.27670286843180214,7.963588024505838,26670.0,1082.433600828053,3.2043274979076837
1920.0,1166,G2500030,Massachusetts,Berkshire,ok,39220,2424.9534166241715,0.6299592044875064,1.0210861805201428,0.0957164711881693,0.1472260573246751,4.26529831718511,113033.0,2450.9161542891648,3.8312179162920423
1920.0,1167,G2500050,Massachusetts,Bristol,ok,23745,12245.224552537376,2.3294167193093283,3.886712992208886,0.282122552116235,0.4357819138045241,10.711181301326596,359005.0,1483.0509445947832,5.489234901011849
1920.0,1168,G2500070,Massachusetts,Dukes,ok,4573,3442.6477148480208,0.5224141701290181,1.8655149792258912,0.10583861797507108,0.3445030272657176,4.189809752897442,4372.0,286.7532681569435,2.724353696117569
1920.0,1169,G2500090,Massachusetts,Essex,ok,21409,20321.900462422345,4.14288383390163,7.237003129524966,0.32033257041431173,0.526185751154279,13.884768088187212,482156.0,1337.4815341359497,5.887479319699827
1920.0,1170,G2500110,Massachusetts,Franklin,ok,28900,1885.972214532872,0.4479930795847751,0.7110726643598616,0.09224913494809689,0.13934237489106308,4.4463321799307955,49361.0,1805.927336932853,3.3080864187822767
1920.0,1171,G2500130,Massachusetts,Hampden,ok,26269,7586.36754349233,1.6049716395751645,2.5177205070615556,0.15409798621949827,0.2321008988222469,5.559785298260307,300305.0,1642.2985485775328,5.208701810280597
1920.0,1172,G2500150,Massachusetts,Hampshire,ok,24208,2660.2360376734964,0.7049735624586914,1.0863350958360873,0.12148876404494383,0.16731444712239446,5.712367812293457,69599.0,1512.6154381747851,3.8289099686504495
1920.0,1173,G2500170,Massachusetts,Middlesex,ok,35111,21727.912705419953,4.222238045057105,7.188003759505568,0.3064566660021076,0.4927657183035907,13.370966363817606,778352.0,2194.390730262533,5.871274427654066
1920.0,1174,G2500190,Massachusetts,Nantucket,ok,2050,2637.4863414634146,0.8785365853658537,1.0375609756097561,0.11951219512195121,0.12461093167682695,4.264878048780488,2797.0,127.97545223444074,3.0844642270927984
1920.0,1175,G2500210,Massachusetts,Norfolk,ok,16521,14654.870528418376,3.3252224441619758,5.759276072876944,0.33569396525634043,0.537606792716882,14.28000726348284,219081.0,1032.6065348057405,5.357355302507602
1920.0,1176,G2500230,Massachusetts,Plymouth,ok,29108,5158.410746186615,1.3833653978287757,2.305654802803353,0.22059227703724063,0.3305337377037395,9.902741514360313,156968.0,1819.461447041405,4.457501413837581
1920.0,1177,G2500250,Massachusetts,Suffolk,ok,2513,266640.9037007561,32.13609231993633,79.34938320732192,0.7202546756864305,1.9845114766876077,29.643454038997213,835522.0,156.69785262373836,8.58149251268214
1920.0,1178,G2500270,Massachusetts,Worcester,ok,64971,6168.440996752397,1.155377014360253,1.9560265349155777,0.164765818595989,0.25777134042546995,7.1913007341737085,455135.0,4060.665455934117,4.719247212654825
1930.0,1185,G2500010,Massachusetts,Barnstable,ok,17302,3487.855623627326,1.0258929603514044,1.769910992948792,0.20974453820367586,0.34051608902417035,9.705351982429777,32305.0,1082.433600828053,3.3960101767238893
1930.0,1186,G2500030,Massachusetts,Berkshire,ok,39220,2738.9053799082103,0.7370984191738909,1.1944926058133605,0.10675675675675676,0.16611058707546036,5.224349821519633,120700.0,2450.9161542891648,3.8968462329189943
1930.0,1187,G2500050,Massachusetts,Bristol,ok,23745,14361.109496736155,2.920783322804801,4.842661612971152,0.3129500947567909,0.4965844840778574,13.562897452095179,364590.0,1483.0509445947832,5.504672019594775
1930.0,1188,G2500070,Massachusetts,Dukes,ok,4573,4095.771266127269,0.621255193527225,2.202274218237481,0.12245790509512355,0.39099624328524196,5.261972446971353,4953.0,286.7532681569435,2.849126579409378
1930.0,1189,G2500090,Massachusetts,Essex,ok,21409,23415.234901209773,4.893409313839974,8.497687888271289,0.34247279181652573,0.567342230682577,16.9949553925919,498040.0,1337.4815341359497,5.91989200164499
1930.0,1190,G2500110,Massachusetts,Franklin,ok,28900,2128.274740484429,0.5124567474048443,0.8123529411764706,0.10183391003460207,0.15434065932758181,5.372387543252596,49612.0,1805.927336932853,3.313158520024158
1930.0,1191,G2500130,Massachusetts,Hampden,ok,26269,9727.409417945106,2.2304998286954203,3.45795424264342,0.17789028893372416,0.27208142188120005,7.138299897217252,335496.0,1642.2985485775328,5.31951321925021
1930.0,1192,G2500150,Massachusetts,Hampshire,ok,24208,3015.380204890945,0.811384666226041,1.2461169861202908,0.13495538664904164,0.18944941291681475,6.929031725049571,72801.0,1512.6154381747851,3.8738894606014207
1930.0,1193,G2500170,Massachusetts,Middlesex,ok,35111,27196.824186152488,5.482270513514283,9.2514596565179,0.344194127196605,0.5519346102879957,16.456666002107603,934924.0,2194.390730262533,6.054560806199934
1930.0,1194,G2500190,Massachusetts,Nantucket,ok,2050,3117.316585365854,1.0951219512195123,1.2848780487804878,0.1448780487804878,0.14921646992742824,5.418048780487805,3678.0,127.97545223444074,3.358285939055105
1930.0,1195,G2500210,Massachusetts,Norfolk,ok,16521,19817.11591308032,4.691059863204407,8.100599237334302,0.37709581744446463,0.6053028013893206,17.68391743841172,299426.0,1032.6065348057405,5.6697810866223515
1930.0,1196,G2500230,Massachusetts,Plymouth,ok,29108,6490.258107736705,1.8343754294352068,3.0645527002885804,0.2481448399065549,0.37749458793225144,12.125876047821905,162311.0,1819.461447041405,4.490973698867623
1930.0,1197,G2500250,Massachusetts,Suffolk,ok,2513,302240.34818941506,37.04615996816554,89.71229606048547,0.7345801830481496,2.0245175222718905,36.81456426581775,879536.0,156.6978526237354,8.632830329143209
1930.0,1198,G2500270,Massachusetts,Worcester,ok,64971,7244.864862784935,1.4178633544196642,2.389389112065383,0.1847747456557541,0.2898952733846584,8.854488925828447,491242.0,4060.665455934117,4.795590012478481
1940.0,1183,G2500010,Massachusetts,Barnstable,ok,17302,4257.799445150849,1.3014680383770663,2.23956768003699,0.2443648133163796,0.40133115356642096,11.820598774708126,37295.0,1082.433600828053,3.5396474291208873
1940.0,1184,G2500030,Massachusetts,Berkshire,ok,39220,2998.7836053034166,0.8418408975012749,1.3667771545130036,0.11917389087200408,0.18824246072287038,6.296889342172361,122273.0,2450.9161542891648,3.9097943545338616
1940.0,1185,G2500050,Massachusetts,Bristol,ok,23745,15379.519435670667,3.236555064224047,5.360412718467046,0.3359444093493367,0.5407644299813374,16.69294588334386,364637.0,1483.0509445947832,5.504800923214813
1940.0,1186,G2500070,Massachusetts,Dukes,ok,4573,4613.260879072819,0.7314673081128362,2.5661491362344195,0.14410671331729719,0.4579590252506009,6.508200306144762,5669.0,286.7532681569435,2.9841458611454437
1940.0,1187,G2500090,Massachusetts,Essex,ok,21409,25252.081694614415,5.365313653136531,9.301742257928908,0.36064272035125416,0.5981120744987547,20.320612826381428,496313.0,1337.4815341359497,5.916418382645495
1940.0,1188,G2500110,Massachusetts,Franklin,ok,30039,2209.6528512933187,0.5488864476180965,0.8698358800226372,0.10802623256433304,0.1632799280341464,6.1544658610473055,49453.0,1876.929472229245,3.271385541402213
1940.0,1189,G2500130,Massachusetts,Hampden,ok,26269,10861.430088697705,2.5353077772279113,3.9505881457230956,0.20137805017320795,0.3112745107570952,8.941299630743462,332107.0,1642.2985485775328,5.309360391562393
1940.0,1190,G2500150,Massachusetts,Hampshire,ok,22611,3503.9084074123216,0.964442085710495,1.4762283844146655,0.1612931758878422,0.22635188469012218,8.868780681968953,72461.0,1412.640522653366,3.9375878219348617
1940.0,1191,G2500170,Massachusetts,Middlesex,ok,35111,30065.25382358805,6.114978211956367,10.359972658141324,0.3737005496852838,0.601564213715821,19.89615789923386,971390.0,2194.390730262533,6.092823599075615
1940.0,1192,G2500190,Massachusetts,Nantucket,ok,2050,3420.3448780487806,1.2682926829268293,1.4770731707317073,0.16439024390243903,0.16733274304620385,6.8082926829268295,3401.0,127.97545223444074,3.2799863188980343
1940.0,1193,G2500210,Massachusetts,Norfolk,ok,16521,23592.15465165547,5.582894497911749,9.701228739180436,0.40844985170389203,0.6625371700312853,21.459596876702378,325180.0,1032.6065348057405,5.752292653227276
1940.0,1194,G2500230,Massachusetts,Plymouth,ok,29108,7389.309090284458,2.1231620173148276,3.5534217397279098,0.2736704685996977,0.42526855967399946,14.599938161330218,168824.0,1819.461447041405,4.530316203069791
1940.0,1195,G2500250,Massachusetts,Suffolk,ok,2513,317274.9641862316,39.71985674492638,94.83127735773975,0.7457222443294866,2.0358516229926353,44.12216474333466,863248.0,156.69785262373836,8.614137852896828
1940.0,1196,G2500270,Massachusetts,Worcester,ok,65429,8025.890369713736,1.6181662565529047,2.730318360360085,0.2047104494948723,0.323668581911446,10.642039462623607,504470.0,4089.638236159135,4.815051857883042
1950.0,1183,G2500010,Massachusetts,Barnstable,ok,17302,6162.456479019766,2.022251762801988,3.5165876777251186,0.30337533233152236,0.5172974825220635,14.311698069587331,46805.0,1082.433600828053,3.7667781945374688
1950.0,1184,G2500030,Massachusetts,Berkshire,ok,39220,3458.275624681285,1.0116777154513004,1.6535696073431922,0.1371494135645079,0.21882110014817738,7.501529831718511,132966.0,2450.9161542891648,3.993631561258274
1950.0,1185,G2500050,Massachusetts,Bristol,ok,23745,17481.921962518423,3.862244683091177,6.4149505158980835,0.37186776163402824,0.617349925034079,20.07054116656138,381569.0,1483.0509445947832,5.550190284420918
1950.0,1186,G2500070,Massachusetts,Dukes,ok,4573,5233.389022523507,0.8593920839711349,3.004810846271594,0.17144106713317298,0.5391940631676201,7.968729499234638,5633.0,286.7532681569435,2.977775285715854
1950.0,1187,G2500090,Massachusetts,Essex,ok,21409,28949.293287869586,6.248587042832454,10.848381521789902,0.3950207856508945,0.6637982632590299,23.836610771171003,522384.0,1337.4815341359497,5.9676145561825935
1950.0,1188,G2500110,Massachusetts,Franklin,ok,30039,2529.0230034288757,0.6399680415459902,1.0183428209993675,0.12150870534971205,0.1864094533858063,7.242384899630481,52747.0,1876.929472229245,3.3358697165339177
1950.0,1189,G2500130,Massachusetts,Hampden,ok,26269,13403.675511058662,3.3428375651909095,5.300696638623473,0.24294796147550343,0.38020594157659887,11.006319235600898,367971.0,1642.2985485775328,5.4119073161291515
1950.0,1190,G2500150,Massachusetts,Hampshire,ok,22611,4209.735748087214,1.2112246251824332,1.846756003715006,0.18760780151253814,0.2652887765007978,10.49414002034408,87594.0,1412.640522653366,4.12725183829142
1950.0,1191,G2500170,Massachusetts,Middlesex,ok,35111,34813.52063455897,7.2124405456979295,12.297826891857254,0.42995072769217624,0.7055973396804869,23.653983082224944,1064569.0,2194.390730262533,6.1844208650341725
1950.0,1192,G2500190,Massachusetts,Nantucket,ok,2050,3803.169756097561,1.4960975609756098,1.7336585365853658,0.204390243902439,0.20868455490813165,8.409268292682928,3484.0,127.97545223444074,3.3040978718632323
1950.0,1193,G2500210,Massachusetts,Norfolk,ok,16947,29098.173600047205,6.942585708384965,12.172773942290672,0.4591963179323774,0.758792962573301,25.67929427037234,392308.0,1059.192369187743,5.914540543706351
1950.0,1194,G2500230,Massachusetts,Plymouth,ok,28682,9042.852939125583,2.676173209678544,4.513178997280525,0.30866048392720175,0.49532891037931603,17.132940520186878,189468.0,1792.8756126594114,4.660399326476593
1950.0,1195,G2500250,Massachusetts,Suffolk,ok,2513,332244.63231197774,42.24990051730999,100.10465578989256,0.7648229208117787,2.0846855138073765,51.55192996418623,896615.0,156.69785262373836,8.652062394905148
1950.0,1196,G2500270,Massachusetts,Worcester,ok,65429,9427.349508627673,2.0001834049121947,3.387886105549527,0.23648535053263844,0.38071223250753183,12.716242033349127,546401.0,4089.638236159135,4.894896623090091
1960.0,1183,G2500010,Massachusetts,Barnstable,ok,17302,9404.681597503179,3.0945555427118254,5.4012252918737715,0.37232689862443646,0.6355142943446813,17.459195468731938,70286.0,1082.433600828053,4.173360792183144
1960.0,1184,G2500030,Massachusetts,Berkshire,ok,39220,4117.386537480877,1.215655277919429,2.0050994390617034,0.15846506884242734,0.25748168626026025,8.906297807241204,142135.0,2450.9161542891648,4.060315415009083
1960.0,1185,G2500050,Massachusetts,Bristol,ok,23745,20541.38812381554,4.717414192461571,7.892987997473152,0.4110760160033691,0.7077090252788324,23.84923141714045,398488.0,1483.0509445947832,5.593575969897359
1960.0,1186,G2500070,Massachusetts,Dukes,ok,4573,5990.964793352286,1.0133391646621475,3.5315985130111525,0.20795976383118303,0.6555619182348399,9.737371528537066,5829.0,286.7532681569435,3.01197858486669
1960.0,1187,G2500090,Massachusetts,Essex,ok,21409,35628.986547713575,7.712831052361157,13.505535055350553,0.44934373394366856,0.7666600283123002,27.775982063618105,568831.0,1337.4815341359497,6.052794984267935
1960.0,1188,G2500110,Massachusetts,Franklin,ok,30039,2843.5803788408402,0.7345783814374647,1.1723093312027697,0.13738806218582508,0.21127971785102084,8.476979926096075,54864.0,1876.929472229245,3.3752202135534963
1960.0,1189,G2500130,Massachusetts,Hampden,ok,26269,17809.529216947732,4.541170200616697,7.3678861014884465,0.2947580798660018,0.4715067342277471,13.559937568997677,429353.0,1642.2985485775328,5.566182609813748
1960.0,1190,G2500150,Massachusetts,Hampshire,ok,22611,5336.2579275573835,1.5398257485294768,2.361018973066207,0.21984874618548494,0.3171374542023731,12.422316571580204,103229.0,1412.640522653366,4.291489157169639
1960.0,1191,G2500170,Massachusetts,Middlesex,ok,35111,43565.18672210988,9.155706188943636,15.852325482042664,0.508074392640483,0.8559877272662674,28.093531941556776,1238742.0,2194.390730262533,6.335947191137619
1960.0,1192,G2500190,Massachusetts,Nantucket,ok,2050,4356.940975609756,1.8297560975609757,2.1278048780487806,0.25414634146341464,0.26574958245262265,10.473170731707317,3559.0,127.97545223444074,3.3253964194010313
1960.0,1193,G2500210,Massachusetts,Norfolk,ok,16521,38472.499788148416,9.118031596150354,16.209248834816293,0.5244839900732401,0.8912591025517496,30.248168997034078,510256.0,1032.6065348057405,6.20282633862238
1960.0,1194,G2500230,Massachusetts,Plymouth,ok,29108,12100.038546104164,3.554040126425725,6.0625944757455,0.35203380513948057,0.5807402338378537,20.481173560533186,248449.0,1819.461447041405,4.91669704400529
1960.0,1195,G2500250,Massachusetts,Suffolk,ok,2513,352669.83923597296,45.04257859132511,105.9299641862316,0.7827298050139275,2.1053733862150947,59.17150815758058,791329.0,156.6978526237354,8.527149643951997
1960.0,1196,G2500270,Massachusetts,Worcester,ok,65429,11561.499594980818,2.4911736386006207,4.2454721912301885,0.26955936969845173,0.4390509124740278,15.140625716425438,583228.0,4089.638236159135,4.960121675190027
1970.0,1182,G2500010,Massachusetts,Barnstable,ok,17302,15468.628713443533,4.666107964397179,8.231071552421685,0.46052479482140796,0.7996413045188421,21.33522136169229,96656.0,1082.433600828053,4.491946443110146
1970.0,1183,G2500030,Massachusetts,Berkshire,ok,39220,4714.739138194798,1.383248342682305,2.2838347781744006,0.18281489036206017,0.29621479480610896,10.530698623151453,149402.0,2450.9161542891648,4.110178764305479
1970.0,1184,G2500050,Massachusetts,Bristol,ok,23745,24911.189092440512,5.7586860391661405,9.72743735523268,0.46283428090124235,0.8467175961525646,28.048431248683933,444301.0,1483.0509445947832,5.702400845714774
1970.0,1185,G2500070,Massachusetts,Dukes,ok,4573,7764.853487863547,1.3352285151979006,4.6070413295429695,0.26656461841242074,0.8456973881944064,11.911874043297617,6117.0,286.7532681569435,3.060204906063705
1970.0,1186,G2500090,Massachusetts,Essex,ok,21409,42108.15255266477,8.74963800270914,15.616282871689476,0.49722079499276006,0.8776720193499971,32.2502218693073,637887.0,1337.4815341359497,6.1673727582312186
1970.0,1187,G2500110,Massachusetts,Franklin,ok,30039,3321.073537734279,0.8546223243117281,1.3604647291853924,0.16202270381836945,0.25007531548870726,9.888112120909485,59210.0,1876.929472229245,3.451453264376617
1970.0,1188,G2500130,Massachusetts,Hampden,ok,26269,21810.1502531501,5.318131638052457,8.667592980319007,0.3343865392668164,0.5399258924267081,16.590125242681488,459050.0,1642.2985485775328,5.633062322002981
1970.0,1189,G2500150,Massachusetts,Hampshire,ok,22611,6763.352085268232,1.93136084206802,3.0178231834063065,0.2561142806598558,0.3758916597710518,14.67498120383884,123981.0,1412.640522653366,4.474667663903834
1970.0,1190,G2500170,Massachusetts,Middlesex,ok,35111,52549.92304406027,10.534277007205718,18.718179487909772,0.5742644755204922,1.0218928020712101,33.287260402722794,1397268.0,2194.390730262533,6.4563697441518775
1970.0,1191,G2500190,Massachusetts,Nantucket,ok,2050,5267.764878048781,2.2941463414634145,2.6541463414634148,0.31853658536585366,0.3383349941242354,13.046341463414635,3774.0,127.97545223444074,3.384052259819334
1970.0,1192,G2500210,Massachusetts,Norfolk,ok,16521,47681.82785545669,10.452575509957024,19.141577386356758,0.5747230797167242,1.0246768921118243,35.558198656255676,605051.0,1032.6065348057405,6.373226530058533
1970.0,1193,G2500230,Massachusetts,Plymouth,ok,29108,16302.090559296414,4.5505359351381065,7.8428610691218905,0.4073107049608355,0.6881832605822598,24.06355641060877,333314.0,1819.461447041405,5.210544439551742
1970.0,1194,G2500250,Massachusetts,Suffolk,ok,2513,382481.5447672105,46.54357341822523,112.41822522881019,0.7998408276959809,2.5758622148063646,66.974930362117,735190.0,156.69785262373836,8.453564802663308
1970.0,1195,G2500270,Massachusetts,Worcester,ok,65429,13962.04973329869,2.937718748567149,5.051383942899937,0.30877745342279417,0.5167647638444145,17.903681853612312,637969.0,4089.638236159135,5.049833177496728
1980.0,1182,G2500010,Massachusetts,BARNSTABLE COUNTY,ok,17302,22266.1044387932,6.3122760374523175,11.327707779447463,0.5335221361692289,0.9866186520031357,26.10703964859554,147925.0,1082.433600828053,4.917493548276519
1980.0,1183,G2500030,Massachusetts,BERKSHIRE COUNTY,ok,39220,5224.476007139215,1.5249107598164202,2.517159612442631,0.20879653238143805,0.34107541263144336,12.420142784293727,145110.0,2450.9161542891648,4.0810301803185105
1980.0,1184,G2500050,Massachusetts,BRISTOL COUNTY,ok,23745,28856.63268056433,6.533375447462624,11.124320909665192,0.5089071383449147,0.9681595478975943,32.78197515266372,474641.0,1483.0509445947832,5.7684573138520605
1980.0,1185,G2500070,Massachusetts,DUKES COUNTY,ok,4573,10999.98316203805,1.8392739995626504,6.357752022742182,0.34594358189372404,1.1229458770116647,14.762737808878198,8942.0,286.7532681569435,3.439892403615066
1980.0,1186,G2500090,Massachusetts,ESSEX COUNTY,ok,21409,47645.88971927694,9.526460834228596,17.298659442290624,0.5437432855341212,1.012658605578195,37.198561352702136,633632.0,1337.4815341359497,6.160679950836162
1980.0,1187,G2500110,Massachusetts,FRANKLIN COUNTY,ok,30039,3801.393388594827,0.9828223309697394,1.5614700888844502,0.1920836246213256,0.297060689975276,11.573687539531942,64317.0,1876.929472229245,3.534186799824836
1980.0,1188,G2500130,Massachusetts,HAMPDEN COUNTY,ok,26269,24264.874262438614,5.796299821081884,9.503978073013819,0.3663253264303932,0.619694936604558,20.008603296661462,443018.0,1642.2985485775328,5.597513586687125
1980.0,1189,G2500150,Massachusetts,HAMPSHIRE COUNTY,ok,22611,7884.790986687895,2.215160762460749,3.474857370306488,0.28981469196408827,0.43223917244690685,17.30670912387776,138813.0,1412.640522653366,4.587667039474771
1980.0,1190,G2500170,Massachusetts,MIDDLESEX COUNTY,ok,35111,59318.27114009854,11.433795676568597,20.69761613169662,0.6226538691578138,1.1617479667950061,39.09421548802369,1367034.0,2194.390730262533,6.434494272034473
1980.0,1191,G2500190,Massachusetts,NANTUCKET COUNTY,ok,2050,7095.82487804878,3.1521951219512196,3.6190243902439025,0.4029268292682927,0.43723211304637855,16.338048780487807,5087.0,127.97545223444074,3.6826050787136038
1980.0,1192,G2500210,Massachusetts,NORFOLK COUNTY,ok,16521,54507.457296773806,11.293807880878882,21.062465952424187,0.6164275770231826,1.1297409283982003,41.3565764784214,606587.0,1032.6065348057405,6.375761942158226
1980.0,1193,G2500230,Massachusetts,PLYMOUTH COUNTY,ok,29108,19823.93101552838,5.33784526590628,9.227635014429023,0.45664422151985706,0.783787658762287,28.230245980486465,405437.0,1819.461447041405,5.406424948656591
1980.0,1194,G2500250,Massachusetts,SUFFOLK COUNTY,ok,2513,399301.88460007956,47.032232391563866,114.03461997612415,0.807799442896936,2.583818246921257,74.94866693195384,650142.0,156.69785262373836,8.330626634024256
1980.0,1195,G2500270,Massachusetts,WORCESTER COUNTY,ok,65429,15907.756102034265,3.313438994941081,5.706521573002797,0.3504409359764019,0.5928929508069926,21.08066759388039,646352.0,4089.638236159135,5.062887731698055
1990.0,1183,G2500010,Massachusetts,Barnstable County,ok,17302,30430.206854698878,8.033175355450236,14.714715061842561,0.5976187723962547,1.1673418114792067,31.622298000231186,186605.0,1082.433600828053,5.149782243052047
1990.0,1184,G2500030,Massachusetts,Berkshire County,ok,39220,6054.776644569098,1.7119326874043854,2.855430902600714,0.24204487506374298,0.40857047049509804,14.583018867924528,139352.0,2450.9161542891648,4.040541210990669
1990.0,1185,G2500050,Massachusetts,Bristol County,ok,23745,34656.85403242788,7.485323225942303,13.226363444935776,0.5547273110128448,1.1401398283615902,37.957970098968204,506325.0,1483.0509445947832,5.83307734064
1990.0,1186,G2500070,Massachusetts,Dukes County,ok,4573,16454.654712442596,2.620380494205117,9.0,0.42904001749398646,1.480910257187948,18.474524382243604,11639.0,286.7532681569435,3.7034946537631166
1990.0,1187,G2500090,Massachusetts,Essex County,ok,21409,55707.228735578494,10.581671259750571,19.74001588117147,0.5977392685319258,1.1746712629543352,42.66668223644262,670080.0,1337.4815341359497,6.216608714802896
1990.0,1188,G2500110,Massachusetts,Franklin County,ok,30039,4523.838609807251,1.1598255601051966,1.8509604181231065,0.2273377942008722,0.35745188991873106,13.575784813076334,70092.0,1876.929472229245,3.6201714826791047
1990.0,1189,G2500130,Massachusetts,Hampden County,ok,26269,27580.087136929462,6.413643458068446,10.610453386120522,0.40934180973771367,0.6973207332772352,23.76946210362024,456310.0,1642.2985485775328,5.627075588513021
1990.0,1190,G2500150,Massachusetts,Hampshire County,ok,22611,9612.409712087037,2.6035557914289504,4.138516651187475,0.33457166865684845,0.5089122823723726,20.304984299677148,146568.0,1412.640522653366,4.642028820434465
1990.0,1191,G2500170,Massachusetts,Middlesex County,ok,35111,69109.96286064196,12.480504685141408,23.336304861724248,0.6777648030531742,1.3304322575010843,45.43521973170801,1398468.0,2194.390730262533,6.457228194358688
1990.0,1192,G2500190,Massachusetts,Nantucket County,ok,2050,10273.703414634147,4.442926829268293,5.152682926829268,0.46439024390243905,0.5345076705862947,20.485365853658536,6012.0,127.97545223444074,3.849674284763704
1990.0,1193,G2500210,Massachusetts,Norfolk County,ok,16521,64185.04872586405,12.376066824042129,23.86308334846559,0.6695720598026754,1.299158951523764,47.6215120150112,616087.0,1032.6005812990431,6.391307730916979
1990.0,1194,G2500230,Massachusetts,Plymouth County,ok,28682,24152.67896241545,6.1313367268670245,10.806498849452618,0.5085419426818214,0.9105639945449441,32.61153336587407,435276.0,1792.8756126594114,5.492159494297061
1990.0,1195,G2500250,Massachusetts,Suffolk County,ok,2939,371362.7172507656,42.33650901667234,104.70261993875468,0.7890438924804355,2.624867105034688,78.56277645457638,663906.0,183.28368700572344,8.194860697436694
1990.0,1196,G2500270,Massachusetts,Worcester County,ok,65429,19447.169771813722,3.9193018386342446,6.90256614039646,0.40773968729462473,0.7203814116981051,24.729844564336915,709705.0,4089.644189665831,5.156391419657818
2000.0,1183,G2500010,Massachusetts,Barnstable County,ok,17302,36405.48936539129,9.113801872615882,16.750086695179746,0.62565021384811,1.213020152952833,37.6347821061149,222230.0,1082.433600828053,5.324501041307138
2000.0,1184,G2500030,Massachusetts,Berkshire County,ok,39220,6584.286333503314,1.8257776644569097,3.045996940336563,0.2619326874043855,0.4436621756918194,17.03350331463539,134953.0,2450.9161542891648,4.008464674488153
2000.0,1185,G2500050,Massachusetts,Bristol County,ok,23745,40130.04662034113,8.428132238365972,14.854495683301748,0.5984838913455465,1.2447409187268976,43.585807538429144,534678.0,1483.0509445947832,5.887563281585134
2000.0,1186,G2500070,Massachusetts,Dukes County,ok,4573,21705.276186310955,3.2654712442597855,11.147824185436257,0.4784605291930899,1.605766472971319,22.903345724907062,14987.0,286.7532681569435,3.956316284466136
2000.0,1187,G2500090,Massachusetts,Essex County,ok,21409,62751.297258162456,11.44364519594563,21.415993273856788,0.6367415572889906,1.2547887335683907,48.6133868933626,723419.0,1337.4815341359497,6.293200190594242
2000.0,1188,G2500110,Massachusetts,Franklin County,ok,30039,4958.0738040547285,1.2553014414594361,2.0070242018709012,0.24554745497519892,0.38973588225251815,15.875062418855489,71535.0,1876.929472229245,3.6405496582512296
2000.0,1189,G2500130,Massachusetts,Hampden County,ok,26269,30067.766949636454,6.8020861091019835,11.30465567779512,0.43450454908827896,0.7504433255753868,27.91012219726674,456228.0,1642.2985485775328,5.626895869969309
2000.0,1190,G2500150,Massachusetts,Hampshire County,ok,22611,11066.798682057406,2.8911591703153334,4.6050594843217905,0.3661492194064836,0.5598687138536809,23.70545309804962,152251.0,1412.640522653366,4.680069810558457
2000.0,1191,G2500170,Massachusetts,Middlesex County,ok,35111,77174.2687192048,13.407706986414514,25.152316937711827,0.7180940446014069,1.405468344807905,52.27572555609353,1465396.0,2194.390730262533,6.503976355729386
2000.0,1192,G2500190,Massachusetts,Nantucket County,ok,2050,14093.82975609756,5.867317073170732,6.742439024390244,0.5082926829268293,0.597037052080597,25.204390243902438,9520.0,127.97545223444074,4.30931166167625
2000.0,1193,G2500210,Massachusetts,Norfolk County,ok,16947,71806.86139139671,13.166637162919692,25.41883519206939,0.7098601522393344,1.4214052567206577,54.475777423732815,650308.0,1059.1864156810311,6.419945015770082
2000.0,1194,G2500230,Massachusetts,Plymouth County,ok,28682,28339.924865769473,6.8487901819956765,12.101422494944565,0.551600306812635,1.0002335706452201,37.756467470887664,472822.0,1792.8756126594114,5.5748981779610585
2000.0,1195,G2500250,Massachusetts,Suffolk County,ok,2513,467874.80660565064,50.05571030640669,126.92120970951055,0.823716673298846,2.6797099767822705,91.14285714285714,689807.0,156.69785262373836,8.389847681775558
2000.0,1196,G2500270,Massachusetts,Worcester County,ok,65429,22835.336410460193,4.475905179660395,7.895505051276957,0.4507481392043284,0.8012107496644356,28.894725580400127,750963.0,4089.644189665831,5.212898411828621
2010.0,1184,G2500010,Massachusetts,Barnstable County,ok,17303,39465.853898167945,9.592036063110443,17.711668496792463,0.6365948101485291,1.2581197447303674,43.8886320291279,215888.0,1082.4490542261944,5.295533637971915
2010.0,1185,G2500030,Massachusetts,Berkshire County,ok,39226,7056.903609850609,1.9183449752715036,3.2135828277163108,0.2771121195125682,0.47772748439148555,19.686126548717688,131219.0,2451.2377377830467,3.9802745870165217
2010.0,1186,G2500050,Massachusetts,Bristol County,ok,23740,43786.6301179444,8.908129738837406,15.806866048862679,0.6224094355518113,1.3153645723290983,49.6349199663016,548285.0,1482.8256665653423,5.912845723078869
2010.0,1187,G2500070,Massachusetts,Dukes County,ok,4573,24620.148042860266,3.5689919090312703,12.210802536628034,0.4922370435162913,1.6751971159031898,27.72009621692543,16535.0,286.7517913861874,4.054617622220391
2010.0,1188,G2500090,Massachusetts,Essex County,ok,21408,66911.28423953662,11.907791479820627,22.557315022421523,0.6508314648729447,1.312165595471917,54.894291853512705,743159.0,1337.4385135549228,6.320153791574383
2010.0,1189,G2500110,Massachusetts,Franklin County,ok,30034,5271.4139974695345,1.324299127655324,2.1248917893054537,0.256109742292069,0.4106262833535431,18.351235266697742,71372.0,1876.6394738924937,3.638422972123625
2010.0,1190,G2500130,Massachusetts,Hampden County,ok,26274,31730.02161832991,7.045063560934764,11.764139453452081,0.4507878511075588,0.7855185162769087,32.28686153611936,463490.0,1642.7028496332955,5.6424418455112955
2010.0,1191,G2500150,Massachusetts,Hampshire County,ok,22603,12119.611113568995,3.070433128345795,4.93284077334867,0.38304649825244436,0.5938048953830123,27.419634561783834,158080.0,1412.085563222625,4.7180334995812805
2010.0,1192,G2500170,Massachusetts,Middlesex County,ok,35098,82642.93700495755,13.952247991338538,26.471764772921535,0.733004729614223,1.4782492931888829,59.457148555473246,1503085.0,2193.53887737815,6.529758776344769
2010.0,1193,G2500190,Massachusetts,Nantucket County,ok,2050,15990.72243902439,6.397073170731708,7.378536585365854,0.5136585365853659,0.615259701816128,30.22,10172.0,127.96551947702037,4.375633277997235
2010.0,1194,G2500210,Massachusetts,Norfolk County,ok,16956,77244.71343477235,13.676633640009436,26.60485963670677,0.7257607926397736,1.472030164308879,61.59837225760793,670850.0,1059.8690421674469,6.4504002096698825
2010.0,1195,G2500230,Massachusetts,Plymouth County,ok,28682,31446.97688445715,7.268670246147409,13.005578411547312,0.5730423261976152,1.0639814219629848,43.27435325291123,494919.0,1792.9507226715968,5.620531401742399
2010.0,1196,G2500250,Massachusetts,Suffolk County,ok,2514,499475.85918854416,51.42800318217979,133.14638027048528,0.8277645186953063,2.81004929809983,99.23389021479714,722023.0,156.7873684541152,8.434921726980287
2010.0,1197,G2500270,Massachusetts,Worcester County,ok,65438,25067.61685870595,4.7818087349857885,8.540251841437696,0.47267642654115344,0.863251359619008,33.44984565542957,798552.0,4090.0935510736986,5.2742322447223815
2020.0,1184,G2500010,Massachusetts,Barnstable County,ok,17329,40961.918691211264,9.825841075653528,18.18402677592475,0.6400253909631254,1.2697697126336078,50.20220439725316,228996.0,1083.7193618055353,5.353305557976773
2020.0,1185,G2500030,Massachusetts,Berkshire County,ok,39224,7209.1943707933915,1.9425861717315929,3.2597899245359985,0.28123087905364064,0.4908628858466625,22.454237201713237,129026.0,2451.2939935983086,3.963397888659458
2020.0,1186,G2500050,Massachusetts,Bristol County,ok,23739,45596.71026580732,9.172500947807405,16.31682042209023,0.632840473482455,1.361274523818388,55.85879775896205,579200.0,1482.6912713798588,5.967788978023549
2020.0,1187,G2500070,Massachusetts,Dukes County,ok,4572,26559.797681539807,3.727471566054243,12.818022747156606,0.5017497812773404,1.7250041967484564,32.637139107611546,20600.0,286.7168625906248,4.274551167466486
2020.0,1188,G2500090,Massachusetts,Essex County,ok,21408,69651.58445440956,12.16022047832586,23.17245889387145,0.6580250373692078,1.3500457783703257,61.30610052316891,809829.0,1337.426666975745,6.406075744412744
2020.0,1189,G2500110,Massachusetts,Franklin County,ok,30029,5399.032968130807,1.3482966465749775,2.1676712511239136,0.26088114822338404,0.41998712193510174,20.912984115355158,71029.0,1876.550741709088,3.6336528645125545
2020.0,1190,G2500130,Massachusetts,Hampden County,ok,26266,32378.796466915403,7.130891646996116,11.943424960024366,0.45461813751618063,0.8008365766768486,36.790108886012334,465825.0,1642.4464202483582,5.647623177122278
2020.0,1191,G2500150,Massachusetts,Hampshire County,ok,22606,12580.71967619216,3.138768468548173,5.060426435459613,0.3890560028311068,0.6107597068278473,31.22255153499071,162308.0,1412.169514297929,4.7443685802571345
2020.0,1192,G2500170,Massachusetts,Middlesex County,ok,35093,86588.17313994243,14.275952469153392,27.164819194711196,0.7396916764027014,1.5124838128090825,66.75197332801413,1632002.0,2193.2096797934832,6.612196682927476
2020.0,1193,G2500190,Massachusetts,Nantucket County,ok,2012,18087.149105367793,6.845924453280318,7.949304174950298,0.5253479125248509,0.6436990613108773,35.684890656063615,14255.0,125.32185405623316,4.733977740796469
2020.0,1194,G2500210,Massachusetts,Norfolk County,ok,16950,81857.82218289086,14.073569321533924,27.510442477876108,0.7350442477876106,1.5273951267292096,68.84094395280236,725981.0,1059.8855243551277,6.529362937282826
2020.0,1195,G2500230,Massachusetts,Plymouth County,ok,28668,33398.686270406026,7.520196735035579,13.571124598855867,0.5856006697362913,1.1243057431249481,48.985419282824054,530819.0,1792.245083458408,5.690952026319814
2020.0,1196,G2500250,Massachusetts,Suffolk County,ok,2517,535040.10488677,52.394119984108066,138.16567342073898,0.8339292808899483,2.9042424895257377,107.30274135876043,797936.0,156.98169673507454,8.53365445546754
2020.0,1197,G2500270,Massachusetts,Worcester County,ok,65437,26196.019560798937,4.9109525192169565,8.827009184406375,0.4818527744242554,0.8962043646599869,38.19085532649724,862111.0,4089.993832548015,5.350840570556031
