mean_fit_time,std_fit_time,mean_score_time,std_score_time,param_n_estimators,param_min_samples_leaf,param_max_features,param_max_depth,params,split0_test_score,split1_test_score,split2_test_score,split3_test_score,split4_test_score,mean_test_score,std_test_score,rank_test_score,split0_test_r2,split1_test_r2,split2_test_r2,split3_test_r2,split4_test_r2,mean_test_r2,std_test_r2,rank_test_r2
0.7319967746734619,0.13290575431282672,0.03590292930603027,0.0018980319611987917,1000,2,0.5,10,"{'n_estimators': 1000, 'min_samples_leaf': 2, 'max_features': 0.5, 'max_depth': 10}",-0.229963657601394,-1.426877705172361,-0.3193842010418316,-0.917191082069498,-0.883955548577399,-0.7554744388924967,0.43812744515709273,1,0.9589571094279691,0.5434529899517843,0.9004737011837841,0.4346344439167452,0.6556953084048571,0.6986427105770279,0.20205347243958846,1
0.13317337036132812,0.003438446361962643,0.00909280776977539,0.0005069526041339601,200,1,0.5,15,"{'n_estimators': 200, 'min_samples_leaf': 1, 'max_features': 0.5, 'max_depth': 15}",-0.23211833259904574,-1.4130399243284784,-0.3259582446985429,-0.9626573704867836,-0.8691017193286376,-0.7605751182882977,0.4350825172442535,2,0.9581843926557327,0.5522651868096591,0.896334335356099,0.37719343739282096,0.6671693552579856,0.6902293414944596,0.21533068807645375,6
0.5584380626678467,0.004264684322819666,0.035242891311645506,0.001501901019461131,1000,2,sqrt,20,"{'n_estimators': 1000, 'min_samples_leaf': 2, 'max_features': 'sqrt', 'max_depth': 20}",-0.23345954859392562,-1.464149518650939,-0.3251113666505138,-0.9053193889537702,-0.8799875537141613,-0.7616054753126619,0.44669930940111235,3,0.9576997623282245,0.5192903321199367,0.8968723068903215,0.4491753809309549,0.6587794745231077,0.696363451358509,0.2011814383144112,2
0.5622607707977295,0.008283630403359195,0.03599987030029297,0.0015060026302809696,1000,2,sqrt,,"{'n_estimators': 1000, 'min_samples_leaf': 2, 'max_features': 'sqrt', 'max_depth': None}",-0.23345954859392562,-1.464149518650939,-0.325177113806312,-0.9053193889537702,-0.8799875537141613,-0.7616186247438217,0.44668646096853437,4,0.9576997623282245,0.5192903321199367,0.8968305917194864,0.4491753809309549,0.6587794745231077,0.696355108324342,0.20117312369254284,3
0.19539713859558105,0.0026058272262314396,0.012126445770263672,0.0001643292511274791,300,1,0.5,20,"{'n_estimators': 300, 'min_samples_leaf': 1, 'max_features': 0.5, 'max_depth': 20}",-0.23150810964079122,-1.4181877709768709,-0.3293773442285967,-0.9647858802099649,-0.8701097558263166,-0.7627937721765081,0.43634231537846485,5,0.9584039643054649,0.548996958425359,0.8941481524587275,0.37443624584808144,0.6663968334698389,0.6884764309014942,0.21620592037740985,7
0.32810583114624026,0.0051018274048891515,0.019866514205932616,0.0015921401376594218,500,1,0.5,,"{'n_estimators': 500, 'min_samples_leaf': 1, 'max_features': 0.5, 'max_depth': None}",-0.23495627961947801,-1.4146397136414313,-0.32675006910701315,-0.9693589704709904,-0.8706441882475814,-0.7632698442172988,0.43541920515979654,6,0.9571556421298898,0.551250796727805,0.8958300701245641,0.36849183978178546,0.6659869010439219,0.6877430499615933,0.21767321984524501,8
0.11244335174560546,0.0009240770801441761,0.007916402816772462,8.381698653587041e-05,200,4,0.5,10,"{'n_estimators': 200, 'min_samples_leaf': 4, 'max_features': 0.5, 'max_depth': 10}",-0.25704473803250916,-1.4377673037350724,-0.333917607499778,-0.8865837775249117,-0.9166274857586476,-0.7663881825101837,0.43225693664774084,7,0.9487213054604788,0.5364578778331323,0.8912098349426509,0.4717381348675316,0.6297732116513095,0.6955800729510206,0.1908439763741768,4
0.15332980155944825,0.0018917187888817808,0.011378335952758788,0.00014552726341577994,300,2,0.33,15,"{'n_estimators': 300, 'min_samples_leaf': 2, 'max_features': 0.33, 'max_depth': 15}",-0.2386804273905792,-1.5374661829781837,-0.3398185560531838,-0.8617347316824585,-0.8749241520572161,-0.7705248100323242,0.4638499469705815,8,0.9557866789015642,0.46994230613262056,0.8873308090089128,0.5009352520043636,0.6626949069961232,0.6953379906087169,0.1971577905210822,5
0.14308204650878906,0.0026252984367284267,0.008149957656860352,9.343083566290921e-05,200,2,1.0,20,"{'n_estimators': 200, 'min_samples_leaf': 2, 'max_features': 1.0, 'max_depth': 20}",-0.2358671120592176,-1.41245613458205,-0.3427656087313548,-1.019713372793337,-0.9127980665023799,-0.7847200589336679,0.4386893451175554,9,0.9568228170491774,0.5526350687840894,0.8853681036721087,0.3011790292910611,0.632860162721066,0.6657730363035005,0.23653507789585607,17
0.3951709270477295,0.0073699718321581465,0.028443193435668944,0.0030252783378350648,800,4,0.33,,"{'n_estimators': 800, 'min_samples_leaf': 4, 'max_features': 0.33, 'max_depth': None}",-0.2439276688760897,-1.5387027245432132,-0.3671528434173587,-0.8426595749365318,-0.931520019416627,-0.784792566237964,0.4604814520225121,10,0.9538213050234354,0.4690893417512575,0.8684760669176457,0.5227850733185534,0.6176452641372576,0.6863634102296299,0.19151335303608058,9
0.32641353607177737,0.004263358061001885,0.01719489097595215,0.0001458080861721454,500,4,1.0,,"{'n_estimators': 500, 'min_samples_leaf': 4, 'max_features': 1.0, 'max_depth': None}",-0.2541812426582012,-1.4225416026235904,-0.35150656825141346,-0.9764037663315598,-0.9421299107869392,-0.7893526181303409,0.43298380750272614,11,0.9498574378136398,0.5462235521603217,0.8794470381660136,0.3592795414351261,0.6088857205753491,0.66873865803009,0.2180747853092943,15
0.1953291416168213,0.003409330415611238,0.01108102798461914,0.00013969582393203822,300,4,1.0,10,"{'n_estimators': 300, 'min_samples_leaf': 4, 'max_features': 1.0, 'max_depth': 10}",-0.2586410741957773,-1.4235985515219567,-0.35567648135086366,-0.9800071913678621,-0.942942164138157,-0.7921730925149234,0.43171675391665776,12,0.9480824110922023,0.5455489895406769,0.8765698395509456,0.35454164811487865,0.6082110347906242,0.6665907846178655,0.21852355215098263,16
0.15912480354309083,0.0019327198871997282,0.01075739860534668,0.00016110544453194292,300,8,0.5,,"{'n_estimators': 300, 'min_samples_leaf': 8, 'max_features': 0.5, 'max_depth': None}",-0.2755111187314388,-1.4918123863223622,-0.3508017602725738,-0.9181802230669827,-0.9363330915835193,-0.7945277159953753,0.44449422280640544,13,0.9410888114097088,0.5009541872936676,0.8799299964571217,0.4334143539951024,0.6136838779610733,0.6738142454233347,0.20258714916493153,10
0.158253812789917,0.0010329513772636978,0.010745000839233399,9.103849152159909e-05,300,8,0.5,20,"{'n_estimators': 300, 'min_samples_leaf': 8, 'max_features': 0.5, 'max_depth': 20}",-0.2755111187314388,-1.4918123863223622,-0.3508017602725738,-0.9181802230669827,-0.9363330915835193,-0.7945277159953753,0.44449422280640544,13,0.9410888114097088,0.5009541872936676,0.8799299964571217,0.4334143539951024,0.6136838779610733,0.6738142454233347,0.20258714916493153,10
0.2658087253570557,0.0027714214383831263,0.01678943634033203,0.00010005152652672845,500,4,0.5,5,"{'n_estimators': 500, 'min_samples_leaf': 4, 'max_features': 0.5, 'max_depth': 5}",-0.28300805173983223,-1.467344035203788,-0.3948395945790464,-0.928405413420909,-0.925020592094824,-0.7997235374076798,0.4263569880967123,15,0.9378391266099663,0.5171903959942739,0.8478918829587208,0.4207246773897101,0.6229622025968257,0.6693216571098992,0.19549042684684026,14
0.5049705028533935,0.008250237738186237,0.031932735443115236,0.0007955213461618507,1000,4,sqrt,5,"{'n_estimators': 1000, 'min_samples_leaf': 4, 'max_features': 'sqrt', 'max_depth': 5}",-0.2853987768964356,-1.495783463657379,-0.3978656589618021,-0.8983196485566732,-0.9224201494584727,-0.7999575395061524,0.4325030664936942,16,0.9367844763529071,0.498293816380729,0.8455514247223632,0.45766017408654136,0.6250791003552116,0.6726737983795504,0.1889685772518933,12
0.4055931568145752,0.004453206475826272,0.027437448501586914,0.0008518305130824995,800,4,sqrt,5,"{'n_estimators': 800, 'min_samples_leaf': 4, 'max_features': 'sqrt', 'max_depth': 5}",-0.28567583183738987,-1.498268802520601,-0.3980599939408349,-0.9002366868781412,-0.9247251018839049,-0.8013932834121743,0.43341861456182995,17,0.9366616820338218,0.4966251981399017,0.845400509003841,0.4553429686454432,0.6232030473619505,0.6714466810369917,0.1898366374544108,13
0.16151952743530273,0.0021556035029871223,0.010710382461547851,6.0699815722725515e-05,300,2,0.5,5,"{'n_estimators': 300, 'min_samples_leaf': 2, 'max_features': 0.5, 'max_depth': 5}",-0.3018727991769806,-1.473019790874637,-0.42414564739449184,-0.9475871444229798,-0.8958226418049807,-0.808489604734814,0.41784121826834425,18,0.9292758904252773,0.5134481118336959,0.8244741742549817,0.396540651059058,0.6463886810899723,0.6620255017325971,0.19525076099560004,18
0.37795419692993165,0.003156816650906181,0.02690753936767578,0.0011316163430971065,800,8,0.33,15,"{'n_estimators': 800, 'min_samples_leaf': 8, 'max_features': 0.33, 'max_depth': 15}",-0.29097443129187633,-1.5826841116509098,-0.4183363744313869,-0.8600256098543069,-0.9605892811095725,-0.8225219616676105,0.4569954854416978,19,0.9342903459514199,0.4383050961493691,0.8292493946521017,0.5029129292673697,0.5934091878860241,0.6596333907812569,0.19086078376835502,19
0.5134200096130371,0.0044506618821411785,0.031915903091430664,0.0001742112011679632,1000,1,sqrt,5,"{'n_estimators': 1000, 'min_samples_leaf': 1, 'max_features': 'sqrt', 'max_depth': 5}",-0.3213992418672528,-1.5086172608829,-0.45007297563855575,-0.9996475393519881,-0.8945239337281632,-0.8348521902937719,0.42340679462197167,20,0.9198304915799672,0.48964762130867623,0.8023590789472534,0.328411111415048,0.6474132253852815,0.6375323057272452,0.21184124062029352,20
