year,bui,bldg_size,mu_ratio,age,dist_built,year
1810.0,0.8798496819273881,0.9184392617300624,0.17380772682567086,0.29488466088727766,0.7224314438371416,0.36862067625417017
1820.0,0.6398058775218871,0.6764765840666682,0.0359133830852852,0.2757869264257252,0.46866987036648544,0.36037138851539563
1830.0,0.5209288832682865,0.6200493361904178,0.036110055681882705,0.20834195371999178,0.3989064962887586,0.3243775529106733
1840.0,0.44958272772203794,0.5983130884115371,0.03639544737495758,0.17958320008797837,0.3535586134041297,0.3113484154279182
1850.0,0.37317109692315215,0.5751439159303733,0.042668677055165416,0.1779573105098373,0.33604236932220705,0.29809540174361937
1860.0,0.37495603270717465,0.5522650032899057,0.04156289404178092,0.15287278320329573,0.33830833225989154,0.2906039793351688
1870.0,0.3678979671399292,0.5013065543611984,0.03783739492726445,0.13672480011599358,0.35161741521969636,0.27608010615441386
1880.0,0.36288441059284204,0.4155193777777259,0.03497477451512,0.12265878990768962,0.34513179936224486,0.26494370589472926
1890.0,0.3601628774353473,0.36269098395716126,0.03893086477115,0.0911644970707421,0.36215186588879444,0.23726751097579674
1900.0,0.3235418303356992,0.37596739302591686,0.07839112600404537,0.08052864007742613,0.35137608503125894,0.06567163429382394
1910.0,0.35159401966510945,0.3956688696994636,0.08648972101023535,0.05527011022786382,0.3422086140287583,0.05690477511630361
1920.0,0.35719862462492247,0.3975656389058645,0.08429262991331934,0.05109334306483637,0.3216251270955027,0.058463554737914515
1930.0,0.3843523113447529,0.3946179268467174,0.07867340078516953,0.046700717755853195,0.3149925560534771,0.05766088560024526
1940.0,0.4000429987896224,0.3975025517114172,0.07931619497916309,0.043358069989312055,0.3189456070015175,0.06251174074302317
1950.0,0.4167797264148367,0.39953146719957255,0.07920357694829563,0.051354755833520026,0.32658966281863167,0.06781825122231908
1960.0,0.42018166034521476,0.42354657943345886,0.07961630383891682,0.06272636056429536,0.3481518330063362,0.09189591627810478
1970.0,0.43356496713393955,0.5022888206504882,0.07927962562905513,0.07240023374443698,0.3937459181811006,0.13161053270988418
1980.0,0.4426376057553254,0.5063119600798124,0.08704488232048387,0.08019067639273159,0.41614201778579274,0.1573171723377821
1990.0,0.4687865588216738,0.5177584191417715,0.09571219846425202,0.08604410539903842,0.42358070755703175,0.17500541372374226
2000.0,0.4939753988858456,0.532476612613375,0.10047064190053788,0.08980920958993653,0.4259923509038844,0.1822725141265706
2010.0,0.5135400119526229,0.5539086311036968,0.0960137509283748,0.08981097694196306,0.43485080228765044,0.1849290547674465
2020.0,0.5302070939324418,0.5721884255990839,0.08190428589688771,0.08862140741908228,0.44101783391331956,0.1824719576481165
