GISJOIN,year,y,y_hat,shap_bui,shap_bldg_size,shap_mu_ratio,shap_age,shap_dist_built,shap_year
G2500010,1810.0,3.0213758213701323,3.057734825548379,-0.7432365251803058,-0.8028946682601921,-0.01242602159062497,0.2952488691207058,-0.5073222478006123,0.37089079373585465
G2500030,1810.0,2.6662401987059408,2.567304296516341,-0.8200091632944299,-0.9035515009965845,-0.0778939371228006,0.2683266566853553,-0.7058733487604651,0.3488309644817119
G2500050,1810.0,3.209940562360288,3.0439517386293136,-0.7462759467616846,-0.8025655129399438,-0.017774276840431077,0.2946288148871566,-0.5128413622253868,0.3713053969860526
G2500055,1810.0,2.6736381513784027,2.6878821827014465,-0.7948147132180879,-0.8611516731842312,-0.054010336961407945,0.27045321780195397,-0.6801659942727181,0.35009705701238364
G2500070,1810.0,2.4400206905805577,2.3978336025182743,-0.8862232811164963,-0.9481761055813378,-0.07875085262824602,0.2673780984052699,-0.7616043454287398,0.34773546334427247
G2500090,1810.0,3.985241757154592,3.7499329373984844,-0.6045382722668786,-0.5976339244077082,0.0555562640911184,0.3905731618090416,-0.3980602993157897,0.4465613819651538
G2500150,1810.0,2.7398650425233635,2.7077457586083096,-0.7899622150156155,-0.8560525773068706,-0.052391795649410336,0.2711011965795488,-0.6730149790862688,0.35059150356336943
G2500153,1810.0,-0.0745471873087102,0.17090946108517616,-1.459633752519608,-1.4175539852479135,-0.6447731046714611,0.23312597190933523,-1.3132533947297125,0.3155231008209654
G2500155,1810.0,2.21571828581308,2.2931521578985357,-0.9075736074521586,-0.9689888873365344,-0.11333047654072621,0.26590329350002867,-0.7868222362220662,0.34648944642644774
G2500157,1810.0,2.6036498394632988,2.569755773957166,-0.8327716188968528,-0.894237281548351,-0.06839294663574862,0.2685511378079638,-0.7098461494491178,0.34897800715572047
G2500170,1810.0,3.169877702668717,3.162096749347747,-0.7269048708245361,-0.7660912356627269,-0.005813462955614739,0.3075769637285037,-0.4867259359547081,0.3825806654932762
G2500190,1810.0,3.9738683073387904,3.418660261012354,-0.6321057950088168,-0.6951882900277124,0.01443693737629952,0.34604091009751214,-0.48322965268496526,0.41123152573648375
G2500210,1810.0,3.34393058250359,3.24286422499999,-0.6964364629057185,-0.756316577836403,-0.01337381001101965,0.3218843328590945,-0.4638528062473086,0.3934849236177805
G2500215,1810.0,0.4602273383063797,0.21209690967308303,-1.4577312861436382,-1.4148325342725385,-0.6422215851176574,0.23351481749145017,-1.2797448179939805,0.315637690185874
G2500230,1810.0,2.9616244636775835,3.1439884303968397,-0.7233658927970159,-0.773610703310311,-0.01463560550337858,0.3076046351674943,-0.4928862843338328,0.3834076556503237
G2500235,1810.0,-0.3305137045804097,0.10126149803172373,-1.4792697901447567,-1.4382132906552798,-0.6636198011283053,0.23312597190933523,-1.3237593182938092,0.3155231008209654
G2500250,1810.0,6.296497383557042,4.835639236129224,-0.23839610714510034,-0.32929635999377505,0.17755803273156684,0.5347241457374372,-0.3149439505585423,0.5485188498340886
G2500255,1810.0,-0.2726043370327388,0.10392857555095611,-1.4786134644368378,-1.4378334979793916,-0.6633133048499563,0.23312597190933523,-1.3224348554367331,0.3155231008209654
G2500270,1810.0,2.7738563370686435,2.9227470321552604,-0.7743667134536711,-0.8329936993187196,-0.03897193810492697,0.28546365173916655,-0.5341554687429916,0.3602965745128473
G2500275,1810.0,2.765201433610985,2.6346537831342087,-0.8047641599655536,-0.8716029287347213,-0.06691004600271691,0.26934139859986495,-0.6980914292050839,0.3492063229188666
G2500010,1820.0,3.099924737012944,3.134704701048391,-0.7055143734905714,-0.6734805057067341,-0.019024517360245814,0.24768928051529904,-0.5130548762438817,0.3406150678109617
G2500030,1820.0,2.661018690684485,2.8036403614208205,-0.7827668027535719,-0.8243959304640739,-0.03389539471406178,0.23326129052461048,-0.5616882573616818,0.3156508306660376
G2500050,1820.0,3.3058180292760007,3.2201694144978643,-0.711994899641607,-0.660263005797528,0.027196014989840603,0.2514964162716728,-0.4807385631613255,0.3369988263132425
G2500070,1820.0,2.4406284086181005,2.6420214772308146,-0.7980053923245954,-0.8535244182754462,-0.040945054493648846,0.25409980993234665,-0.6949203424340286,0.31784224930263094
G2500090,1820.0,4.023009905805415,3.748771221062584,-0.4753064749926936,-0.592998423807808,0.026519116868335794,0.25564609528940924,-0.3441689037390591,0.42160518592083457
G2500110,1820.0,2.792527351248481,2.875843340176156,-0.7544867033557525,-0.7891144308733872,-0.0271892738593085,0.2197376819241796,-0.5463849797742014,0.31580642059106323
G2500130,1820.0,2.841813176644984,2.864440731987908,-0.7711635502548109,-0.7981324518271584,-0.030150889519041567,0.23710756352988238,-0.5481177515856115,0.3174231861210899
G2500150,1820.0,2.8726666527937503,2.883216075527633,-0.7544659094315554,-0.7930035980758948,-0.026010166325038303,0.23011228866217273,-0.5455340998665515,0.31464293504094315
G2500170,1820.0,3.322156653580384,3.4015726309208807,-0.6710008075545442,-0.6546691798852704,-0.021016247932439384,0.2867919544776647,-0.3614692089689831,0.3654614952608912
G2500190,1820.0,4.039122746671986,3.952917368879673,-0.3946519178355456,-0.5681131492875553,0.11260672995515356,0.37485928391891526,-0.41124309016869454,0.3819848867738292
G2500210,1820.0,3.4985886433643114,3.632825197177807,-0.5456613908489812,-0.6226620435838601,0.00861982641425183,0.27710789551519793,-0.33497323282611174,0.39291951698374966
G2500230,1820.0,3.042618168822307,3.156354441796123,-0.7025658476074088,-0.6734448776331295,-0.02284371394774265,0.2457203138918331,-0.4875922371560868,0.339606178725093
G2500250,1820.0,6.54181836430351,5.029647517123734,-0.16592472863106592,-0.22268033892355887,0.0966062632992503,0.5166671896588816,-0.2142655415667979,0.5617700477634621
G2500270,1820.0,2.899675278761933,3.015712580144278,-0.7237734865837152,-0.7441898227919511,-0.01016415351563395,0.23071990584808766,-0.5172271002777811,0.32287261194171
G2500010,1830.0,3.27118335444553,3.2239204467776683,-0.5067951861761548,-0.6434133051685901,-0.03366906774411425,0.1567842910555363,-0.5024202551696496,0.2959593444570704
G2500030,1830.0,2.728891504379403,2.9436690093345246,-0.7013949800224193,-0.7323201458455553,0.00824599547266959,0.1845846989853274,-0.537188904855025,0.26426772007596805
G2500050,1830.0,3.4983219167318524,3.3228999769565593,-0.5541543280412348,-0.6511321731879437,-0.00554872609909369,0.17826804388889728,-0.3951534081605176,0.29314594303288843
G2500070,1830.0,2.5067414792951226,2.752892910775762,-0.7258419604672394,-0.7718355944233092,-0.03393700472843616,0.2305660842517352,-0.6708411606393467,0.26730792125879965
G2500090,1830.0,4.127272772853858,3.980200445642142,-0.3210693418361743,-0.467252516040522,-0.022191575996404284,0.24646698773315615,-0.29685264174851417,0.3836249080070226
G2500110,1830.0,2.798887475714659,2.995833510682242,-0.7025067522279036,-0.699241668186668,-0.03790977713520227,0.16190833992272347,-0.4534847307513681,0.269593473537097
G2500130,1830.0,2.9632494844166417,3.0008303012246276,-0.6800028524441132,-0.6839119671007412,-0.017598586945776935,0.17516461926503024,-0.5207456078853795,0.2704500708120426
G2500150,1830.0,2.9909340218129965,2.9833123814985387,-0.6641592127928458,-0.6848548956436868,-0.021799427988502817,0.16096960992124995,-0.5378149964260486,0.27349667890481394
G2500170,1830.0,3.564133162487908,3.598960583382184,-0.42350823099265844,-0.6464641284503521,-0.03665877764583906,0.19596668691767788,-0.270669635016021,0.3228200430458016
G2500190,1830.0,4.030275578099659,3.8037359109226867,-0.30565667293338045,-0.5747483343023607,0.11386545655689025,0.24614211874929742,-0.44871190209323447,0.3153706194218963
G2500210,1830.0,3.630384954371974,3.8248788784877976,-0.44186438806520545,-0.7076052362189739,-0.06747378783779658,0.22178460582884615,-0.023762417396880873,0.38632547665423633
G2500230,1830.0,3.1636822992579283,3.278650469880045,-0.5146443756351795,-0.6623948608686686,-0.026780190853042448,0.16285955346833897,-0.4371340027036296,0.299269720948656
G2500250,1830.0,6.888753264790101,5.342098425003029,-0.17335502940928524,-0.09019585085178489,0.06073999908275768,0.4206309168451583,0.05521007264547541,0.611593691167143
G2500270,1830.0,3.0355541998437103,3.223030847096189,-0.5780510547122163,-0.6653200303766934,-0.01912240545983193,0.1746907952469103,-0.43470121255153,0.2880601294259896
G2500010,1840.0,3.4035040825481717,3.2844521648334184,-0.44865174273239034,-0.6232341496948974,-0.05065254249068709,0.11693272816626674,-0.42640627087849525,0.2589895169400553
G2500030,1840.0,2.8351177884614724,2.9356748136989297,-0.659556446497165,-0.6775644078262173,-0.02558706791579186,0.14720759058099034,-0.5416306348774623,0.23533115471101443
G2500050,1840.0,3.691566553125201,3.4885432031782715,-0.4671138215380487,-0.6507438561208357,-0.011296073375467463,0.16523427579172523,-0.27584842636274065,0.27083647926006205
G2500070,1840.0,2.624871972983651,3.0433028939146554,-0.5103523843162546,-0.6765493758276544,-0.03170328044175458,0.1748913832628367,-0.6106401616375069,0.24018208735142502
G2500090,1840.0,4.26387244495833,4.169288955135862,-0.32904429696214244,-0.4933886341075534,0.005839421425659409,0.20761203841982237,-0.08811745459321565,0.40891325542972085
G2500110,1840.0,2.7697177470981917,3.028688278732101,-0.6376827056671382,-0.6848526214609657,-0.03284464505949584,0.14370785711620598,-0.45727537771197946,0.24016114599190738
G2500130,1840.0,3.129156176312585,3.0897902015914163,-0.6324632728988528,-0.6644160093222841,-0.026818066207673893,0.15185657608287276,-0.43768757734290886,0.24184392575669797
G2500150,1840.0,3.011964706484764,3.122236894775969,-0.5523918842012622,-0.6450667792201903,-0.004558229183151621,0.14574404221030848,-0.5236911030792484,0.24472622272594072
G2500170,1840.0,3.8801269805185785,3.9686505365825187,-0.36759752903988707,-0.5934788184563232,-0.05379911391074896,0.19706711953785244,-0.04356827278914004,0.3725525257171993
G2500190,1840.0,4.254473835442973,3.795833088709392,-0.22817630270137276,-0.5630339422986497,0.08553055635144491,0.22746102316384023,-0.46870830225833476,0.2852854309288846
G2500210,1840.0,3.861931514623909,4.008246219162354,-0.38242586727980427,-0.648101830550098,-0.04358582229933591,0.19802295312630713,0.03232817055863955,0.3945339900830792
G2500230,1840.0,3.2595118970723984,3.325644074119823,-0.42998495311416235,-0.6085457089925012,-0.05271156230548903,0.11940595708271984,-0.4216835832704902,0.26168929919617695
G2500250,1840.0,7.320974105439553,5.812854503626616,-0.14627803042869825,0.19890337381048814,0.0734648091745561,0.37752390961919075,0.19998634153366907,0.6517794743938399
G2500270,1840.0,3.15511728091374,3.2666886154228387,-0.5024389507313523,-0.6485037300728601,-0.011145073108149509,0.141497347070758,-0.42224891076398435,0.2520533075048513
G2500010,1850.0,3.483991005739695,3.4555766352865334,-0.33834962800011104,-0.5320761430467271,-0.03669370826923709,0.11366480088192793,-0.4356404415927918,0.2271971297899042
G2500030,1850.0,3.0073474704691514,3.199971074022145,-0.5192647382488793,-0.6307300882442841,-0.011420254177230438,0.13565781914113254,-0.43768399962260746,0.20593770965044453
G2500050,1850.0,3.9277488566366863,3.8628709843345383,-0.3927431288750406,-0.6935861529370485,-0.06824835808015894,0.19827180723411794,0.0568789532044358,0.30482323826466673
G2500070,1850.0,2.7620601378565337,3.0017431031729584,-0.41666717095901773,-0.6622984257394602,-0.08410437181697251,0.1634599498495662,-0.6559559106105511,0.19983440692582952
G2500090,1850.0,4.58490597513684,4.6571378984652325,-0.310701717579922,-0.3196143074759013,-0.009031525341174882,0.23241089837781162,0.19352181416473793,0.4130781107961094
G2500110,1850.0,2.8387106185851425,3.1520502433525857,-0.4779902881643685,-0.6486246569279576,-0.05025126298211712,0.11637141643055726,-0.4498049371222802,0.20487534659518136
G2500130,1850.0,3.4457542895162523,3.279655521893902,-0.46420436107585367,-0.6285719184422148,-0.021077052516500216,0.14422489602757063,-0.4158175913259887,0.20762692370331423
G2500150,1850.0,3.157352260512582,3.216237634436563,-0.4467756265994258,-0.6348380078161884,-0.0446704733666684,0.11683458148717714,-0.4404152526215123,0.20862778782961347
G2500170,1850.0,4.294720706528786,4.408632088152252,-0.3629443359522844,-0.3751922803407839,-0.038441115143185725,0.20986028404667154,0.14691684167403332,0.3709580683442306
G2500190,1850.0,4.190319912626786,3.8005829834593206,-0.22362790699559165,-0.5425628979245043,0.060364360949185604,0.180279034081124,-0.3640207447922301,0.23267651261775643
G2500210,1850.0,4.2570814028334985,4.3861983724320375,-0.3882663707285776,-0.4006165149992805,-0.042549322324659286,0.18157670751392574,0.2233173388445321,0.3552619086025202
G2500230,1850.0,3.4213857364384275,3.58230545954534,-0.35257810494006403,-0.5253405189405042,-0.0379696353781855,0.1304654103447209,-0.3277282003036744,0.23798188323947758
G2500250,1850.0,7.791355796675863,6.69806160896268,-0.17639527161129703,0.9034728331628051,0.051759280029719495,0.42000592411198806,0.2698319356492535,0.7719122820966744
G2500270,1850.0,3.4715364058514777,3.602121007487096,-0.3538867071936959,-0.5544900770275658,-0.040780758397320586,0.14831881760943044,-0.28705920898227,0.2325443159549491
G2500010,1860.0,3.5040292818047,3.4378899192999794,-0.34387284622373454,-0.4937058052987921,-0.04018729037906482,0.08047673330649109,-0.42653594391056576,0.2042404462820825
G2500030,1860.0,3.113050731520912,3.172180153817219,-0.4699228204797952,-0.6317741628020056,-0.045980516899058604,0.11702494904395144,-0.4447747772721275,0.19013285670268765
G2500050,1860.0,4.135593273831527,3.9893127281332337,-0.3806605425642756,-0.6321439960727496,-0.04416223978250565,0.16282072730528332,0.12994079139285278,0.29604336233105055
G2500070,1860.0,2.731419252576894,2.9179593457102952,-0.4131562934089234,-0.6391604743507926,-0.08490323048710649,0.11065087565787363,-0.6949743169824028,0.18202815975808823
G2500090,1860.0,4.81885327142666,4.669594721977476,-0.3312120587683928,-0.3007438544006477,-0.012763153044328648,0.18268647220733628,0.30485968610490805,0.36929300435502654
G2500110,1860.0,2.8568158897252127,3.1311946411014815,-0.46361257753438145,-0.6383206493610533,-0.061289999143241,0.10234307210987922,-0.45220197490670794,0.18680214441341533
G2500130,1860.0,3.56299974975813,3.2996450238680595,-0.4229676308814204,-0.5872080991096097,-0.04779520945902392,0.11758270003885474,-0.41044325052563135,0.19300188828131762
G2500150,1860.0,3.2087097572419703,3.3003802365159984,-0.40055597675974774,-0.5892570218725921,-0.048496511748518434,0.1069477755303651,-0.42045931323275654,0.19472665907567685
G2500170,1860.0,4.588087591797169,4.59643981681476,-0.3568600514064892,-0.3053393583023247,-0.012658527612480527,0.1727287952383059,0.2883787123907293,0.35271562098344317
G2500190,1860.0,3.863221493436493,3.7067355945083538,-0.24546348954126526,-0.5329155073438314,0.030010815475562037,0.14209406144863354,-0.35424123145910474,0.20977632040478983
G2500210,1860.0,4.589027291340596,4.514626036817218,-0.35542513534096976,-0.3577226678742947,-0.018841005024264473,0.1653008800147598,0.28540331289375764,0.33843602662465855
G2500230,1860.0,3.572271105144728,3.667685039609698,-0.3693197532028419,-0.5286994237475323,-0.038194080691739137,0.09992863150377485,-0.18511252685242077,0.231607567076898
G2500250,1860.0,8.079093224404746,7.257500170445638,0.321988245323399,0.9275395744289561,0.051504307450645034,0.4489141367789937,0.16619813532838748,0.8838811456116997
G2500270,1860.0,3.670276467848911,3.6645314936448976,-0.37436703646480884,-0.5671794510934985,-0.045093629387394106,0.13071915466163764,-0.17279267838612913,0.23577050879152853
G2500010,1870.0,3.410423677837793,3.429066176814294,-0.3475266372571929,-0.4591199959547518,-0.04868120552923967,0.06923953047324703,-0.42840652112870004,0.18608638068736877
G2500030,1870.0,3.275260288058954,3.2529607215116925,-0.4077043174499641,-0.6087700628888701,-0.05021844825554304,0.10596868010026868,-0.4218629386601662,0.17807318314239806
G2500050,1870.0,4.239520164259143,4.161645111564022,-0.37348937759028855,-0.5124321116669392,-0.04648500792800417,0.13795697186271946,0.21702243342076225,0.28159757794219925
G2500070,1870.0,2.580707274722935,2.9075310926299704,-0.3955228419450084,-0.5975476511932843,-0.09462881225373128,0.1029069718908425,-0.7301594004913755,0.16500820109896766
G2500090,1870.0,5.011735114879216,4.809351444280458,-0.3144097063061842,-0.19760857316578842,-0.0017467179338451235,0.16576945352042935,0.35350506195614884,0.3463673006861088
G2500110,1870.0,2.894311112158256,3.2271880571178593,-0.4380153518287326,-0.6189401215823596,-0.05925084931698816,0.08259273502762338,-0.37772647589929065,0.18105349519403963
G2500130,1870.0,3.875486673112948,3.561927999169103,-0.34583512804770794,-0.5155254911398915,-0.031116689972503348,0.11031835217405914,-0.30812630143078656,0.19473863206236638
G2500150,1870.0,3.3687615366864216,3.366881429009811,-0.3667716181330602,-0.5265505080093599,-0.047337999079379335,0.08228320438565316,-0.41625712189097414,0.18404084621336828
G2500170,1870.0,4.823193798809549,4.788607741086782,-0.3348117825571929,-0.18004414682071798,-0.0051786317806978,0.1765902467733398,0.33613786820686176,0.33843956174161033
G2500190,1870.0,3.472497866597738,3.482349244159096,-0.29732802649371487,-0.5550096227697775,-0.010106518466759369,0.09802345113220758,-0.39775811560555596,0.1870534508391302
G2500210,1870.0,4.418713626993953,4.500776613079633,-0.3792504349317999,-0.3155956551702981,-0.028364998884910703,0.13965155028656187,0.3078732915448932,0.3189882347116228
G2500230,1870.0,3.5814463979336058,3.6562071322012604,-0.36778041264418626,-0.5120298253321014,-0.036570906662235614,0.07888214369920417,-0.1751407322937834,0.21137223991079956
G2500250,1870.0,7.910418358579238,7.470381230367722,0.4170468703540103,0.8774383066517569,0.057158611496764544,0.448578846863384,0.35324228801111873,0.8594416814671179
G2500270,1870.0,3.8597515404986247,3.7866582723353495,-0.36507903441996614,-0.5416796887108802,-0.012878131421100118,0.11538506343437006,-0.09942526253533203,0.23286070046469592
G2500010,1880.0,3.3833001211950084,3.406456793567618,-0.34803261611586217,-0.45227878263768934,-0.043476386398518876,0.0621327144525088,-0.4336264727836326,0.16426371152724675
G2500030,1880.0,3.338108270021515,3.369444600261221,-0.34952426856453755,-0.5275642903135436,-0.046148914870164856,0.08427745341982795,-0.4109782445118764,0.16190823957794923
G2500050,1880.0,4.540660246561038,4.519915745212082,-0.3661235451203512,-0.3038364353426061,-0.020951947504926842,0.15432008133432823,0.30640218112945344,0.29263078519262115
G2500070,1880.0,2.707748148502794,2.9047554823292168,-0.4107586354336902,-0.5363828904686121,-0.10317689503253252,0.0861273845380536,-0.739867320419607,0.15133921362204128
G2500090,1880.0,5.208570054515078,5.0639974197548305,-0.28161694526678444,0.0015935189734014134,0.0032700450323323122,0.15725570415329027,0.3862955573096333,0.33972491402937405
G2500110,1880.0,2.9924724959191678,3.3945265023891342,-0.4032834151560153,-0.6278986641170726,-0.06658598543116634,0.0892052343726295,-0.22161121468546494,0.16722592188266233
G2500130,1880.0,4.159303308893565,3.915202085704661,-0.3275932403662343,-0.42066496202275133,0.008749417930363046,0.1418085242121001,-0.13446381388377918,0.18989153431139605
G2500150,1880.0,3.430864003026112,3.4137499961810516,-0.34816138307033745,-0.48261658257212237,-0.028095440957941264,0.06797738253057907,-0.41842802088632314,0.16559941561363187
G2500170,1880.0,4.975612212277771,5.035240699016041,-0.29913307590057164,-0.000768551896822535,6.410972984286828e-05,0.1605222604431108,0.38167059378314533,0.3354107373337635
G2500190,1880.0,3.371520433370097,3.413290213816359,-0.3139590267582353,-0.5591218019845792,-0.01596585570207359,0.08233915450530668,-0.4004312225047155,0.16295434073708662
G2500210,1880.0,4.524390054110271,4.705767567748289,-0.36687659946705076,-0.21034530965609863,-0.04140351611605129,0.12489377952201658,0.43215726933909276,0.3098673186028147
G2500230,1880.0,3.705767757788354,3.863047974792212,-0.3843441730722626,-0.4180631445077286,-0.03825754098620791,0.08001368778777841,-0.06526959162211406,0.2314941116691783
G2500250,1880.0,7.905443729483336,7.411634533991354,0.5404830743130421,0.7994808536824833,0.04320267789508603,0.3079360931546635,0.44553428397707423,0.8175229254454396
G2500270,1880.0,4.023149304429718,3.8927121785185754,-0.3404917496948138,-0.4766555007126524,-0.03029810962447229,0.11841360428146104,-0.05510940423551629,0.21937871298100428
G2500010,1890.0,3.293997504835747,3.451724493092969,-0.3535292182621676,-0.4141819195891067,-0.06108467470951842,0.04696553945645698,-0.361849163258434,0.13792930393216826
G2500030,1890.0,3.4993197047217257,3.387658282232394,-0.33829567850085035,-0.5005043019019126,-0.030233546353827963,0.0703566937511781,-0.40856271639977115,0.13742320611400932
G2500050,1890.0,4.834142138955745,4.77268533883651,-0.3419829769615173,-0.18142456698224854,-0.02387396690980209,0.15072901931033308,0.4369075740318115,0.2748556308243635
G2500070,1890.0,2.723667275772576,2.8857691149959273,-0.41544210561004996,-0.4956905180680004,-0.11601486228457489,0.06922835195806505,-0.740867514623552,0.1270811381004766
G2500090,1890.0,5.412977414411422,5.194124252336347,-0.20101477390269365,0.04567811032854317,0.005238455343577972,0.11921955494489674,0.45547782121122193,0.31205045888722177
G2500110,1890.0,3.06243709034722,3.369406788772434,-0.3975401556134393,-0.6058660007927629,-0.056083070005651305,0.069856812355755,-0.2271050260037737,0.12866960330873814
G2500130,1890.0,4.424090318236953,4.204363368781147,-0.32904092249149636,-0.24157024545220485,0.022336756852793856,0.1387646305549553,-0.044213576730398475,0.20061210052392114
G2500150,1890.0,3.52432087128856,3.430518060512754,-0.3385860183019791,-0.44335231079968435,-0.030752263027649558,0.06169626129864759,-0.4148347335242028,0.1388724993440542
G2500170,1890.0,5.280591049691308,5.242889515206397,-0.20311688707322148,0.05843556982680792,-0.006004741399925398,0.13598143614892225,0.4858055974747918,0.3143139147054389
G2500190,1890.0,3.240094989870732,3.3279550538163853,-0.3491658323885398,-0.5281620919248077,-0.03903258287718112,0.06492021500920353,-0.4144917278585999,0.13641244833273913
G2500210,1890.0,4.73347774628501,4.868348455948422,-0.32913682827214025,-0.07006072695864263,-0.028727095397192683,0.08849895092494366,0.4536754176887548,0.2966241124391277
G2500230,1890.0,3.930827923491592,4.010328495894969,-0.3936590087740109,-0.381954038786755,-0.040434583392444205,0.06411065027698824,0.08651685489639907,0.21827399615122026
G2500250,1890.0,8.128321731670042,7.227587606636928,0.6993658870742191,0.77590064234899,0.07087564582205017,0.0709901320809049,0.47890565747245833,0.674075016314722
G2500270,1890.0,4.236249509198543,4.166287217466382,-0.35240399086853685,-0.3348927316397906,-0.014339862419910344,0.12498471091913903,0.06091274126895304,0.22455172468295345
G2500010,1900.0,3.2467589951334426,3.5276419929735754,-0.3507471044954749,-0.3057452842375852,-0.07140619381524928,0.036247538632159806,-0.22671473603140938,-0.011466852602431713
G2500030,1900.0,3.664411516221509,3.569568928579664,-0.3097072859227984,-0.4372973810862815,-0.032299919851016885,0.08352029680199174,-0.1814195864434978,-0.01070182044230537
G2500050,1900.0,5.135442745299338,5.11394126696866,-0.039098203398392914,-0.03155120974310345,-0.059116625519201306,0.14876576358405558,0.5144630002612649,0.12300391626045601
G2500070,1900.0,2.7666750235328386,2.894614943920419,-0.3673139207207858,-0.34130382736660275,-0.1417125174130572,0.0735029810701387,-0.7780170097166142,-0.00801538745623451
G2500090,1900.0,5.587031418423236,5.5708485947258755,0.25318284580746653,0.37437534429404973,-0.06088535354509208,0.06237554864214737,0.33375499675966674,0.15057058724406672
G2500110,1900.0,3.127582459172501,3.4513260979879865,-0.3535304013478157,-0.557870016718905,-0.06319978783396886,0.08742709019805389,-0.1019086368766949,-0.017066774956247
G2500130,1900.0,4.681773721764295,4.549476646579836,-0.22543872555728545,-0.08301452192762275,0.013118791685121742,0.17493795871610168,0.1442204146041923,0.06817810353575526
G2500150,1900.0,3.650274307173966,3.5493116601635553,-0.28980891280717214,-0.35513964106079793,-0.02986958117245987,0.0627389134863904,-0.29509702013209815,-0.0009867236738771757
G2500170,1900.0,5.55215239507586,5.5796133531596785,0.25909560484820193,0.3765151021624262,-0.07779851137334715,0.07126322286606084,0.3454971185986223,0.14756619053414524
G2500190,1900.0,3.1565271042037435,3.28110167984354,-0.3117849882596635,-0.45293752452235647,-0.03734743229336442,0.06076065758880325,-0.4272892965081186,-0.0077743616853284975
G2500210,1900.0,4.975617527099744,5.167381896157733,-0.0010189830484503197,0.2569357477534119,-0.08272818491563577,0.03223869815294942,0.37946106689772463,0.12501892579416035
G2500230,1900.0,4.137526311709627,4.356106019489648,-0.28943552666525446,-0.18947068419787658,-0.040911913764563254,0.06713747650615393,0.28039214479599806,0.07091989729161488
G2500250,1900.0,8.360405765999138,8.06766646217972,1.2081573808230386,1.3465534095787552,0.3776918279448122,-0.030305834564765544,0.614304539453189,0.09379051342112904
G2500270,1900.0,4.447856869572148,4.539233382731289,-0.2712657409979881,-0.15483380771306093,-0.009389122929745104,0.13617898027419392,0.29672562335853436,0.08434282521578347
G2500010,1910.0,3.2365002720186946,3.472619261299813,-0.34397578979420007,-0.318328538432411,-0.06850590233875585,-0.0017257533815759271,-0.18400443695878177,-0.0683149433180335
G2500030,1910.0,3.759962084411005,3.6000492366697157,-0.2959823318894656,-0.4128769449474483,-0.02046080161344074,0.07932268461008164,-0.1607560834130198,-0.04667191160056586
G2500050,1910.0,5.369750233166068,5.237119565207673,0.13979686211238798,0.14400647759035987,-0.06669321479844866,0.05778068773274313,0.41979118832866585,0.08496293871839482
G2500070,1910.0,2.7540990166406667,2.877700861864196,-0.36290128647388875,-0.31942886480023636,-0.14085864649822757,0.0617297787719558,-0.7705580594234649,-0.0477566852355071
G2500090,1910.0,5.787947288585045,5.700373663690152,0.31425561866771556,0.5164170418896649,-0.04593203535897664,0.026673229611218083,0.33123082223665035,0.10025436112029006
G2500110,1910.0,3.183982930426064,3.445357630664704,-0.36211431787974496,-0.5393885741675645,-0.05746603400184849,0.07039404173960696,-0.06617811907917877,-0.05736399147013435
G2500130,1910.0,4.947917024042009,4.650972775115931,-0.1676337278568436,-0.0405472902784984,0.01712169742356727,0.15544304048668936,0.19600237836683623,0.03311205145061103
G2500150,1910.0,3.7344715477214288,3.5606363448501686,-0.2861736863088502,-0.32331397878992163,-0.019525257291296547,0.04997603454307728,-0.28186365655394263,-0.03593773627246892
G2500170,1910.0,5.721246402302623,5.719900620198784,0.3505138778691839,0.46466216308778024,-0.0668323860798919,0.04756956442749816,0.36863818331028675,0.09787459206034865
G2500190,1910.0,3.141781528718582,3.2626755473353755,-0.31367986089115407,-0.43047158429883153,-0.035302926172440886,0.05294246551304004,-0.4256663217470387,-0.04262085059176955
G2500210,1910.0,5.188585354434541,5.304483662455213,0.10735231934625318,0.3864450101712,-0.06213384876826455,0.0036856127797035678,0.3364432577230744,0.07521668567966977
G2500230,1910.0,4.373610294088524,4.344494964327541,-0.25868623957007886,-0.11999366500833196,-0.03173579554402584,-0.01818702987968365,0.28501073901101365,0.030612329795071707
G2500250,1910.0,8.539570650581116,8.485462807596035,1.391599434374464,1.4128951275104755,0.5754286324273153,-0.0412600357195566,0.6562707302602243,0.03305429321952998
G2500270,1910.0,4.589259813659436,4.580605389333257,-0.2276509222773015,-0.11058891481976595,0.002858915826794433,0.10709158399366334,0.3085066199904379,0.042913481095855285
G2500010,1920.0,3.204327497907684,3.4842115442456367,-0.33753862485667474,-0.26310206735099745,-0.08633021491178637,-0.0662317899308655,-0.13511400864990142,-0.0849463755777123
G2500030,1920.0,3.8312179162920414,3.6423530454840316,-0.29541489751593236,-0.40463685661655574,-0.008886486249031487,0.07051983800368936,-0.10528031183789434,-0.07142286582382007
G2500050,1920.0,5.489234901011849,5.390878311026005,0.2066067635156777,0.3500868756694174,-0.075354619382097,0.023545193727754644,0.36344884656991866,0.0650706254017558
G2500070,1920.0,2.724353696117569,2.8899211278257044,-0.36447053950489794,-0.2746496492987236,-0.15009227222517282,0.05539691102846176,-0.766092153472029,-0.06764579422549595
G2500090,1920.0,5.887479319699827,5.8172272513152405,0.3987863875871855,0.5428339921008439,-0.03125262751458777,-0.0042643010647135425,0.3695466082417245,0.08410256644121983
G2500110,1920.0,3.3080864187822767,3.484569199008786,-0.3670297037409076,-0.5158714959628865,-0.04903611990928911,0.06216175154341595,-0.023450438498296245,-0.07967941994682508
G2500130,1920.0,5.208701810280597,5.046281117601696,0.0581929303393577,0.03214408408927341,0.013151264716046286,0.14656977183252626,0.31024648758173584,0.02850195351918115
G2500150,1920.0,3.8289099686504495,3.709937763223147,-0.28304234251736854,-0.3011114098242533,-0.02023379020641056,0.04044901907985405,-0.12164861333049747,-0.0619497255017536
G2500170,1920.0,5.871274427654066,5.791935853818156,0.4010920030342341,0.5153855726906404,-0.03481858133252471,-0.0027585180726447077,0.3735596413265384,0.08200111064834836
G2500190,1920.0,3.0844642270927984,3.3544699947344636,-0.3139046452406271,-0.41830668133803117,-0.04519032230226902,0.045325703737488475,-0.30866115301864716,-0.06226753262702752
G2500210,1920.0,5.357355302507602,5.419941123062431,0.18496611250255446,0.43072244753690386,-0.05215855966659488,-0.015689392202348364,0.34377706862370117,0.07084882074464006
G2500230,1920.0,4.457501413837581,4.3749040442671765,-0.2223832592995748,-0.07655992348559632,-0.017834795065790096,-0.06725365169833418,0.28414749489280966,0.017313553400093627
G2500250,1920.0,8.58149251268214,8.53956316277873,1.414347369914698,1.4259504539653627,0.5866434488286997,-0.042736878926557455,0.6794030096511823,0.01848113382177474
G2500270,1920.0,4.719247212654825,4.714064056420278,-0.15300516517922447,-0.014557434752617704,0.009113716476171091,0.07240408205905494,0.3183759436421624,0.024258288651155122
G2500010,1930.0,3.3960101767238893,3.7610327461496214,-0.32642128346434235,-0.14220397185649786,-0.08390536168923392,-0.10556101798310089,0.05868744556455455,-0.09703768994532165
G2500030,1930.0,3.8968462329189935,3.649450215427719,-0.2919556070768907,-0.371383100523244,-0.02005469672376617,0.05691807433770785,-0.09655395286967766,-0.08499512723998301
G2500050,1930.0,5.504672019594775,5.444810192642827,0.20075025551184283,0.42979343808231263,-0.04799201664670496,-0.006110496726225205,0.3560159203602291,0.05487846653780635
G2500070,1930.0,2.849126579409378,2.982243316913632,-0.3412964694838402,-0.25019729304714283,-0.14927935738942139,0.041887444945404584,-0.6971899728629394,-0.07915566077199299
G2500090,1930.0,5.91989200164499,5.859666665696057,0.4313368292613308,0.5616404526923877,-0.013014791276646948,-0.021312162892997248,0.37482311603450297,0.06871859635391626
G2500110,1930.0,3.313158520024158,3.5136155871914423,-0.37615566144710855,-0.4760785117209044,-0.04172418192020782,0.03995513083433337,0.01931988921659268,-0.10917570329483231
G2500130,1930.0,5.31951321925021,5.27920311126415,0.33360317494316266,0.01798018589549036,0.0013405289168688726,0.157777265160639,0.29254214070558016,0.018485190118840988
G2500150,1930.0,3.8738894606014207,3.689757556059702,-0.276330198962305,-0.24128135679922655,-0.020988179464505596,0.00597057723087035,-0.15570504500090665,-0.0793828664678004
G2500170,1930.0,6.054560806199934,5.961137551863666,0.49932321733678375,0.5710306954227155,-0.014389300750564557,-0.01965715505183758,0.40499816101061653,0.062357308372394275
G2500190,1930.0,3.358285939055105,3.4961032855254426,-0.2943750771583985,-0.427641793407245,-0.01963823609555365,0.03539667980564589,-0.1750502232338534,-0.0800626899087295
G2500210,1930.0,5.669781086622352,5.672321207712192,0.3526288424608142,0.5010026048577032,-0.03642912763666624,-0.04010995098589033,0.38589568636239463,0.05185852713025861
G2500230,1930.0,4.490973698867623,4.46780173111741,-0.1748792847777795,-0.06364310881344204,-0.048492633265703564,-0.07804628309902953,0.3843979227909066,-0.009009507241113974
G2500250,1930.0,8.632830329143209,8.580272139087896,1.4335858097993048,1.4394087992015223,0.5978358092339647,-0.04169558309747932,0.6851739798839184,0.00848869854311132
G2500270,1930.0,4.795590012478481,4.763376767841601,-0.04829064714263693,0.03136566353420966,0.006343389982565068,-0.003412226430783597,0.32354232885200623,-0.003646366477332011
G2500010,1940.0,3.5396474291208877,3.802050449052961,-0.33894707687698605,-0.11831056929407668,-0.09503302810277242,-0.13378502492458147,0.15801594043983747,-0.12736441771202464
G2500030,1940.0,3.9097943545338616,3.684969903009446,-0.2955899163334202,-0.3233076264443972,-0.023624622495256195,0.0311822862192571,-0.05550675565913128,-0.10565808780117722
G2500050,1940.0,5.504800923214813,5.417823907009362,0.19206625864093574,0.44831413322525965,-0.03886363402318965,-0.03460669942256328,0.3642696334754626,0.02916958958989467
G2500070,1940.0,2.984145861145444,3.077671640666101,-0.32841310134080576,-0.20413940658301674,-0.12509771510184178,0.03022275503805693,-0.6518487280775537,-0.10052678879229313
G2500090,1940.0,5.916418382645495,5.850093926782696,0.46194300837935676,0.5725312595811131,-0.0182412278159148,-0.04349945256539501,0.3743354794395927,0.04555023424038827
G2500110,1940.0,3.271385541402213,3.4624644002502456,-0.3367401907126365,-0.3900786891776431,-0.035534891845839155,0.011022713795207148,-0.1223531586031584,-0.12132600872925742
G2500130,1940.0,5.309360391562393,5.166772242097112,0.3484851158637661,0.10260662662818898,-0.005758015754638627,0.0221204893103608,0.24614676558644705,-0.004303365060579925
G2500150,1940.0,3.9375878219348617,3.8995901498155168,-0.3097977417149375,-0.28476468235095503,-0.01929124717659721,-0.04752558335123234,0.20169485154590283,-0.09820007266022644
G2500170,1940.0,6.092823599075615,5.998206546718361,0.5298865871345435,0.5976111008404315,-0.01642482544599613,-0.035025017005941274,0.4267904852418193,0.03789359042992998
G2500190,1940.0,3.2799863188980343,3.474297176000612,-0.28955046022745895,-0.4293619085248447,-0.030616253092145298,0.0010183676637566604,-0.13238449960831214,-0.10228269573395206
G2500210,1940.0,5.752292653227276,5.7885793047552285,0.40764035603967164,0.5539366374552658,-0.02186219826927426,-0.058597816160796415,0.42156292467259754,0.028424775494200926
G2500230,1940.0,4.530316203069791,4.505416223044269,-0.08409322571076912,-0.05895355452930155,-0.06491049846590875,-0.08640548178042129,0.383681411422528,-0.041377053415420154
G2500250,1940.0,8.614137852896828,8.589196164456485,1.4475763469212621,1.445714275925074,0.6002499207618004,-0.04039028649726203,0.6850881613375586,-0.006516879515509613
G2500270,1940.0,4.815051857883042,4.820401203492692,0.2298725971581637,-0.03540525340027204,-0.014918651357108645,-0.03161100611553695,0.24155970291134315,-0.02657081122746983
G2500010,1950.0,3.7667781945374688,3.993704086976443,-0.23366950846271534,-0.08945100947510849,-0.05117917747987236,-0.12746035453113289,0.18050233126780535,-0.14251281986610742
G2500030,1950.0,3.993631561258274,3.7632730688692315,-0.30460819035292414,-0.2969265246257173,-0.02687062433100299,0.004111015454317221,0.05896588049385951,-0.12887311329287063
G2500050,1950.0,5.550190284420918,5.577184653282885,0.3116514543186185,0.493688977855763,-0.04509038436816597,-0.05126040469397613,0.4046187820118435,0.006101602635224344
G2500070,1950.0,2.977775285715854,3.1169606875392986,-0.306865646702996,-0.16675278007269492,-0.08946576658943478,-0.031430797522001015,-0.6313232552723971,-0.1146756918247401
G2500090,1950.0,5.9676145561825935,5.9000884570733225,0.5178714532997782,0.5927655987079251,-0.01724200747701564,-0.055096397779883094,0.3871074967562207,0.017207688042733038
G2500110,1950.0,3.3358697165339177,3.5224818598132517,-0.36779460445361783,-0.36105059341874846,-0.03618899528332826,-0.012444863774393727,-0.010665631249894923,-0.14684807753034052
G2500130,1950.0,5.411907316129152,5.257786956108913,0.36460876527592634,0.19956393484018436,-0.04073843898669654,0.014323006281498045,0.28239129298168497,-0.01983622980725814
G2500150,1950.0,4.12725183829142,3.9672699213686897,-0.287493955692879,-0.2117424049725305,-0.017744368311379325,-0.07468256891593258,0.21296386735999892,-0.11150527362215243
G2500170,1950.0,6.1844208650341725,6.087501511462178,0.5820900008663497,0.6190792110935652,-0.01303743411805981,-0.044174957421687325,0.47116840244312425,0.01490166307530883
G2500190,1950.0,3.3040978718632323,3.4939361601629852,-0.2708471343139073,-0.36971461308636283,-0.05056059509929132,-0.062361671860704196,-0.09007227046949198,-0.11998218053082509
G2500210,1950.0,5.914540543706351,5.935624207880109,0.49993868623731014,0.5942015668604415,-0.017218295405281355,-0.06070894188431581,0.4539287843831822,0.008007782165205835
G2500230,1950.0,4.660399326476593,4.617595057777679,0.11088964712184785,-0.10784560562870381,-0.06128942475356484,-0.09291807042472047,0.36385244734793953,-0.05256856140868695
G2500250,1950.0,8.652062394905148,8.582200933930945,1.4510651729069175,1.448710096976736,0.5991197403665274,-0.040817606493339945,0.6855362059153521,-0.01888730126479813
G2500270,1950.0,4.894896623090091,4.842379302269893,0.22552194980192591,-0.04194762317953434,-0.04310482470651837,-0.047175924631377895,0.33915863150804804,-0.047547532046215556
G2500010,1960.0,4.173360792183144,4.46462674020092,0.0029877343560682067,0.09692465949083016,-0.08934979245068066,-0.10795414711572637,0.22901036547697096,-0.12446670508011368
G2500030,1960.0,4.060315415009083,3.8773373121630605,-0.27768456024858273,-0.24532194983244843,-0.024727395938499073,-0.0501695230601512,0.17872118380150628,-0.1609550680823328
G2500050,1960.0,5.593575969897359,5.651944785547938,0.3489398565486891,0.5509905253506184,-0.026196524555576934,-0.06679134524560619,0.4313182623394407,-0.043790614413197614
G2500070,1960.0,3.01197858486669,3.159558479413685,-0.29205859614269375,-0.10550571119826624,-0.08801701532551941,-0.05498755722415066,-0.6222280057800452,-0.13511926043920452
G2500090,1960.0,6.052794984267935,5.990285849848467,0.574437043282361,0.6099947399283308,-0.013982899663994693,-0.058408951960446334,0.44468993988967187,-0.02391864715103289
G2500110,1960.0,3.3752202135534963,3.566602082138118,-0.3405343114503977,-0.29219880801657744,-0.04243376584869924,-0.07209862807314153,0.025081653766152942,-0.168688683762795
G2500130,1960.0,5.566182609813748,5.487355914545335,0.36785473078422554,0.529172530861375,-0.04220618130204359,-0.008799731430607645,0.24211539508827595,-0.058255454979471294
G2500150,1960.0,4.291489157169639,4.148934457240095,-0.22475504243812597,-0.09110403527694588,-0.008116496686510589,-0.0853266676312515,0.24306217454461151,-0.14230010079525185
G2500170,1960.0,6.335947191137619,6.230377705792472,0.6905037873254716,0.6286137468126705,-0.008452596514743237,-0.04150358481636546,0.5319089491918894,-0.02816722173001939
G2500190,1960.0,3.3253964194010317,3.6564352551715933,-0.31441941943303053,-0.33575827180310885,-0.046954530247124336,-0.08701311896676063,0.14879751240614042,-0.16569154230808533
G2500210,1960.0,6.20282633862238,6.166344510461136,0.6267541959593659,0.6222845754764702,-0.010213606995896867,-0.05471278433556651,0.543635550448028,-0.01887804561482647
G2500230,1960.0,4.91669704400529,4.8525022400090325,0.12077166461501633,0.2215616949688292,-0.0663293584149063,-0.09339727945055772,0.296989065293562,-0.08456817252648244
G2500250,1960.0,8.527149643951997,8.551359054165026,1.4457391837823608,1.4490420069742385,0.5940300447098398,-0.041400344210138044,0.68611100383562,-0.039637466450442124
G2500270,1960.0,4.960121675190027,4.9128839262640165,0.2551031184666172,0.15117885607771472,-0.053618045090800745,-0.05560538437966528,0.25045660022679195,-0.09210584456021151
G2500010,1970.0,4.491946443110146,4.862856912633416,0.08902001787371515,0.43094657656867896,-0.08674130838420142,-0.11614625001031069,0.24295618818021547,-0.15465293711824646
G2500030,1970.0,4.110178764305479,3.949984575775122,-0.25286566056744847,-0.17388789978653008,-0.023851834194560734,-0.07196269090403928,0.19675410356597461,-0.18167606786184687
G2500050,1970.0,5.702400845714774,5.679068080969815,0.3888453899425001,0.5641357506706218,-0.023662828401586372,-0.06990452197512913,0.46403841951229535,-0.10185875430245873
G2500070,1970.0,3.060204906063705,3.6009352362022287,-0.19671589278294005,0.33611537724964763,-0.09497812374244785,-0.06123771794060549,-0.6893602084342312,-0.15036282367075832
G2500090,1970.0,6.1673727582312186,6.0432695977115225,0.6602913281948858,0.6054307998390926,-0.01531846130429738,-0.057385700842781,0.46837715436022814,-0.07560014805917206
G2500110,1970.0,3.451453264376617,3.6464895928854406,-0.3450642704501777,-0.2668123687582691,-0.03794756556092941,-0.09248117004043264,0.1368326330007611,-0.20551229082907813
G2500130,1970.0,5.633062322002981,5.54102891923466,0.39162236754994145,0.5630824886754832,-0.015632623409386114,-0.02743110940961907,0.2930791766977597,-0.12116600639310734
G2500150,1970.0,4.474667663903834,4.280075440641187,-0.17896496109733978,-0.05719768234671402,-0.04189327243734281,-0.0906438516585715,0.35548684954900484,-0.16418626689142438
G2500170,1970.0,6.4563697441518775,6.394756965386617,0.7660849006136023,0.7178224939353826,-0.013367818153767993,-0.04974980136615157,0.5899839422822836,-0.07349137744826688
G2500190,1970.0,3.384052259819334,3.7679899332662328,-0.2987863888175643,-0.2986801905086748,-0.07796435618932195,-0.09675153658489803,0.2744977363366469,-0.19179995649353027
G2500210,1970.0,6.373226530058533,6.312841439678402,0.7325732112235107,0.6877383633375023,-0.016553568999945683,-0.05699812317617283,0.5798873612935337,-0.07128042952356496
G2500230,1970.0,5.210544439551742,5.146352163658421,0.19991254145706913,0.454867056588406,-0.053413655956485145,-0.10125173990771642,0.32436680634428633,-0.1356034703907168
G2500250,1970.0,8.453564802663308,8.413752639431454,1.4140816577355777,1.4203656620095058,0.5673227503138624,-0.05105286559578453,0.6748579723808872,-0.06929716293614747
G2500270,1970.0,5.049833177496728,5.031548107733478,0.15508095156888052,0.4549607788323255,-0.04126659175863677,-0.07060619300990556,0.22196430259730088,-0.14605976602006013
G2500010,1980.0,4.917493548276519,5.193362630023596,0.3024250066952148,0.49590158456777506,-0.06857656553423323,-0.10235828813806337,0.2932455052447132,-0.18474923833538603
G2500030,1980.0,4.081030180318511,3.9200723114163787,-0.25295533189035513,-0.12262547167563469,-0.051088997089630155,-0.096998800358999,0.1964211905925586,-0.21015490368513126
G2500050,1980.0,5.7684573138520605,5.743964483421692,0.4594156559430868,0.5689007393389445,-0.029202499242536636,-0.07029633130041603,0.49022328043795593,-0.13255098727890646
G2500070,1980.0,3.439892403615066,3.835972179055865,0.04587526996046657,0.3918271652634553,-0.14761829707070587,-0.06897055228519389,-0.6716129341748968,-0.17100309816083017
G2500090,1980.0,6.160679950836162,6.1323231904367095,0.7023893319010013,0.6772730701624948,-0.01910282615176611,-0.061280260211286554,0.4854719537458679,-0.10990270453315219
G2500110,1980.0,3.534186799824836,3.75230588896557,-0.3279714308254552,-0.17313196189156138,-0.03992604598011337,-0.10875209113776793,0.16624181847039174,-0.22162902519349373
G2500130,1980.0,5.597513586687125,5.504742263511607,0.4153322106000648,0.5570443858262654,-0.024941267569465825,-0.043790711541037086,0.306481265829861,-0.16285824515767316
G2500150,1980.0,4.587667039474771,4.451925111735278,0.05446790719840289,-0.04782964742900589,-0.05748347618458868,-0.10386653605738279,0.32920539527231896,-0.18004315658803483
G2500170,1980.0,6.434494272034473,6.378124394230259,0.7705302796037486,0.7260392719527565,-0.025778809587202155,-0.05724832636931195,0.6079101512021663,-0.1008027980954338
G2500190,1980.0,3.682605078713604,4.020474271261086,-0.22931384204734534,-0.17181846593475686,-0.08942746536697434,-0.1104034525218612,0.36461190941482374,-0.20064903780638038
G2500210,1980.0,6.375761942158226,6.349697903688014,0.7643875759773817,0.7178130846393529,-0.024168568322992724,-0.05880831332356119,0.5931101338197341,-0.10011063462544162
G2500230,1980.0,5.406424948656591,5.397979178417801,0.29920320706032133,0.5237634677372477,-0.03339151901599358,-0.08572132988842311,0.39606641848835855,-0.15941569148728602
G2500250,1980.0,8.330626634024256,8.365350064794804,1.4103471070824234,1.41285192570838,0.5614405231228096,-0.059239871531862665,0.6726021741436008,-0.09012641925408782
G2500270,1980.0,5.062887731698055,5.054257696857905,0.16231232378928756,0.5015471989897412,-0.04648149224776179,-0.09493460483307539,0.25278411816385127,-0.17844447252771214
G2500010,1990.0,5.149782243052047,5.344068187263344,0.4328380100143748,0.5046314719703358,-0.09182059782027356,-0.0903384377477493,0.32408125053657316,-0.19279813521350397
G2500030,1990.0,4.040541210990669,3.9568748606391773,-0.2092335163694958,-0.07149582326385542,-0.06942140486397204,-0.11707197475868933,0.20677271290203503,-0.24014975853041715
G2500050,1990.0,5.83307734064,5.876709964490662,0.4827846110343291,0.6469491105985422,-0.04407684056456005,-0.06694392190591292,0.5392037060330054,-0.13868132622827908
G2500070,1990.0,3.7034946537631166,3.9494950527622343,0.1519557306605063,0.39457398002039384,-0.2014205644006012,-0.08378291074189353,-0.5782032771553615,-0.19110253114438616
G2500090,1990.0,6.216608714802896,6.247873475385428,0.7501461371667265,0.7053544392701648,-0.03069870926722777,-0.0632363064821982,0.5485105016872039,-0.119677212512802
G2500110,1990.0,3.6201714826791047,3.763113764009433,-0.31314016176987974,-0.09481032141501167,-0.06571001082247249,-0.13106729282310112,0.16608394815955926,-0.25571702284323067
G2500130,1990.0,5.627075588513021,5.5511364351397114,0.4665571701484406,0.5540961837450988,-0.011738676519850512,-0.059824223585456,0.3237310156413142,-0.1791596598134288
G2500150,1990.0,4.642028820434465,4.534705712937222,0.0397403369565727,0.11275139462248429,-0.0555674607803085,-0.10774021052572595,0.2924191589798454,-0.20437213183921388
G2500170,1990.0,6.457228194358688,6.4312934825206485,0.7850066505892943,0.7602276733938239,-0.019430020473936528,-0.05741708808470534,0.6201362455872274,-0.11470460401459716
G2500190,1990.0,3.849674284763704,4.2621138929786575,0.10818207379612836,-0.18505678128337247,-0.08971495281422479,-0.12869284734064146,0.32482700157919425,-0.2249052264820068
G2500210,1990.0,6.391307730916979,6.394648116540175,0.7734547881614772,0.75086315154966,-0.0268836001992928,-0.05991529416153668,0.6155143235016844,-0.11585987783534958
G2500230,1990.0,5.492159494297061,5.487741946990016,0.3577622951815773,0.5366297724126353,-0.034624163045770075,-0.08124607649879173,0.42960588135648237,-0.17786038793969552
G2500250,1990.0,8.194860697436694,8.361172169199564,1.4126365972996837,1.4146159755165428,0.5623166879443874,-0.06009910310531444,0.6746234281728539,-0.10039604215213707
G2500270,1990.0,5.156391419657818,5.211546860916695,0.27957374435494636,0.516561788922879,-0.03654708898265057,-0.09724178782482196,0.28641745450610423,-0.194691875583344
G2500010,2000.0,5.324501041307138,5.396912308173282,0.4710378905176909,0.5145755732136443,-0.09216103582519686,-0.08863031240689513,0.3283846149894274,-0.1937690478389677
G2500030,2000.0,4.008464674488153,3.988086834378135,-0.20007968879264876,-0.07180589243314912,-0.06745827260974646,-0.13334338787452799,0.25980474760804156,-0.2565052970434056
G2500050,2000.0,5.887563281585134,5.933158121515367,0.5403055006995767,0.6568319350887,-0.057940258007726946,-0.0700183703962532,0.5496109300530355,-0.1431062414455098
G2500070,2000.0,3.956316284466136,4.059497137816253,0.22946998576443375,0.413424499109634,-0.2051215508915374,-0.08818846564398283,-0.5548343860510309,-0.19272756999484023
G2500090,2000.0,6.293200190594242,6.271902602836228,0.7562727954090008,0.7127332759129994,-0.036324243029025066,-0.06342541848285088,0.57286450663883,-0.12769293913627594
G2500110,2000.0,3.6405496582512296,3.7320903051632612,-0.2949088866574761,-0.09063315574834202,-0.08370663779345776,-0.14634528501635444,0.16615454156114898,-0.2759448967058265
G2500130,2000.0,5.626895869969309,5.546693679204683,0.4762437703820928,0.5533651065652277,-0.014518306937668318,-0.07230020017174883,0.33643897764470787,-0.19001029380151066
G2500150,2000.0,4.680069810558457,4.688436098606547,0.025763248074865432,0.37361873977673943,-0.06161175120501942,-0.11759308842220577,0.22681976543661678,-0.21603544057802115
G2500170,2000.0,6.503976355729386,6.533040956454612,0.8108693582322182,0.7725398975019099,0.021877794281911445,-0.05327950116973366,0.6430574185001273,-0.11949863641536843
G2500190,2000.0,4.30931166167625,4.451261303018426,0.13099170977660557,0.04365685708543834,-0.09309187920015072,-0.13516863378408198,0.27797682769060916,-0.23057820407357232
G2500210,2000.0,6.419945015770082,6.493788654081804,0.7987341367528191,0.7639944428536627,0.01741908562771864,-0.05534819667464365,0.6314565822841782,-0.11994202228548247
G2500230,2000.0,5.5748981779610585,5.587506187879865,0.43496062566188054,0.5502232060768815,-0.037326433785255075,-0.079343707947572,0.44018832227685983,-0.178670449926502
G2500250,2000.0,8.389847681775558,8.394587798933555,1.421798393141897,1.4240045807640715,0.5698320653073133,-0.055799954032596,0.6784828496705686,-0.10120476144124448
G2500270,2000.0,5.212898411828621,5.239904595341331,0.3242195945386325,0.5132654144568503,-0.04819967210580277,-0.09854441223566499,0.2978184422491989,-0.2061293970854614
G2500010,2010.0,5.295533637971915,5.449952879447022,0.5122220290416406,0.5213536313184088,-0.09232388474576284,-0.08748962984383046,0.3317412911565567,-0.19302518300356217
G2500030,2010.0,3.9802745870165217,4.050767779707376,-0.22760176332019524,-0.007834637202374685,-0.06033038304157673,-0.1342341757892338,0.2793958434179867,-0.2561017298808059
G2500050,2010.0,5.912845723078869,6.016368576639663,0.6104336490783423,0.6642907032555201,-0.04797212258415948,-0.07004393978654808,0.5449790404338957,-0.14279337928093427
G2500070,2010.0,4.054617622220391,4.216343386436055,0.26955625887229095,0.46177143771513934,-0.15819263824411972,-0.08949990949621774,-0.5335293647174908,-0.19123702321712316
G2500090,2010.0,6.320153791574383,6.317976245384157,0.7648778475054329,0.7320192043047006,-0.02816747568966911,-0.06301845221736196,0.5873926785759676,-0.13260218261844517
G2500110,2010.0,3.638422972123625,3.740946424220388,-0.27844622460565666,-0.08043100123881089,-0.08865368273329849,-0.1547502597782294,0.1697428443205339,-0.283989877267713
G2500130,2010.0,5.642441845511296,5.572404508193589,0.4782883775669973,0.5572524169536976,-0.017264392088533347,-0.07619984110989891,0.360639927237803,-0.1877866058900553
G2500150,2010.0,4.7180334995812805,4.725832480355139,0.05176808648882723,0.39325475941711696,-0.0770901334517386,-0.12225778165454612,0.24793752468085267,-0.22525460064894776
G2500170,2010.0,6.529758776344769,6.530086557564568,0.8192737261341811,0.7731206030781043,0.008436870079587282,-0.05298669990818384,0.6498528243803225,-0.12508539172299366
G2500190,2010.0,4.375633277997235,4.60798836537674,0.11888534529826252,0.24886343117147944,-0.09704113589557223,-0.1345024897588317,0.2592134677437027,-0.24490487870587163
G2500210,2010.0,6.4504002096698825,6.490495197022733,0.8058459507307119,0.7651798770140522,0.005782265335920787,-0.05453256416219812,0.6363522659150105,-0.12560722333431418
G2500230,2010.0,5.620531401742399,5.671847763702699,0.45063375437417275,0.5942140295301246,-0.04125098324972564,-0.07422733441942173,0.46272247219786794,-0.1777188002538899
G2500250,2010.0,8.434921726980287,8.425774631822666,1.429692927158703,1.431183715742443,0.5783430909848323,-0.052726608612432745,0.6825786842416467,-0.10077180321607619
G2500270,2010.0,5.2742322447223815,5.358937709975324,0.3720342271613062,0.5239513875097822,-0.04334345487275062,-0.09088399065054825,0.34183300300746855,-0.20212808770351867
G2500010,2020.0,5.353305557976773,5.477411961228299,0.5223272694355696,0.528437276558332,-0.09079292785982106,-0.0858387977024776,0.33697262738027917,-0.19116811210715734
G2500030,2020.0,3.963397888659458,4.09789691634816,-0.2147176975053148,0.027599505005453308,-0.047482024562600256,-0.1433209790458868,0.2702214602906827,-0.2518779733577488
G2500050,2020.0,5.967788978023549,6.079703291490252,0.6309280189466505,0.674328548260081,-0.03232535401492887,-0.06769777412691781,0.5597695031072824,-0.1427742762054613
G2500070,2020.0,4.274551167466486,4.516517020131538,0.32520858091770066,0.5148795996998482,-0.020672930336290352,-0.08486832891093381,-0.49059136903377054,-0.1849131577285947
G2500090,2020.0,6.406075744412744,6.367974330605804,0.7802281202432809,0.7464873779607059,-0.019199030451015217,-0.05815152183573579,0.5932805530761924,-0.13214579391115686
G2500110,2020.0,3.6336528645125545,3.796169251536267,-0.2640086437457521,-0.05301931933677943,-0.08420657616703123,-0.15933699016513703,0.18178867623041195,-0.2825225208030065
G2500130,2020.0,5.647623177122278,5.555954168062983,0.47464578865921025,0.5584021665724291,-0.022853005443895513,-0.08122856216906836,0.3591029738247498,-0.1895898189040165
G2500150,2020.0,4.744368580257135,4.735996715295402,0.06709148450815935,0.40453370634547275,-0.08623124039769568,-0.12543036133626695,0.24729786805727588,-0.22873936740511522
G2500170,2020.0,6.612196682927476,6.526957106422218,0.8184465771622338,0.7747627795915545,0.004004919425888888,-0.052568930091418026,0.6511861652176147,-0.12634903040720044
G2500190,2020.0,4.733977740796469,4.949470316831642,0.2363501465181937,0.3681458380562794,-0.07305680924661852,-0.11422020829708683,0.30173162851435187,-0.22695490423705708
G2500210,2020.0,6.529362937282826,6.5186051812749914,0.8165068248164546,0.7727200492882216,0.001737917329373796,-0.052916653294909584,0.6494801978116145,-0.1263977801993038
G2500230,2020.0,5.690952026319814,5.74933515123066,0.4539807473321,0.6225646578383058,-0.04331143128039279,-0.07198910218586492,0.49810919935783404,-0.1674935453548825
G2500250,2020.0,8.53365445546754,8.425774631822666,1.4300180971380645,1.4315671642656553,0.5784353469076271,-0.0527294715790669,0.6825910023900961,-0.1015821328232618
G2500270,2020.0,5.350840570556031,5.396380857862168,0.3884413181254997,0.5331899696080563,-0.0423504891332486,-0.09040202312638153,0.3521264504943174,-0.20209899362966818
