year,source,GISJOIN,state,name,pop,reason,detail
1810,csv,G2509993,Massachusetts,Massachusetts [ME part] - multi-county group,228705.0,multi_county_group,"Massachusetts group rows sum=700,745; county-row sum=700,745; equal=True"
1810,csv,G2509997,Massachusetts,Massachusetts [non-ME part] - multi-county group,472040.0,multi_county_group,"Massachusetts group rows sum=700,745; county-row sum=700,745; equal=True"
1810,csv,G1302970,Georgia,Walton,1026.0,no_boundary,
1810,csv,G2258005,Louisiana Territory,Hopefield - St Francis,188.0,no_boundary,
1830,csv,G0550295,Arkansas Territory,Miller,356.0,no_boundary,
1860,csv,G3150585,Nebraska Territory,Platte-Madison (multi-county reporting area),782.0,no_boundary,
1870,csv,G3100755,Nebraska,Grant (old),484.0,no_boundary,
1870,csv,G3101155,Nebraska,Lyon,78.0,no_boundary,
1870,csv,G3101675,Nebraska,Taylor,97.0,no_boundary,
1870,csv,G3101731,Nebraska,Unorganized NW Territory,52.0,no_boundary,
1870,csv,G3200255,Nevada,Rio Virgin,450.0,no_boundary,
1880,csv,G0250055,Alaska Territory,Northern District,9964.0,non_conus,
1880,csv,G0250095,Alaska Territory,Southern District,23462.0,non_conus,
1880,shp,G0250055,Alaska Territory,Northern District,,non_conus,
1880,shp,G0250095,Alaska Territory,Southern District,,non_conus,
1880,csv,G0950617,Dakota Territory,Fort Sisseton,134.0,no_boundary,
1890,csv,G0250055,Alaska Territory,Northern District,7134.0,non_conus,
1890,csv,G0250095,Alaska Territory,Southern District,24918.0,non_conus,
1890,shp,G0250055,Alaska Territory,Northern District,,non_conus,
1890,shp,G0250095,Alaska Territory,Southern District,,non_conus,
1890,csv,G0600315,California,Klamath,0.0,no_boundary,
1890,csv,G0800495,Colorado,Greenwood,0.0,no_boundary,
1890,csv,G2200235,Louisiana,Carroll,0.0,no_boundary,
1890,csv,G3101733,Nebraska,Unorganized Territory,0.0,no_boundary,
1890,csv,G3200255,Nevada,Rio Virgin,0.0,no_boundary,
1890,csv,G3200279,Nevada,Roop (annexed by Washoe 1886),0.0,no_boundary,
1890,csv,G4800295,Texas,Bexar District,0.0,no_boundary,
1900,csv,G0250055,Alaska Territory,Northern District,30569.0,non_conus,
1900,csv,G0250095,Alaska Territory,Southern District,33023.0,non_conus,
1900,csv,G1550015,Hawaii Territory,Hawaii,46843.0,non_conus,
1900,csv,G1550075,Hawaii Territory,Kauai,20562.0,non_conus,
1900,csv,G1550095,Hawaii Territory,Maui,25416.0,non_conus,
1900,csv,G1550115,Hawaii Territory,Molokai,2504.0,non_conus,
1900,csv,G1550135,Hawaii Territory,Niihau,172.0,non_conus,
1900,csv,G1550155,Hawaii Territory,Oahu,58504.0,non_conus,
1900,shp,G1550015,Hawaii Territory,Hawaii,,non_conus,
1900,shp,G1550075,Hawaii Territory,Kauai,,non_conus,
1900,shp,G1550095,Hawaii Territory,Maui,,non_conus,
1900,shp,G1550115,Hawaii Territory,Molokai,,non_conus,
1900,shp,G1550135,Hawaii Territory,Niihau,,non_conus,
1900,shp,G0250055,Alaska Territory,Northern District,,non_conus,
1900,shp,G1550155,Hawaii Territory,Oahu,,non_conus,
1900,shp,G0250095,Alaska Territory,Southern District,,non_conus,
1900,csv,G0459155,Arizona Territory,San Carlos Indian Reservation,3065.0,no_boundary,
1900,csv,G1789115,Indian Territory,Modoc Indian Reservation,140.0,no_boundary,
1900,csv,G1789135,Indian Territory,Ottawa Indian Reservation,2205.0,no_boundary,
1900,csv,G1789155,Indian Territory,Peroria Indian Reservation,1180.0,no_boundary,
1900,csv,G1789195,Indian Territory,Seneca Indian Reservation,970.0,no_boundary,
1900,csv,G1789215,Indian Territory,Shawnee Indian Reservation,297.0,no_boundary,
1900,csv,G1789235,Indian Territory,Wyandotte Indian Reservation,1213.0,no_boundary,
1900,csv,G2709035,Minnesota,White Earth Indian Reservation,3486.0,no_boundary,
1900,csv,G3009035,Montana,Crow Indian Reservation,2660.0,no_boundary,
1900,csv,G4600010,South Dakota,Armstrong,8.0,no_boundary,
1910,csv,G1550015,Hawaii Territory,Hawaii,55382.0,non_conus,
1910,csv,G1550035,Hawaii Territory,Honolulu,82028.0,non_conus,
1910,csv,G1550055,Hawaii Territory,Kalawao,785.0,non_conus,
1910,csv,G1550075,Hawaii Territory,Kauai,23952.0,non_conus,
1910,csv,G1550095,Hawaii Territory,Maui,29762.0,non_conus,
1910,shp,G0250015,Alaska Territory,First Judicial Dist,,non_conus,
1910,shp,G0250035,Alaska Territory,Fourth Judicicial Dist - No Data,,non_conus,
1910,shp,G1550015,Hawaii Territory,Hawaii,,non_conus,
1910,shp,G1550035,Hawaii Territory,Honolulu,,non_conus,
1910,shp,G1550075,Hawaii Territory,Kauai,,non_conus,
1910,shp,G1550095,Hawaii Territory,Maui,,non_conus,
1910,shp,G1550055,Hawaii Territory,Maui,,non_conus,
1910,shp,G0250075,Alaska Territory,Second Judicicial Dist - No Data,,non_conus,
1910,shp,G0250115,Alaska Territory,Third Judicicial Dist - No Data,,non_conus,
1910,csv,G4601130,South Dakota,Shannon,0.0,no_boundary,
1910,csv,G4601330,South Dakota,Washington,0.0,no_boundary,
1920,csv,G0250015,Alaska Territory,First Judicicial Dist,17402.0,non_conus,
1920,csv,G0250035,Alaska Territory,Fourth Judicicial Dist,10513.0,non_conus,
1920,csv,G0250075,Alaska Territory,Second Judicicial Dist,10890.0,non_conus,
1920,csv,G0250115,Alaska Territory,Third Judicicial Dist,16231.0,non_conus,
1920,csv,G1550015,Hawaii Territory,Hawaii,64895.0,non_conus,
1920,csv,G1550035,Hawaii Territory,Honolulu,123527.0,non_conus,
1920,csv,G1550055,Hawaii Territory,Kalawao,667.0,non_conus,
1920,csv,G1550075,Hawaii Territory,Kauai,29438.0,non_conus,
1920,csv,G1550095,Hawaii Territory,Maui,37385.0,non_conus,
1920,shp,G0250015,Alaska Territory,First Judicial Dist,,non_conus,
1920,shp,G0250035,Alaska Territory,Fourth Judicicial Dist - No Data,,non_conus,
1920,shp,G1550015,Hawaii Territory,Hawaii,,non_conus,
1920,shp,G1550035,Hawaii Territory,Honolulu,,non_conus,
1920,shp,G1550055,Hawaii Territory,Kalawao,,non_conus,
1920,shp,G1550075,Hawaii Territory,Kauai,,non_conus,
1920,shp,G1550095,Hawaii Territory,Maui,,non_conus,
1920,shp,G0250075,Alaska Territory,Second Judicicial Dist - No Data,,non_conus,
1920,shp,G0250115,Alaska Territory,Third Judicicial Dist - No Data,,non_conus,
1930,csv,G0250015,Alaska Territory,First Judicicial Dist,19304.0,non_conus,
1930,csv,G0250035,Alaska Territory,Fourth Judicicial Dist,13538.0,non_conus,
1930,csv,G0250075,Alaska Territory,Second Judicicial Dist,10127.0,non_conus,
1930,csv,G0250115,Alaska Territory,Third Judicicial Dist,16309.0,non_conus,
1930,csv,G1550015,Hawaii Territory,Hawaii,73325.0,non_conus,
1930,csv,G1550035,Hawaii Territory,Honolulu,202923.0,non_conus,
1930,csv,G1550075,Hawaii Territory,Kauai,35942.0,non_conus,
1930,csv,G1550095,Hawaii Territory,Maui,56146.0,non_conus,
1930,shp,G0250015,Alaska Territory,First Judicial Dist,,non_conus,
1930,shp,G0250035,Alaska Territory,Fourth Judicicial Dist - No Data,,non_conus,
1930,shp,G1550015,Hawaii Territory,Hawaii,,non_conus,
1930,shp,G1550035,Hawaii Territory,Honolulu,,non_conus,
1930,shp,G1550075,Hawaii Territory,Kauai,,non_conus,
1930,shp,G1550095,Hawaii Territory,Maui,,non_conus,
1930,shp,G0250075,Alaska Territory,Second Judicicial Dist - No Data,,non_conus,
1930,shp,G0250115,Alaska Territory,Third Judicicial Dist - No Data,,non_conus,
1940,csv,G0250015,Alaska Territory,First Judicicial Dist,25241.0,non_conus,
1940,csv,G0250035,Alaska Territory,Fourth Judicicial Dist,16094.0,non_conus,
1940,csv,G0250075,Alaska Territory,Second Judicicial Dist,11877.0,non_conus,
1940,csv,G0250115,Alaska Territory,Third Judicicial Dist,19312.0,non_conus,
1940,csv,G1550015,Hawaii Territory,Hawaii,73276.0,non_conus,
1940,csv,G1550035,Hawaii Territory,Honolulu,258256.0,non_conus,
1940,csv,G1550075,Hawaii Territory,Kauai,35818.0,non_conus,
1940,csv,G1550095,Hawaii Territory,Maui,55980.0,non_conus,
1940,shp,G0250015,Alaska Territory,First Judicial Dist,,non_conus,
1940,shp,G0250035,Alaska Territory,Fourth Judicicial Dist - No Data,,non_conus,
1940,shp,G1550015,Hawaii Territory,Hawaii,,non_conus,
1940,shp,G1550035,Hawaii Territory,Honolulu,,non_conus,
1940,shp,G1550075,Hawaii Territory,Kauai,,non_conus,
1940,shp,G1550095,Hawaii Territory,Maui,,non_conus,
1940,shp,G0250075,Alaska Territory,Second Judicicial Dist - No Data,,non_conus,
1940,shp,G0250115,Alaska Territory,Third Judicicial Dist - No Data,,non_conus,
1950,csv,G0250015,Alaska Territory,First Judicicial Dist,28203.0,non_conus,
1950,csv,G0250035,Alaska Territory,Fourth Judicicial Dist,28650.0,non_conus,
1950,csv,G0250075,Alaska Territory,Second Judicicial Dist,12272.0,non_conus,
1950,csv,G0250115,Alaska Territory,Third Judicicial Dist,59518.0,non_conus,
1950,csv,G1550015,Hawaii Territory,Hawaii,68350.0,non_conus,
1950,csv,G1550035,Hawaii Territory,Honolulu,353020.0,non_conus,
1950,csv,G1550075,Hawaii Territory,Kauai,29905.0,non_conus,
1950,csv,G1550095,Hawaii Territory,Maui,48519.0,non_conus,
1950,shp,G0250015,Alaska Territory,First Judicial Dist,,non_conus,
1950,shp,G0250035,Alaska Territory,Fourth Judicicial Dist - No Data,,non_conus,
1950,shp,G1550015,Hawaii Territory,Hawaii,,non_conus,
1950,shp,G1550035,Hawaii Territory,Honolulu,,non_conus,
1950,shp,G1550075,Hawaii Territory,Kauai,,non_conus,
1950,shp,G1550095,Hawaii Territory,Maui,,non_conus,
1950,shp,G0250075,Alaska Territory,Second Judicicial Dist - No Data,,non_conus,
1950,shp,G0250115,Alaska Territory,Third Judicicial Dist - No Data,,non_conus,
1960,csv,G0200105,Alaska,Aleutian Islands - Elec District 14,6011.0,non_conus,
1960,csv,G0200205,Alaska,Anchorage - Elec District 10,82833.0,non_conus,
1960,csv,G0200405,Alaska,Barrow - Elec District 21,2133.0,non_conus,
1960,csv,G0200505,Alaska,Bethel - Elec District 16,5537.0,non_conus,
1960,csv,G0200605,Alaska,Bristol Bay - Elec District 15,4024.0,non_conus,
1960,csv,G0200805,Alaska,Cordova-Mc Carthy - Elec District 07,1759.0,non_conus,
1960,csv,G0200905,Alaska,Fairbanks Northstar - Elec District 19,43412.0,non_conus,
1960,csv,G0201105,Alaska,Juneau - Elec District 05,9745.0,non_conus,
1960,csv,G0201205,Alaska,Kenai-Cook Inlet - Elec District 12,6097.0,non_conus,
1960,csv,G0201305,Alaska,Ketchikan - Elec District 02,10070.0,non_conus,
1960,csv,G0201405,Alaska,Kobuk - Elec District 22,3560.0,non_conus,
1960,csv,G0201505,Alaska,Kodiak - Elec District 13,7174.0,non_conus,
1960,csv,G0201605,Alaska,Kuskokwim - Elec District 17,2301.0,non_conus,
1960,csv,G0201645,Alaska,Lynn Canal-Icy Straits - Elec District 06,2945.0,non_conus,
1960,csv,G0201805,Alaska,Nome - Elec District 23,6091.0,non_conus,
1960,csv,G0201905,Alaska,Palmer-Wasilla-Talkeetna - Elec District 09,5188.0,non_conus,
1960,csv,G0202005,Alaska,Prince Of Wales - Elec District 01,1772.0,non_conus,
1960,csv,G0202015,Alaska,Seward - Elec District 11,2956.0,non_conus,
1960,csv,G0202205,Alaska,Sitka - Elec District 04,6690.0,non_conus,
1960,csv,G0202505,Alaska,Upper Yukon - Elec District 20,1619.0,non_conus,
1960,csv,G0202605,Alaska,Valdez-Chitina-Whittier - Elec District 08,2844.0,non_conus,
1960,csv,G0202705,Alaska,Wade Hapton - Elec District 24,3128.0,non_conus,
1960,csv,G0202805,Alaska,Wrangell-Petersburg - Elec District 03,4181.0,non_conus,
1960,csv,G0202905,Alaska,Yukon-Koyukuk - Elec District 18,4097.0,non_conus,
1960,csv,G1500010,Hawaii,Hawaii,61332.0,non_conus,
1960,csv,G1500030,Hawaii,Honolulu,500409.0,non_conus,
1960,csv,G1500050,Hawaii,Kalawao,279.0,non_conus,
1960,csv,G1500070,Hawaii,Kauai,28176.0,non_conus,
1960,csv,G1500090,Hawaii,Maui,42576.0,non_conus,
1960,shp,G0200105,Alaska,Aleutian Islands - Elec District 14,,non_conus,
1960,shp,G0200205,Alaska,Anchorage - Elec District 10,,non_conus,
1960,shp,G0200405,Alaska,Barrow - Elec District 21,,non_conus,
1960,shp,G0200505,Alaska,Bethel - Elec District 16,,non_conus,
1960,shp,G0200605,Alaska,Bristol Bay - Elec District 15,,non_conus,
1960,shp,G0200805,Alaska,Cordova-Mc Carthy - Elec District 07,,non_conus,
1960,shp,G0200905,Alaska,Fairbanks Northstar - Elec District 19,,non_conus,
1960,shp,G1500010,Hawaii,Hawaii,,non_conus,
1960,shp,G1500030,Hawaii,Honolulu,,non_conus,
1960,shp,G0201105,Alaska,Juneau - Elec District 05,,non_conus,
1960,shp,G1500050,Hawaii,Kalawao,,non_conus,
1960,shp,G1500070,Hawaii,Kauai,,non_conus,
1960,shp,G0201205,Alaska,Kenai-Cook Inlet - Elec District 12,,non_conus,
1960,shp,G0201305,Alaska,Ketchikan - Elec District 02,,non_conus,
1960,shp,G0201405,Alaska,Kobuk - Elec District 22,,non_conus,
1960,shp,G0201505,Alaska,Kodiak - Elec District 13,,non_conus,
1960,shp,G0201605,Alaska,Kuskokwim - Elec District 17,,non_conus,
1960,shp,G0201645,Alaska,Lynn Canal-Icy Straits - Elec District 06,,non_conus,
1960,shp,G1500090,Hawaii,Maui,,non_conus,
1960,shp,G0201805,Alaska,Nome - Elec District 23,,non_conus,
1960,shp,G0201905,Alaska,Palmer-Wasilla-Talkeetna - Elec District 09,,non_conus,
1960,shp,G0202005,Alaska,Prince Of Wales - Elec District 01,,non_conus,
1960,shp,G0202015,Alaska,Seward - Elec District 11,,non_conus,
1960,shp,G0202205,Alaska,Sitka - Elec District 04,,non_conus,
1960,shp,G0202505,Alaska,Upper Yukon - Elec District 20,,non_conus,
1960,shp,G0202605,Alaska,Valdez-Chitina-Whittier - Elec District 08,,non_conus,
1960,shp,G0202705,Alaska,Wade Hapton - Elec District 24,,non_conus,
1960,shp,G0202805,Alaska,Wrangell-Petersburg - Elec District 03,,non_conus,
1960,shp,G0202905,Alaska,Yukon-Koyukuk - Elec District 18,,non_conus,
1970,csv,G0200100,Alaska,Aleutian Islands,8057.0,non_conus,
1970,csv,G0200200,Alaska,Anchorage,124542.0,non_conus,
1970,csv,G0200300,Alaska,Angoon,503.0,non_conus,
1970,csv,G0200400,Alaska,Barrow,2663.0,non_conus,
1970,csv,G0200500,Alaska,Bethel,7579.0,non_conus,
1970,csv,G0200600,Alaska,Bristol Bay Borough,1147.0,non_conus,
1970,csv,G0200620,Alaska,Bristol Bay Division,3485.0,non_conus,
1970,csv,G0200800,Alaska,Cordova-Mc Carthy,1857.0,non_conus,
1970,csv,G0200900,Alaska,Fairbanks,45864.0,non_conus,
1970,csv,G0201000,Alaska,Haines,1504.0,non_conus,
1970,csv,G0201100,Alaska,Juneau,13556.0,non_conus,
1970,csv,G0201200,Alaska,Kenai-Cook Inlet,14250.0,non_conus,
1970,csv,G0201300,Alaska,Ketchikan,10041.0,non_conus,
1970,csv,G0201400,Alaska,Kobuk,4434.0,non_conus,
1970,csv,G0201500,Alaska,Kodiak,9409.0,non_conus,
1970,csv,G0201600,Alaska,Kuskokwim,2306.0,non_conus,
1970,csv,G0201700,Alaska,Matanuska-Susitna,6509.0,non_conus,
1970,csv,G0201800,Alaska,Nome,5749.0,non_conus,
1970,csv,G0201900,Alaska,Outer Ketchikan,1676.0,non_conus,
1970,csv,G0202000,Alaska,Prince Of Wales,2106.0,non_conus,
1970,csv,G0202100,Alaska,Seward,2336.0,non_conus,
1970,csv,G0202200,Alaska,Sitka,6109.0,non_conus,
1970,csv,G0202300,Alaska,Skagway-Yakutat,2157.0,non_conus,
1970,csv,G0202400,Alaska,Southeast Fairbanks,4179.0,non_conus,
1970,csv,G0202500,Alaska,Upper Yukon,1684.0,non_conus,
1970,csv,G0202600,Alaska,Valdez-Chitina-Whittier,3098.0,non_conus,
1970,csv,G0202700,Alaska,Wade Hampton,3917.0,non_conus,
1970,csv,G0202800,Alaska,Wrangell-Petersburg,4913.0,non_conus,
1970,csv,G0202900,Alaska,Yukon-Koyukuk,4752.0,non_conus,
1970,csv,G1500010,Hawaii,Hawaii,63468.0,non_conus,
1970,csv,G1500030,Hawaii,Honolulu,629176.0,non_conus,
1970,csv,G1500070,Hawaii,Kauai,29761.0,non_conus,
1970,csv,G1500090,Hawaii,Maui,46156.0,non_conus,
1970,shp,G0200100,Alaska,Aleutian Islands,,non_conus,
1970,shp,G0200200,Alaska,Anchorage,,non_conus,
1970,shp,G0200300,Alaska,Angoon,,non_conus,
1970,shp,G0200400,Alaska,Barrow,,non_conus,
1970,shp,G0200500,Alaska,Bethel,,non_conus,
1970,shp,G0200600,Alaska,Bristol Bay Borough,,non_conus,
1970,shp,G0200620,Alaska,Bristol Bay Division,,non_conus,
1970,shp,G0200800,Alaska,Cordova-Mccarthy,,non_conus,
1970,shp,G0200900,Alaska,Fairbanks North Star,,non_conus,
1970,shp,G0201000,Alaska,Haines,,non_conus,
1970,shp,G1500010,Hawaii,Hawaii,,non_conus,
1970,shp,G1500030,Hawaii,Honolulu,,non_conus,
1970,shp,G0201100,Alaska,Juneau,,non_conus,
1970,shp,G1500070,Hawaii,Kauai,,non_conus,
1970,shp,G0201200,Alaska,Kenai-Cook Inlet,,non_conus,
1970,shp,G0201300,Alaska,Ketchikan Gateway,,non_conus,
1970,shp,G0201400,Alaska,Kobuk,,non_conus,
1970,shp,G0201500,Alaska,Kodiak Island,,non_conus,
1970,shp,G0201600,Alaska,Kuskokwim,,non_conus,
1970,shp,G0201700,Alaska,Matanuska-Susitna,,non_conus,
1970,shp,G1500090,Hawaii,Maui,,non_conus,
1970,shp,G0201800,Alaska,Nome,,non_conus,
1970,shp,G0201900,Alaska,Outer Ketchikan,,non_conus,
1970,shp,G0202000,Alaska,Prince Of Wales,,non_conus,
1970,shp,G0202100,Alaska,Seward,,non_conus,
1970,shp,G0202200,Alaska,Sitka,,non_conus,
1970,shp,G0202300,Alaska,Skagway-Yakutat,,non_conus,
1970,shp,G0202400,Alaska,Southeast-Fairbanks,,non_conus,
1970,shp,G0202500,Alaska,Upper Yukon,,non_conus,
1970,shp,G0202600,Alaska,Valdez-Chitina-Whittier,,non_conus,
1970,shp,G0202700,Alaska,Wade Hampton,,non_conus,
1970,shp,G0202800,Alaska,Wrangell-Petersburg,,non_conus,
1970,shp,G0202900,Alaska,Yukon-Koyukuk,,non_conus,
1980,csv,G0200100,Alaska,ALEUTIAN ISLANDS CENSUS AREA,7768.0,non_conus,
1980,csv,G0200200,Alaska,ANCHORAGE BOROUGH,174431.0,non_conus,
1980,csv,G0200500,Alaska,BETHEL CENSUS AREA,10999.0,non_conus,
1980,csv,G0200600,Alaska,BRISTOL BAY BOROUGH,1094.0,non_conus,
1980,csv,G0200700,Alaska,DILLINGHAM CENSUS AREA,4616.0,non_conus,
1980,csv,G0200900,Alaska,FAIRBANKS NORTH STAR BOROUGH,53983.0,non_conus,
1980,csv,G0201000,Alaska,HAINES BOROUGH,1680.0,non_conus,
1980,csv,G0201100,Alaska,JUNEAU BOROUGH,19528.0,non_conus,
1980,csv,G0201220,Alaska,KENAI PENINSULA BOROUGH,25282.0,non_conus,
1980,csv,G0201300,Alaska,KETCHIKAN GATEWAY BOROUGH,11316.0,non_conus,
1980,csv,G0201400,Alaska,KOBUK CENSUS AREA,4831.0,non_conus,
1980,csv,G0201500,Alaska,KODIAK ISLAND BOROUGH,9939.0,non_conus,
1980,csv,G0201700,Alaska,MATANUSKA-SUSITNA BOROUGH,17816.0,non_conus,
1980,csv,G0201800,Alaska,NOME CENSUS AREA,6537.0,non_conus,
1980,csv,G0201850,Alaska,NORTH SLOPE BOROUGH,4199.0,non_conus,
1980,csv,G0202010,Alaska,PRINCE OF WALES-OUTER KETCHIKAN CENSUS AREA,3822.0,non_conus,
1980,csv,G0202200,Alaska,SITKA BOROUGH,7803.0,non_conus,
1980,csv,G0202310,Alaska,SKAGWAY-YAKUTAT-ANGOON CENSUS AREA,3478.0,non_conus,
1980,csv,G0202400,Alaska,SOUTHEAST FAIRBANKS CENSUS AREA,5676.0,non_conus,
1980,csv,G0202610,Alaska,VALDEZ-CORDOVA CENSUS AREA,8348.0,non_conus,
1980,csv,G0202700,Alaska,WADE HAMPTON CENSUS AREA,4665.0,non_conus,
1980,csv,G0202800,Alaska,WRANGELL-PETERSBURG CENSUS AREA,6167.0,non_conus,
1980,csv,G0202900,Alaska,YUKON-KOYUKUK CENSUS AREA,7873.0,non_conus,
1980,csv,G1500010,Hawaii,HAWAII COUNTY,92053.0,non_conus,
1980,csv,G1500030,Hawaii,HONOLULU COUNTY,762565.0,non_conus,
1980,csv,G1500050,Hawaii,KALAWAO COUNTY,144.0,non_conus,
1980,csv,G1500070,Hawaii,KAUAI COUNTY,39082.0,non_conus,
1980,csv,G1500090,Hawaii,MAUI COUNTY,70847.0,non_conus,
1980,shp,G0200100,Alaska,Aleutian Islands,,non_conus,
1980,shp,G0200200,Alaska,Anchorage,,non_conus,
1980,shp,G0200500,Alaska,Bethel,,non_conus,
1980,shp,G0200600,Alaska,Bristol Bay Borough,,non_conus,
1980,shp,G0200700,Alaska,Dillingham Cens,,non_conus,
1980,shp,G0200900,Alaska,Fairbanks North Star,,non_conus,
1980,shp,G0201000,Alaska,Haines,,non_conus,
1980,shp,G1500010,Hawaii,Hawaii,,non_conus,
1980,shp,G1500030,Hawaii,Honolulu,,non_conus,
1980,shp,G0201100,Alaska,Juneau,,non_conus,
1980,shp,G1500050,Hawaii,Kalawao,,non_conus,
1980,shp,G1500070,Hawaii,Kauai,,non_conus,
1980,shp,G0201220,Alaska,Kenai Peninsula,,non_conus,
1980,shp,G0201300,Alaska,Ketchikan Gateway,,non_conus,
1980,shp,G0201400,Alaska,Kobuk,,non_conus,
1980,shp,G0201500,Alaska,Kodiak Island,,non_conus,
1980,shp,G0201700,Alaska,Matanuska-Susitna,,non_conus,
1980,shp,G1500090,Hawaii,Maui,,non_conus,
1980,shp,G0201800,Alaska,Nome,,non_conus,
1980,shp,G0201850,Alaska,North Slope,,non_conus,
1980,shp,G0202010,Alaska,Prince Of Wales-Outer Ketchikan Cens,,non_conus,
1980,shp,G0202200,Alaska,Sitka,,non_conus,
1980,shp,G0202310,Alaska,Skagway-Yakutat-Angoon Cens,,non_conus,
1980,shp,G0202400,Alaska,Southeast-Fairbanks,,non_conus,
1980,shp,G0202610,Alaska,Valdez-Cordova Cens,,non_conus,
1980,shp,G0202700,Alaska,Wade Hampton,,non_conus,
1980,shp,G0202800,Alaska,Wrangell-Petersburg,,non_conus,
1980,shp,G0202900,Alaska,Yukon-Koyukuk,,non_conus,
1990,csv,G0200130,Alaska,Aleutians East Borough,2464.0,non_conus,
1990,csv,G0200160,Alaska,Aleutians West Census Area,9478.0,non_conus,
1990,csv,G0200200,Alaska,Anchorage Borough,226338.0,non_conus,
1990,csv,G0200500,Alaska,Bethel Census Area,13656.0,non_conus,
1990,csv,G0200600,Alaska,Bristol Bay Borough,1410.0,non_conus,
1990,csv,G0200700,Alaska,Dillingham Census Area,4012.0,non_conus,
1990,csv,G0200900,Alaska,Fairbanks North Star Borough,77720.0,non_conus,
1990,csv,G0201000,Alaska,Haines Borough,2117.0,non_conus,
1990,csv,G0201100,Alaska,Juneau Borough,26751.0,non_conus,
1990,csv,G0201220,Alaska,Kenai Peninsula Borough,40802.0,non_conus,
1990,csv,G0201300,Alaska,Ketchikan Gateway Borough,13828.0,non_conus,
1990,csv,G0201500,Alaska,Kodiak Island Borough,13309.0,non_conus,
1990,csv,G0201640,Alaska,Lake and Peninsula Borough,1668.0,non_conus,
1990,csv,G0201700,Alaska,Matanuska-Susitna Borough,39683.0,non_conus,
1990,csv,G0201800,Alaska,Nome Census Area,8288.0,non_conus,
1990,csv,G0201850,Alaska,North Slope Borough,5979.0,non_conus,
1990,csv,G0201880,Alaska,Northwest Arctic Borough,6113.0,non_conus,
1990,csv,G0202010,Alaska,Prince of Wales-Outer Ketchikan Census Area,6278.0,non_conus,
1990,csv,G0202200,Alaska,Sitka Borough,8588.0,non_conus,
1990,csv,G0202310,Alaska,Skagway-Yakutat-Angoon Census Area,4385.0,non_conus,
1990,csv,G0202400,Alaska,Southeast Fairbanks Census Area,5913.0,non_conus,
1990,csv,G0202610,Alaska,Valdez-Cordova Census Area,9952.0,non_conus,
1990,csv,G0202700,Alaska,Wade Hampton Census Area,5791.0,non_conus,
1990,csv,G0202800,Alaska,Wrangell-Petersburg Census Area,7042.0,non_conus,
1990,csv,G0202900,Alaska,Yukon-Koyukuk Census Area,8478.0,non_conus,
1990,csv,G1500010,Hawaii,Hawaii County,120317.0,non_conus,
1990,csv,G1500030,Hawaii,Honolulu County,836231.0,non_conus,
1990,csv,G1500050,Hawaii,Kalawao County,130.0,non_conus,
1990,csv,G1500070,Hawaii,Kauai County,51177.0,non_conus,
1990,csv,G1500090,Hawaii,Maui County,100374.0,non_conus,
1990,shp,G0200130,Alaska,Aleutians East,,non_conus,
1990,shp,G0200160,Alaska,Aleutians West Cens,,non_conus,
1990,shp,G0200200,Alaska,Anchorage,,non_conus,
1990,shp,G0200500,Alaska,Bethel,,non_conus,
1990,shp,G0200600,Alaska,Bristol Bay Borough,,non_conus,
1990,shp,G0200700,Alaska,Dillingham Cens,,non_conus,
1990,shp,G0200900,Alaska,Fairbanks North Star,,non_conus,
1990,shp,G0201000,Alaska,Haines,,non_conus,
1990,shp,G1500010,Hawaii,Hawaii,,non_conus,
1990,shp,G1500030,Hawaii,Honolulu,,non_conus,
1990,shp,G0201100,Alaska,Juneau,,non_conus,
1990,shp,G1500050,Hawaii,Kalawao,,non_conus,
1990,shp,G1500070,Hawaii,Kauai,,non_conus,
1990,shp,G0201220,Alaska,Kenai Peninsula,,non_conus,
1990,shp,G0201300,Alaska,Ketchikan Gateway,,non_conus,
1990,shp,G0201500,Alaska,Kodiak Island,,non_conus,
1990,shp,G0201640,Alaska,Lake And Peninsula,,non_conus,
1990,shp,G0201700,Alaska,Matanuska-Susitna,,non_conus,
1990,shp,G1500090,Hawaii,Maui,,non_conus,
1990,shp,G0201800,Alaska,Nome,,non_conus,
1990,shp,G0201850,Alaska,North Slope,,non_conus,
1990,shp,G0201880,Alaska,Northwest Arctic,,non_conus,
1990,shp,G0202010,Alaska,Prince Of Wales-Outer Ketchikan Cens,,non_conus,
1990,shp,G0202200,Alaska,Sitka,,non_conus,
1990,shp,G0202310,Alaska,Skagway-Yakutat-Angoon Cens,,non_conus,
1990,shp,G0202400,Alaska,Southeast-Fairbanks,,non_conus,
1990,shp,G0202610,Alaska,Valdez-Cordova Cens,,non_conus,
1990,shp,G0202700,Alaska,Wade Hampton,,non_conus,
1990,shp,G0202800,Alaska,Wrangell-Petersburg,,non_conus,
1990,shp,G0202900,Alaska,Yukon-Koyukuk,,non_conus,
2000,csv,G0200130,Alaska,Aleutians East Borough,2697.0,non_conus,
2000,csv,G0200160,Alaska,Aleutians West Census Area,5465.0,non_conus,
2000,csv,G0200200,Alaska,Anchorage Municipality,260283.0,non_conus,
2000,csv,G0200500,Alaska,Bethel Census Area,16006.0,non_conus,
2000,csv,G0200600,Alaska,Bristol Bay Borough,1258.0,non_conus,
2000,csv,G0200680,Alaska,Denali Borough,1893.0,non_conus,
2000,csv,G0200700,Alaska,Dillingham Census Area,4922.0,non_conus,
2000,csv,G0200900,Alaska,Fairbanks North Star Borough,82840.0,non_conus,
2000,csv,G0201000,Alaska,Haines Borough,2392.0,non_conus,
2000,csv,G0201100,Alaska,Juneau City and Borough,30711.0,non_conus,
2000,csv,G0201220,Alaska,Kenai Peninsula Borough,49691.0,non_conus,
2000,csv,G0201300,Alaska,Ketchikan Gateway Borough,14070.0,non_conus,
2000,csv,G0201500,Alaska,Kodiak Island Borough,13913.0,non_conus,
2000,csv,G0201640,Alaska,Lake and Peninsula Borough,1823.0,non_conus,
2000,csv,G0201700,Alaska,Matanuska-Susitna Borough,59322.0,non_conus,
2000,csv,G0201800,Alaska,Nome Census Area,9196.0,non_conus,
2000,csv,G0201850,Alaska,North Slope Borough,7385.0,non_conus,
2000,csv,G0201880,Alaska,Northwest Arctic Borough,7208.0,non_conus,
2000,csv,G0202010,Alaska,Prince of Wales-Outer Ketchikan Census Area,6146.0,non_conus,
2000,csv,G0202200,Alaska,Sitka City and Borough,8835.0,non_conus,
2000,csv,G0202320,Alaska,Skagway-Hoonah-Angoon Census Area,3436.0,non_conus,
2000,csv,G0202400,Alaska,Southeast Fairbanks Census Area,6174.0,non_conus,
2000,csv,G0202610,Alaska,Valdez-Cordova Census Area,10195.0,non_conus,
2000,csv,G0202700,Alaska,Wade Hampton Census Area,7028.0,non_conus,
2000,csv,G0202800,Alaska,Wrangell-Petersburg Census Area,6684.0,non_conus,
2000,csv,G0202820,Alaska,Yakutat City and Borough,808.0,non_conus,
2000,csv,G0202900,Alaska,Yukon-Koyukuk Census Area,6551.0,non_conus,
2000,csv,G1500010,Hawaii,Hawaii County,148677.0,non_conus,
2000,csv,G1500030,Hawaii,Honolulu County,876156.0,non_conus,
2000,csv,G1500050,Hawaii,Kalawao County,147.0,non_conus,
2000,csv,G1500070,Hawaii,Kauai County,58463.0,non_conus,
2000,csv,G1500090,Hawaii,Maui County,128094.0,non_conus,
2000,shp,G0200130,Alaska,Aleutians East,,non_conus,
2000,shp,G0200160,Alaska,Aleutians West Cens,,non_conus,
2000,shp,G0200200,Alaska,Anchorage,,non_conus,
2000,shp,G0200500,Alaska,Bethel,,non_conus,
2000,shp,G0200600,Alaska,Bristol Bay Borough,,non_conus,
2000,shp,G0200680,Alaska,Denali,,non_conus,
2000,shp,G0200700,Alaska,Dillingham Cens,,non_conus,
2000,shp,G0200900,Alaska,Fairbanks North Star,,non_conus,
2000,shp,G0201000,Alaska,Haines,,non_conus,
2000,shp,G1500010,Hawaii,Hawaii,,non_conus,
2000,shp,G1500030,Hawaii,Honolulu,,non_conus,
2000,shp,G0201100,Alaska,Juneau,,non_conus,
2000,shp,G1500050,Hawaii,Kalawao,,non_conus,
2000,shp,G1500070,Hawaii,Kauai,,non_conus,
2000,shp,G0201220,Alaska,Kenai Peninsula,,non_conus,
2000,shp,G0201300,Alaska,Ketchikan Gateway,,non_conus,
2000,shp,G0201500,Alaska,Kodiak Island,,non_conus,
2000,shp,G0201640,Alaska,Lake And Peninsula,,non_conus,
2000,shp,G0201700,Alaska,Matanuska-Susitna,,non_conus,
2000,shp,G1500090,Hawaii,Maui,,non_conus,
2000,shp,G0201800,Alaska,Nome,,non_conus,
2000,shp,G0201850,Alaska,North Slope,,non_conus,
2000,shp,G0201880,Alaska,Northwest Arctic,,non_conus,
2000,shp,G0202010,Alaska,Prince Of Wales-Outer Ketchikan Cens,,non_conus,
2000,shp,G0202200,Alaska,Sitka,,non_conus,
2000,shp,G0202320,Alaska,Skagway-Hoonah-Angoon Cens,,non_conus,
2000,shp,G0202400,Alaska,Southeast-Fairbanks,,non_conus,
2000,shp,G0202610,Alaska,Valdez-Cordova Cens,,non_conus,
2000,shp,G0202700,Alaska,Wade Hampton,,non_conus,
2000,shp,G0202800,Alaska,Wrangell-Petersburg,,non_conus,
2000,shp,G0202820,Alaska,Yakutat City And,,non_conus,
2000,shp,G0202900,Alaska,Yukon-Koyukuk,,non_conus,
2010,csv,G0200130,Alaska,Aleutians East Borough,3141.0,non_conus,
2010,csv,G0200160,Alaska,Aleutians West Census Area,5561.0,non_conus,
2010,csv,G0200200,Alaska,Anchorage Municipality,291826.0,non_conus,
2010,csv,G0200500,Alaska,Bethel Census Area,17013.0,non_conus,
2010,csv,G0200600,Alaska,Bristol Bay Borough,997.0,non_conus,
2010,csv,G0200680,Alaska,Denali Borough,1826.0,non_conus,
2010,csv,G0200700,Alaska,Dillingham Census Area,4847.0,non_conus,
2010,csv,G0200900,Alaska,Fairbanks North Star Borough,97581.0,non_conus,
2010,csv,G0201000,Alaska,Haines Borough,2508.0,non_conus,
2010,csv,G0201050,Alaska,Hoonah-Angoon Census Area,2150.0,non_conus,
2010,csv,G0201100,Alaska,Juneau City and Borough,31275.0,non_conus,
2010,csv,G0201220,Alaska,Kenai Peninsula Borough,55400.0,non_conus,
2010,csv,G0201300,Alaska,Ketchikan Gateway Borough,13477.0,non_conus,
2010,csv,G0201500,Alaska,Kodiak Island Borough,13592.0,non_conus,
2010,csv,G0201640,Alaska,Lake and Peninsula Borough,1631.0,non_conus,
2010,csv,G0201700,Alaska,Matanuska-Susitna Borough,88995.0,non_conus,
2010,csv,G0201800,Alaska,Nome Census Area,9492.0,non_conus,
2010,csv,G0201850,Alaska,North Slope Borough,9430.0,non_conus,
2010,csv,G0201880,Alaska,Northwest Arctic Borough,7523.0,non_conus,
2010,csv,G0201950,Alaska,Petersburg Census Area,3815.0,non_conus,
2010,csv,G0201980,Alaska,Prince of Wales-Hyder Census Area,5559.0,non_conus,
2010,csv,G0202200,Alaska,Sitka City and Borough,8881.0,non_conus,
2010,csv,G0202300,Alaska,Skagway Municipality,968.0,non_conus,
2010,csv,G0202400,Alaska,Southeast Fairbanks Census Area,7029.0,non_conus,
2010,csv,G0202610,Alaska,Valdez-Cordova Census Area,9636.0,non_conus,
2010,csv,G0202700,Alaska,Wade Hampton Census Area,7459.0,non_conus,
2010,csv,G0202750,Alaska,Wrangell City and Borough,2369.0,non_conus,
2010,csv,G0202820,Alaska,Yakutat City and Borough,662.0,non_conus,
2010,csv,G0202900,Alaska,Yukon-Koyukuk Census Area,5588.0,non_conus,
2010,csv,G1500010,Hawaii,Hawaii County,185079.0,non_conus,
2010,csv,G1500030,Hawaii,Honolulu County,953207.0,non_conus,
2010,csv,G1500050,Hawaii,Kalawao County,90.0,non_conus,
2010,csv,G1500070,Hawaii,Kauai County,67091.0,non_conus,
2010,csv,G1500090,Hawaii,Maui County,154834.0,non_conus,
2010,csv,G7200010,Puerto Rico,Adjuntas Municipio,19483.0,non_conus,
2010,csv,G7200030,Puerto Rico,Aguada Municipio,41959.0,non_conus,
2010,csv,G7200050,Puerto Rico,Aguadilla Municipio,60949.0,non_conus,
2010,csv,G7200070,Puerto Rico,Aguas Buenas Municipio,28659.0,non_conus,
2010,csv,G7200090,Puerto Rico,Aibonito Municipio,25900.0,non_conus,
2010,csv,G7200130,Puerto Rico,Arecibo Municipio,96440.0,non_conus,
2010,csv,G7200150,Puerto Rico,Arroyo Municipio,19575.0,non_conus,
2010,csv,G7200110,Puerto Rico,Añasco Municipio,29261.0,non_conus,
2010,csv,G7200170,Puerto Rico,Barceloneta Municipio,24816.0,non_conus,
2010,csv,G7200190,Puerto Rico,Barranquitas Municipio,30318.0,non_conus,
2010,csv,G7200210,Puerto Rico,Bayamón Municipio,208116.0,non_conus,
2010,csv,G7200230,Puerto Rico,Cabo Rojo Municipio,50917.0,non_conus,
2010,csv,G7200250,Puerto Rico,Caguas Municipio,142893.0,non_conus,
2010,csv,G7200270,Puerto Rico,Camuy Municipio,35159.0,non_conus,
2010,csv,G7200290,Puerto Rico,Canóvanas Municipio,47648.0,non_conus,
2010,csv,G7200310,Puerto Rico,Carolina Municipio,176762.0,non_conus,
2010,csv,G7200330,Puerto Rico,Cataño Municipio,28140.0,non_conus,
2010,csv,G7200350,Puerto Rico,Cayey Municipio,48119.0,non_conus,
2010,csv,G7200370,Puerto Rico,Ceiba Municipio,13631.0,non_conus,
2010,csv,G7200390,Puerto Rico,Ciales Municipio,18782.0,non_conus,
2010,csv,G7200410,Puerto Rico,Cidra Municipio,43480.0,non_conus,
2010,csv,G7200430,Puerto Rico,Coamo Municipio,40512.0,non_conus,
2010,csv,G7200450,Puerto Rico,Comerío Municipio,20778.0,non_conus,
2010,csv,G7200470,Puerto Rico,Corozal Municipio,37142.0,non_conus,
2010,csv,G7200490,Puerto Rico,Culebra Municipio,1818.0,non_conus,
2010,csv,G7200510,Puerto Rico,Dorado Municipio,38165.0,non_conus,
2010,csv,G7200530,Puerto Rico,Fajardo Municipio,36993.0,non_conus,
2010,csv,G7200540,Puerto Rico,Florida Municipio,12680.0,non_conus,
2010,csv,G7200570,Puerto Rico,Guayama Municipio,45362.0,non_conus,
2010,csv,G7200590,Puerto Rico,Guayanilla Municipio,21581.0,non_conus,
2010,csv,G7200610,Puerto Rico,Guaynabo Municipio,97924.0,non_conus,
2010,csv,G7200630,Puerto Rico,Gurabo Municipio,45369.0,non_conus,
2010,csv,G7200550,Puerto Rico,Guánica Municipio,19427.0,non_conus,
2010,csv,G7200650,Puerto Rico,Hatillo Municipio,41953.0,non_conus,
2010,csv,G7200670,Puerto Rico,Hormigueros Municipio,17250.0,non_conus,
2010,csv,G7200690,Puerto Rico,Humacao Municipio,58466.0,non_conus,
2010,csv,G7200710,Puerto Rico,Isabela Municipio,45631.0,non_conus,
2010,csv,G7200730,Puerto Rico,Jayuya Municipio,16642.0,non_conus,
2010,csv,G7200750,Puerto Rico,Juana Díaz Municipio,50747.0,non_conus,
2010,csv,G7200770,Puerto Rico,Juncos Municipio,40290.0,non_conus,
2010,csv,G7200790,Puerto Rico,Lajas Municipio,25753.0,non_conus,
2010,csv,G7200810,Puerto Rico,Lares Municipio,30753.0,non_conus,
2010,csv,G7200830,Puerto Rico,Las Marías Municipio,9881.0,non_conus,
2010,csv,G7200850,Puerto Rico,Las Piedras Municipio,38675.0,non_conus,
2010,csv,G7200870,Puerto Rico,Loíza Municipio,30060.0,non_conus,
2010,csv,G7200890,Puerto Rico,Luquillo Municipio,20068.0,non_conus,
2010,csv,G7200910,Puerto Rico,Manatí Municipio,44113.0,non_conus,
2010,csv,G7200930,Puerto Rico,Maricao Municipio,6276.0,non_conus,
2010,csv,G7200950,Puerto Rico,Maunabo Municipio,12225.0,non_conus,
2010,csv,G7200970,Puerto Rico,Mayagüez Municipio,89080.0,non_conus,
2010,csv,G7200990,Puerto Rico,Moca Municipio,40109.0,non_conus,
2010,csv,G7201010,Puerto Rico,Morovis Municipio,32610.0,non_conus,
2010,csv,G7201030,Puerto Rico,Naguabo Municipio,26720.0,non_conus,
2010,csv,G7201050,Puerto Rico,Naranjito Municipio,30402.0,non_conus,
2010,csv,G7201070,Puerto Rico,Orocovis Municipio,23423.0,non_conus,
2010,csv,G7201090,Puerto Rico,Patillas Municipio,19277.0,non_conus,
2010,csv,G7201110,Puerto Rico,Peñuelas Municipio,24282.0,non_conus,
2010,csv,G7201130,Puerto Rico,Ponce Municipio,166327.0,non_conus,
2010,csv,G7201150,Puerto Rico,Quebradillas Municipio,25919.0,non_conus,
2010,csv,G7201170,Puerto Rico,Rincón Municipio,15200.0,non_conus,
2010,csv,G7201190,Puerto Rico,Río Grande Municipio,54304.0,non_conus,
2010,csv,G7201210,Puerto Rico,Sabana Grande Municipio,25265.0,non_conus,
2010,csv,G7201230,Puerto Rico,Salinas Municipio,31078.0,non_conus,
2010,csv,G7201250,Puerto Rico,San Germán Municipio,35527.0,non_conus,
2010,csv,G7201270,Puerto Rico,San Juan Municipio,395326.0,non_conus,
2010,csv,G7201290,Puerto Rico,San Lorenzo Municipio,41058.0,non_conus,
2010,csv,G7201310,Puerto Rico,San Sebastián Municipio,42430.0,non_conus,
2010,csv,G7201330,Puerto Rico,Santa Isabel Municipio,23274.0,non_conus,
2010,csv,G7201350,Puerto Rico,Toa Alta Municipio,74066.0,non_conus,
2010,csv,G7201370,Puerto Rico,Toa Baja Municipio,89609.0,non_conus,
2010,csv,G7201390,Puerto Rico,Trujillo Alto Municipio,74842.0,non_conus,
2010,csv,G7201410,Puerto Rico,Utuado Municipio,33149.0,non_conus,
2010,csv,G7201430,Puerto Rico,Vega Alta Municipio,39951.0,non_conus,
2010,csv,G7201450,Puerto Rico,Vega Baja Municipio,59662.0,non_conus,
2010,csv,G7201470,Puerto Rico,Vieques Municipio,9301.0,non_conus,
2010,csv,G7201490,Puerto Rico,Villalba Municipio,26073.0,non_conus,
2010,csv,G7201510,Puerto Rico,Yabucoa Municipio,37941.0,non_conus,
2010,csv,G7201530,Puerto Rico,Yauco Municipio,42043.0,non_conus,
2010,shp,G0200130,,,,non_conus,
2010,shp,G0200160,,,,non_conus,
2010,shp,G0202400,,,,non_conus,
2010,shp,G0200700,,,,non_conus,
2010,shp,G0201640,,,,non_conus,
2010,shp,G0201850,,,,non_conus,
2010,shp,G0201050,,,,non_conus,
2010,shp,G0201500,,,,non_conus,
2010,shp,G0202300,,,,non_conus,
2010,shp,G0201880,,,,non_conus,
2010,shp,G0201300,,,,non_conus,
2010,shp,G0202700,,,,non_conus,
2010,shp,G7200910,,,,non_conus,
2010,shp,G7200490,,,,non_conus,
2010,shp,G7200050,,,,non_conus,
2010,shp,G7200430,,,,non_conus,
2010,shp,G7200830,,,,non_conus,
2010,shp,G7200130,,,,non_conus,
2010,shp,G7200150,,,,non_conus,
2010,shp,G7200530,,,,non_conus,
2010,shp,G7200330,,,,non_conus,
2010,shp,G7200450,,,,non_conus,
2010,shp,G7200270,,,,non_conus,
2010,shp,G7200590,,,,non_conus,
2010,shp,G7201130,,,,non_conus,
2010,shp,G7200770,,,,non_conus,
2010,shp,G0200900,,,,non_conus,
2010,shp,G0201100,,,,non_conus,
2010,shp,G0201800,,,,non_conus,
2010,shp,G0201980,,,,non_conus,
2010,shp,G0202200,,,,non_conus,
2010,shp,G7201050,,,,non_conus,
2010,shp,G7201450,,,,non_conus,
2010,shp,G7201170,,,,non_conus,
2010,shp,G7201290,,,,non_conus,
2010,shp,G7200970,,,,non_conus,
2010,shp,G7201470,,,,non_conus,
2010,shp,G7200390,,,,non_conus,
2010,shp,G7201110,,,,non_conus,
2010,shp,G7200070,,,,non_conus,
2010,shp,G7200110,,,,non_conus,
2010,shp,G7201150,,,,non_conus,
2010,shp,G7200790,,,,non_conus,
2010,shp,G7201370,,,,non_conus,
2010,shp,G7200190,,,,non_conus,
2010,shp,G7201330,,,,non_conus,
2010,shp,G7201230,,,,non_conus,
2010,shp,G7200890,,,,non_conus,
2010,shp,G7200370,,,,non_conus,
2010,shp,G7200540,,,,non_conus,
2010,shp,G7200410,,,,non_conus,
2010,shp,G7200310,,,,non_conus,
2010,shp,G7200690,,,,non_conus,
2010,shp,G7200030,,,,non_conus,
2010,shp,G7201030,,,,non_conus,
2010,shp,G7201250,,,,non_conus,
2010,shp,G7201350,,,,non_conus,
2010,shp,G7201390,,,,non_conus,
2010,shp,G7200870,,,,non_conus,
2010,shp,G7200610,,,,non_conus,
2010,shp,G7200470,,,,non_conus,
2010,shp,G7201510,,,,non_conus,
2010,shp,G7200570,,,,non_conus,
2010,shp,G7200170,,,,non_conus,
2010,shp,G7201490,,,,non_conus,
2010,shp,G7200810,,,,non_conus,
2010,shp,G7200650,,,,non_conus,
2010,shp,G7200710,,,,non_conus,
2010,shp,G7200290,,,,non_conus,
2010,shp,G7200950,,,,non_conus,
2010,shp,G0201950,,,,non_conus,
2010,shp,G0202750,,,,non_conus,
2010,shp,G0201700,,,,non_conus,
2010,shp,G0202900,,,,non_conus,
2010,shp,G0202820,,,,non_conus,
2010,shp,G0201220,,,,non_conus,
2010,shp,G0202610,,,,non_conus,
2010,shp,G7200850,,,,non_conus,
2010,shp,G7200010,,,,non_conus,
2010,shp,G7201210,,,,non_conus,
2010,shp,G7201530,,,,non_conus,
2010,shp,G7201190,,,,non_conus,
2010,shp,G7201010,,,,non_conus,
2010,shp,G7200730,,,,non_conus,
2010,shp,G7200670,,,,non_conus,
2010,shp,G7200230,,,,non_conus,
2010,shp,G7201310,,,,non_conus,
2010,shp,G7201430,,,,non_conus,
2010,shp,G7200750,,,,non_conus,
2010,shp,G7200510,,,,non_conus,
2010,shp,G7200350,,,,non_conus,
2010,shp,G7200990,,,,non_conus,
2010,shp,G7200250,,,,non_conus,
2010,shp,G7201070,,,,non_conus,
2010,shp,G7200550,,,,non_conus,
2010,shp,G7200090,,,,non_conus,
2010,shp,G7201410,,,,non_conus,
2010,shp,G7200630,,,,non_conus,
2010,shp,G7200930,,,,non_conus,
2010,shp,G7201270,,,,non_conus,
2010,shp,G7200210,,,,non_conus,
2010,shp,G7201090,,,,non_conus,
2010,shp,G0201000,,,,non_conus,
2010,shp,G0200600,,,,non_conus,
2010,shp,G1500030,,,,non_conus,
2010,shp,G1500010,,,,non_conus,
2010,shp,G1500070,,,,non_conus,
2010,shp,G1500050,,,,non_conus,
2010,shp,G1500090,,,,non_conus,
2010,shp,G0200500,,,,non_conus,
2010,shp,G0200680,,,,non_conus,
2010,shp,G0200200,,,,non_conus,
2020,csv,G0200130,Alaska,Aleutians East Borough,3420.0,non_conus,
2020,csv,G0200160,Alaska,Aleutians West Census Area,5232.0,non_conus,
2020,csv,G0200200,Alaska,Anchorage Municipality,291247.0,non_conus,
2020,csv,G0200500,Alaska,Bethel Census Area,18666.0,non_conus,
2020,csv,G0200600,Alaska,Bristol Bay Borough,844.0,non_conus,
2020,csv,G0200630,Alaska,Chugach Census Area,7102.0,non_conus,
2020,csv,G0200660,Alaska,Copper River Census Area,2617.0,non_conus,
2020,csv,G0200680,Alaska,Denali Borough,1619.0,non_conus,
2020,csv,G0200700,Alaska,Dillingham Census Area,4857.0,non_conus,
2020,csv,G0200900,Alaska,Fairbanks North Star Borough,95655.0,non_conus,
2020,csv,G0201000,Alaska,Haines Borough,2080.0,non_conus,
2020,csv,G0201050,Alaska,Hoonah-Angoon Census Area,2365.0,non_conus,
2020,csv,G0201100,Alaska,Juneau City and Borough,32255.0,non_conus,
2020,csv,G0201220,Alaska,Kenai Peninsula Borough,58799.0,non_conus,
2020,csv,G0201300,Alaska,Ketchikan Gateway Borough,13948.0,non_conus,
2020,csv,G0201500,Alaska,Kodiak Island Borough,13101.0,non_conus,
2020,csv,G0201580,Alaska,Kusilvak Census Area,8368.0,non_conus,
2020,csv,G0201640,Alaska,Lake and Peninsula Borough,1476.0,non_conus,
2020,csv,G0201700,Alaska,Matanuska-Susitna Borough,107081.0,non_conus,
2020,csv,G0201800,Alaska,Nome Census Area,10046.0,non_conus,
2020,csv,G0201850,Alaska,North Slope Borough,11031.0,non_conus,
2020,csv,G0201880,Alaska,Northwest Arctic Borough,7793.0,non_conus,
2020,csv,G0201950,Alaska,Petersburg Borough,3398.0,non_conus,
2020,csv,G0201980,Alaska,Prince of Wales-Hyder Census Area,5753.0,non_conus,
2020,csv,G0202200,Alaska,Sitka City and Borough,8458.0,non_conus,
2020,csv,G0202300,Alaska,Skagway Municipality,1240.0,non_conus,
2020,csv,G0202400,Alaska,Southeast Fairbanks Census Area,6808.0,non_conus,
2020,csv,G0202750,Alaska,Wrangell City and Borough,2127.0,non_conus,
2020,csv,G0202820,Alaska,Yakutat City and Borough,662.0,non_conus,
2020,csv,G0202900,Alaska,Yukon-Koyukuk Census Area,5343.0,non_conus,
2020,csv,G1500010,Hawaii,Hawaii County,200629.0,non_conus,
2020,csv,G1500030,Hawaii,Honolulu County,1016508.0,non_conus,
2020,csv,G1500050,Hawaii,Kalawao County,82.0,non_conus,
2020,csv,G1500070,Hawaii,Kauai County,73298.0,non_conus,
2020,csv,G1500090,Hawaii,Maui County,164754.0,non_conus,
2020,csv,G7200010,Puerto Rico,Adjuntas Municipio,18020.0,non_conus,
2020,csv,G7200030,Puerto Rico,Aguada Municipio,38136.0,non_conus,
2020,csv,G7200050,Puerto Rico,Aguadilla Municipio,55101.0,non_conus,
2020,csv,G7200070,Puerto Rico,Aguas Buenas Municipio,24223.0,non_conus,
2020,csv,G7200090,Puerto Rico,Aibonito Municipio,24637.0,non_conus,
2020,csv,G7200130,Puerto Rico,Arecibo Municipio,87754.0,non_conus,
2020,csv,G7200150,Puerto Rico,Arroyo Municipio,15843.0,non_conus,
2020,csv,G7200110,Puerto Rico,Añasco Municipio,25596.0,non_conus,
2020,csv,G7200170,Puerto Rico,Barceloneta Municipio,22657.0,non_conus,
2020,csv,G7200190,Puerto Rico,Barranquitas Municipio,28983.0,non_conus,
2020,csv,G7200210,Puerto Rico,Bayamón Municipio,185187.0,non_conus,
2020,csv,G7200230,Puerto Rico,Cabo Rojo Municipio,47158.0,non_conus,
2020,csv,G7200250,Puerto Rico,Caguas Municipio,127244.0,non_conus,
2020,csv,G7200270,Puerto Rico,Camuy Municipio,32827.0,non_conus,
2020,csv,G7200290,Puerto Rico,Canóvanas Municipio,42337.0,non_conus,
2020,csv,G7200310,Puerto Rico,Carolina Municipio,154815.0,non_conus,
2020,csv,G7200330,Puerto Rico,Cataño Municipio,23155.0,non_conus,
2020,csv,G7200350,Puerto Rico,Cayey Municipio,41652.0,non_conus,
2020,csv,G7200370,Puerto Rico,Ceiba Municipio,11307.0,non_conus,
2020,csv,G7200390,Puerto Rico,Ciales Municipio,16984.0,non_conus,
2020,csv,G7200410,Puerto Rico,Cidra Municipio,39970.0,non_conus,
2020,csv,G7200430,Puerto Rico,Coamo Municipio,34668.0,non_conus,
2020,csv,G7200450,Puerto Rico,Comerío Municipio,18883.0,non_conus,
2020,csv,G7200470,Puerto Rico,Corozal Municipio,34571.0,non_conus,
2020,csv,G7200490,Puerto Rico,Culebra Municipio,1792.0,non_conus,
2020,csv,G7200510,Puerto Rico,Dorado Municipio,35879.0,non_conus,
2020,csv,G7200530,Puerto Rico,Fajardo Municipio,32124.0,non_conus,
2020,csv,G7200540,Puerto Rico,Florida Municipio,11692.0,non_conus,
2020,csv,G7200570,Puerto Rico,Guayama Municipio,36614.0,non_conus,
2020,csv,G7200590,Puerto Rico,Guayanilla Municipio,17784.0,non_conus,
2020,csv,G7200610,Puerto Rico,Guaynabo Municipio,89780.0,non_conus,
2020,csv,G7200630,Puerto Rico,Gurabo Municipio,40622.0,non_conus,
2020,csv,G7200550,Puerto Rico,Guánica Municipio,13787.0,non_conus,
2020,csv,G7200650,Puerto Rico,Hatillo Municipio,38486.0,non_conus,
2020,csv,G7200670,Puerto Rico,Hormigueros Municipio,15654.0,non_conus,
2020,csv,G7200690,Puerto Rico,Humacao Municipio,50896.0,non_conus,
2020,csv,G7200710,Puerto Rico,Isabela Municipio,42943.0,non_conus,
2020,csv,G7200730,Puerto Rico,Jayuya Municipio,14779.0,non_conus,
2020,csv,G7200750,Puerto Rico,Juana Díaz Municipio,46538.0,non_conus,
2020,csv,G7200770,Puerto Rico,Juncos Municipio,37012.0,non_conus,
2020,csv,G7200790,Puerto Rico,Lajas Municipio,23334.0,non_conus,
2020,csv,G7200810,Puerto Rico,Lares Municipio,28105.0,non_conus,
2020,csv,G7200830,Puerto Rico,Las Marías Municipio,8874.0,non_conus,
2020,csv,G7200850,Puerto Rico,Las Piedras Municipio,35180.0,non_conus,
2020,csv,G7200870,Puerto Rico,Loíza Municipio,23693.0,non_conus,
2020,csv,G7200890,Puerto Rico,Luquillo Municipio,17781.0,non_conus,
2020,csv,G7200910,Puerto Rico,Manatí Municipio,39492.0,non_conus,
2020,csv,G7200930,Puerto Rico,Maricao Municipio,4755.0,non_conus,
2020,csv,G7200950,Puerto Rico,Maunabo Municipio,10589.0,non_conus,
2020,csv,G7200970,Puerto Rico,Mayagüez Municipio,73077.0,non_conus,
2020,csv,G7200990,Puerto Rico,Moca Municipio,37460.0,non_conus,
2020,csv,G7201010,Puerto Rico,Morovis Municipio,28727.0,non_conus,
2020,csv,G7201030,Puerto Rico,Naguabo Municipio,23386.0,non_conus,
2020,csv,G7201050,Puerto Rico,Naranjito Municipio,29241.0,non_conus,
2020,csv,G7201070,Puerto Rico,Orocovis Municipio,21434.0,non_conus,
2020,csv,G7201090,Puerto Rico,Patillas Municipio,15985.0,non_conus,
2020,csv,G7201110,Puerto Rico,Peñuelas Municipio,20399.0,non_conus,
2020,csv,G7201130,Puerto Rico,Ponce Municipio,137491.0,non_conus,
2020,csv,G7201150,Puerto Rico,Quebradillas Municipio,23638.0,non_conus,
2020,csv,G7201170,Puerto Rico,Rincón Municipio,15187.0,non_conus,
2020,csv,G7201190,Puerto Rico,Río Grande Municipio,47060.0,non_conus,
2020,csv,G7201210,Puerto Rico,Sabana Grande Municipio,22729.0,non_conus,
2020,csv,G7201230,Puerto Rico,Salinas Municipio,25789.0,non_conus,
2020,csv,G7201250,Puerto Rico,San Germán Municipio,31879.0,non_conus,
2020,csv,G7201270,Puerto Rico,San Juan Municipio,342259.0,non_conus,
2020,csv,G7201290,Puerto Rico,San Lorenzo Municipio,37693.0,non_conus,
2020,csv,G7201310,Puerto Rico,San Sebastián Municipio,39345.0,non_conus,
2020,csv,G7201330,Puerto Rico,Santa Isabel Municipio,20281.0,non_conus,
2020,csv,G7201350,Puerto Rico,Toa Alta Municipio,66852.0,non_conus,
2020,csv,G7201370,Puerto Rico,Toa Baja Municipio,75293.0,non_conus,
2020,csv,G7201390,Puerto Rico,Trujillo Alto Municipio,67740.0,non_conus,
2020,csv,G7201410,Puerto Rico,Utuado Municipio,28287.0,non_conus,
2020,csv,G7201430,Puerto Rico,Vega Alta Municipio,35395.0,non_conus,
2020,csv,G7201450,Puerto Rico,Vega Baja Municipio,54414.0,non_conus,
2020,csv,G7201470,Puerto Rico,Vieques Municipio,8249.0,non_conus,
2020,csv,G7201490,Puerto Rico,Villalba Municipio,22093.0,non_conus,
2020,csv,G7201510,Puerto Rico,Yabucoa Municipio,30426.0,non_conus,
2020,csv,G7201530,Puerto Rico,Yauco Municipio,34172.0,non_conus,
2020,shp,G0200130,,Aleutians East Borough,,non_conus,
2020,shp,G0200160,,Aleutians West Census Area,,non_conus,
2020,shp,G0200200,,Anchorage Municipality,,non_conus,
2020,shp,G0200500,,Bethel Census Area,,non_conus,
2020,shp,G0200600,,Bristol Bay Borough,,non_conus,
2020,shp,G0200630,,Chugach Census Area,,non_conus,
2020,shp,G0200660,,Copper River Census Area,,non_conus,
2020,shp,G0200680,,Denali Borough,,non_conus,
2020,shp,G0200700,,Dillingham Census Area,,non_conus,
2020,shp,G0200900,,Fairbanks North Star Borough,,non_conus,
2020,shp,G0201000,,Haines Borough,,non_conus,
2020,shp,G0201050,,Hoonah-Angoon Census Area,,non_conus,
2020,shp,G0201100,,Juneau City and Borough,,non_conus,
2020,shp,G0201220,,Kenai Peninsula Borough,,non_conus,
2020,shp,G0201300,,Ketchikan Gateway Borough,,non_conus,
2020,shp,G0201500,,Kodiak Island Borough,,non_conus,
2020,shp,G0201580,,Kusilvak Census Area,,non_conus,
2020,shp,G0201640,,Lake and Peninsula Borough,,non_conus,
2020,shp,G0201700,,Matanuska-Susitna Borough,,non_conus,
2020,shp,G0201800,,Nome Census Area,,non_conus,
2020,shp,G0201850,,North Slope Borough,,non_conus,
2020,shp,G0201880,,Northwest Arctic Borough,,non_conus,
2020,shp,G0201950,,Petersburg Borough,,non_conus,
2020,shp,G0201980,,Prince of Wales-Hyder Census Area,,non_conus,
2020,shp,G0202200,,Sitka City and Borough,,non_conus,
2020,shp,G0202300,,Skagway Municipality,,non_conus,
2020,shp,G0202400,,Southeast Fairbanks Census Area,,non_conus,
2020,shp,G0202750,,Wrangell City and Borough,,non_conus,
2020,shp,G0202820,,Yakutat City and Borough,,non_conus,
2020,shp,G0202900,,Yukon-Koyukuk Census Area,,non_conus,
2020,shp,G1500010,,Hawaii County,,non_conus,
2020,shp,G1500030,,Honolulu County,,non_conus,
2020,shp,G1500050,,Kalawao County,,non_conus,
2020,shp,G1500070,,Kauai County,,non_conus,
2020,shp,G1500090,,Maui County,,non_conus,
2020,shp,G7200010,,Adjuntas Municipio,,non_conus,
2020,shp,G7200030,,Aguada Municipio,,non_conus,
2020,shp,G7200050,,Aguadilla Municipio,,non_conus,
2020,shp,G7200070,,Aguas Buenas Municipio,,non_conus,
2020,shp,G7200090,,Aibonito Municipio,,non_conus,
2020,shp,G7200110,,Añasco Municipio,,non_conus,
2020,shp,G7200130,,Arecibo Municipio,,non_conus,
2020,shp,G7200150,,Arroyo Municipio,,non_conus,
2020,shp,G7200170,,Barceloneta Municipio,,non_conus,
2020,shp,G7200190,,Barranquitas Municipio,,non_conus,
2020,shp,G7200210,,Bayamón Municipio,,non_conus,
2020,shp,G7200230,,Cabo Rojo Municipio,,non_conus,
2020,shp,G7200250,,Caguas Municipio,,non_conus,
2020,shp,G7200270,,Camuy Municipio,,non_conus,
2020,shp,G7200290,,Canóvanas Municipio,,non_conus,
2020,shp,G7200310,,Carolina Municipio,,non_conus,
2020,shp,G7200330,,Cataño Municipio,,non_conus,
2020,shp,G7200350,,Cayey Municipio,,non_conus,
2020,shp,G7200370,,Ceiba Municipio,,non_conus,
2020,shp,G7200390,,Ciales Municipio,,non_conus,
2020,shp,G7200410,,Cidra Municipio,,non_conus,
2020,shp,G7200430,,Coamo Municipio,,non_conus,
2020,shp,G7200450,,Comerío Municipio,,non_conus,
2020,shp,G7200470,,Corozal Municipio,,non_conus,
2020,shp,G7200490,,Culebra Municipio,,non_conus,
2020,shp,G7200510,,Dorado Municipio,,non_conus,
2020,shp,G7200530,,Fajardo Municipio,,non_conus,
2020,shp,G7200540,,Florida Municipio,,non_conus,
2020,shp,G7200550,,Guánica Municipio,,non_conus,
2020,shp,G7200570,,Guayama Municipio,,non_conus,
2020,shp,G7200590,,Guayanilla Municipio,,non_conus,
2020,shp,G7200610,,Guaynabo Municipio,,non_conus,
2020,shp,G7200630,,Gurabo Municipio,,non_conus,
2020,shp,G7200650,,Hatillo Municipio,,non_conus,
2020,shp,G7200670,,Hormigueros Municipio,,non_conus,
2020,shp,G7200690,,Humacao Municipio,,non_conus,
2020,shp,G7200710,,Isabela Municipio,,non_conus,
2020,shp,G7200730,,Jayuya Municipio,,non_conus,
2020,shp,G7200750,,Juana Díaz Municipio,,non_conus,
2020,shp,G7200770,,Juncos Municipio,,non_conus,
2020,shp,G7200790,,Lajas Municipio,,non_conus,
2020,shp,G7200810,,Lares Municipio,,non_conus,
2020,shp,G7200830,,Las Marías Municipio,,non_conus,
2020,shp,G7200850,,Las Piedras Municipio,,non_conus,
2020,shp,G7200870,,Loíza Municipio,,non_conus,
2020,shp,G7200890,,Luquillo Municipio,,non_conus,
2020,shp,G7200910,,Manatí Municipio,,non_conus,
2020,shp,G7200930,,Maricao Municipio,,non_conus,
2020,shp,G7200950,,Maunabo Municipio,,non_conus,
2020,shp,G7200970,,Mayagüez Municipio,,non_conus,
2020,shp,G7200990,,Moca Municipio,,non_conus,
2020,shp,G7201010,,Morovis Municipio,,non_conus,
2020,shp,G7201030,,Naguabo Municipio,,non_conus,
2020,shp,G7201050,,Naranjito Municipio,,non_conus,
2020,shp,G7201070,,Orocovis Municipio,,non_conus,
2020,shp,G7201090,,Patillas Municipio,,non_conus,
2020,shp,G7201110,,Peñuelas Municipio,,non_conus,
2020,shp,G7201130,,Ponce Municipio,,non_conus,
2020,shp,G7201150,,Quebradillas Municipio,,non_conus,
2020,shp,G7201170,,Rincón Municipio,,non_conus,
2020,shp,G7201190,,Río Grande Municipio,,non_conus,
2020,shp,G7201210,,Sabana Grande Municipio,,non_conus,
2020,shp,G7201230,,Salinas Municipio,,non_conus,
2020,shp,G7201250,,San Germán Municipio,,non_conus,
2020,shp,G7201270,,San Juan Municipio,,non_conus,
2020,shp,G7201290,,San Lorenzo Municipio,,non_conus,
2020,shp,G7201310,,San Sebastián Municipio,,non_conus,
2020,shp,G7201330,,Santa Isabel Municipio,,non_conus,
2020,shp,G7201350,,Toa Alta Municipio,,non_conus,
2020,shp,G7201370,,Toa Baja Municipio,,non_conus,
2020,shp,G7201390,,Trujillo Alto Municipio,,non_conus,
2020,shp,G7201410,,Utuado Municipio,,non_conus,
2020,shp,G7201430,,Vega Alta Municipio,,non_conus,
2020,shp,G7201450,,Vega Baja Municipio,,non_conus,
2020,shp,G7201470,,Vieques Municipio,,non_conus,
2020,shp,G7201490,,Villalba Municipio,,non_conus,
2020,shp,G7201510,,Yabucoa Municipio,,non_conus,
2020,shp,G7201530,,Yauco Municipio,,non_conus,
