year,n_boundaries,n_pop_rows,n_pop_rows_conus,n_boundary_without_pop,n_pop_without_boundary,n_ok,n_nodata_unenumerated,n_nodata_zero,n_manual_fill,conus_pop_total,pop_dropped_no_boundary,pop_dropped_pct,pop_dropped_multi_county_group,expected_total
1810,587,582,582,9,2,578,9,0,0,7238667.0,1214,0.016768231411538395,700745.0,7239881.0
1820,780,761,761,17,0,761,17,0,2,9654655.0,0,0.0,0.0,
1830,1001,994,994,8,1,993,8,0,0,12860136.0,356,0.002768167811931301,0.0,
1840,1285,1280,1280,5,0,1280,5,0,0,17063353.0,0,0.0,0.0,
1850,1632,1623,1623,9,0,1623,9,0,0,23191876.0,0,0.0,0.0,
1860,2126,2077,2077,49,1,2076,49,0,1,31437702.0,782,0.002487397293075582,0.0,
1870,2334,2291,2291,48,5,2285,48,1,0,38557210.0,1161,0.003011019319254955,0.0,
1880,2612,2612,2610,2,1,2567,2,42,1,50155649.0,134,0.00026716759660595866,0.0,
1890,2797,2802,2800,4,7,2777,4,16,0,62622250.0,0,0.0,0.0,
1900,2840,2857,2849,1,10,2838,1,0,1,75979351.0,15224,0.02003300893517728,0.0,
1910,2954,2959,2954,2,2,2951,2,1,0,91972266.0,0,0.0,0.0,
1920,3066,3074,3065,1,0,3065,1,0,0,105710620.0,0,0.0,0.0,
1930,3102,3109,3101,1,0,3101,1,0,0,122775046.0,0,0.0,0.0,
1940,3100,3108,3100,0,0,3099,0,1,0,131669275.0,0,0.0,0.0,
1950,3103,3111,3103,0,0,3102,0,1,0,150697361.0,0,0.0,0.0,
1960,3105,3133,3104,1,0,3104,1,0,0,178464236.0,0,0.0,0.0,
1970,3108,3141,3108,0,0,3108,0,0,0,202142983.0,0,0.0,0.0,
1980,3109,3137,3109,0,0,3109,0,0,0,225179263.0,0,0.0,0.0,
1990,3111,3141,3111,0,0,3111,0,0,0,247051601.0,0,0.0,0.0,
2000,3109,3141,3109,0,0,3109,0,0,0,279583437.0,0,0.0,0.0,
2010,3109,3221,3109,0,0,3109,0,0,0,306675006.0,0,0.0,0.0,
2020,3108,3221,3108,0,0,3108,0,0,0,329260619.0,0,0.0,0.0,
