GISJOIN,year,y,fold,oof,oof_v3,y_v3
G2500010,2000.0,5.333953637178524,1,5.4829507806189826,5.43369219475633,5.324501041307138
G2500030,2000.0,4.009476503670342,0,3.9017904906351606,3.896246355830199,4.008464674488153
G2500050,2000.0,5.893896933392049,4,6.088930734442665,6.068514494399144,5.887563281585134
G2500070,2000.0,3.978810444804624,3,5.180509050775229,5.160125508386466,3.956316284466136
G2500090,2000.0,6.295338230517134,2,6.172889254732042,6.166285231340724,6.293200190594242
G2500110,2000.0,3.640611981250598,3,4.086195168052275,4.084725057008973,3.6405496582512296
G2500130,2000.0,5.627801138574014,2,5.150149219898682,5.15418645443163,5.626895869969309
G2500150,2000.0,4.679903839184178,1,4.923294452741558,4.909416555142549,4.680069810558457
G2500170,2000.0,6.505522731478673,0,6.564820194224919,6.552551769217203,6.503976355729386
G2500190,2000.0,4.314996472354779,4,4.6408363347940265,4.628247052592054,4.30931166167625
G2500210,2000.0,6.422070521286125,3,6.792239711933983,6.805315359014032,6.419945015770082
G2500230,2000.0,5.585552577139653,2,5.482346972365838,5.483696422053394,5.5748981779610585
G2500250,2000.0,8.389514947789305,1,6.437680256437267,6.437812755787148,8.389847681775558
G2500270,2000.0,5.21486118947165,0,5.105731428125863,5.08570335063342,5.212898411828621
G2500010,2010.0,5.304942223326924,1,5.757633281235223,5.7464921344446855,5.295533637971915
G2500030,2010.0,3.981264469921142,0,3.831322248517354,3.832078347533644,3.9802745870165217
G2500050,2010.0,5.919281957699599,4,6.137182050905156,6.134540820576666,5.912845723078869
G2500070,2010.0,4.0771066325755205,3,5.225056430196531,5.211233686663002,4.054617622220391
G2500090,2010.0,6.322306496345815,2,6.149085192773066,6.129996058178026,6.320153791574383
G2500110,2010.0,3.638463989842916,3,4.095515954228049,4.09209456531412,3.638422972123625
G2500130,2010.0,5.643402827527998,2,5.243645102470687,5.253201766593643,5.642441845511296
G2500150,2010.0,4.7178285494522845,1,4.647491898698555,4.656450334028343,4.7180334995812805
G2500170,2010.0,6.531287785111542,0,6.595083053213732,6.601542102262249,6.529758776344769
G2500190,2010.0,4.381240471111378,4,4.673582925664561,4.649496821233996,4.375633277997235
G2500210,2010.0,6.452637933098185,3,6.662447738143749,6.678160392052005,6.4504002096698825
G2500230,2010.0,5.631192460664528,2,5.530989333430133,5.53930762140634,5.620531401742399
G2500250,2010.0,8.43476144919661,1,6.439161217426272,6.445832415602262,8.434921726980287
G2500270,2010.0,5.276167090939914,0,5.274640311900156,5.294997136425953,5.2742322447223815
G2500010,2020.0,5.36237273542795,1,5.736181744460325,5.716223053053821,5.353305557976773
G2500030,2020.0,3.964461767715964,0,3.985659518646641,3.9670852358105937,3.963397888659458
G2500050,2020.0,5.974176996335621,4,6.1407316582405,6.145194625502673,5.967788978023549
G2500070,2020.0,4.297141302524557,3,5.246608664025529,5.221847201535285,4.274551167466486
G2500090,2020.0,6.408219591482291,2,6.091566257126728,6.062418087056323,6.406075744412744
G2500110,2020.0,3.633813140386725,3,4.100783792102517,4.094296210432819,3.6336528645125545
G2500130,2020.0,5.6487327603156245,2,5.260300693923067,5.273379068726334,5.647623177122278
G2500150,2020.0,4.744090333894211,1,4.623624847695608,4.633530610173712,4.744368580257135
G2500170,2020.0,6.613689756405113,0,6.628043760429753,6.63576525299949,6.612196682927476
G2500190,2020.0,4.734052383845884,4,4.749604891912292,4.745059454547683,4.733977740796469
G2500210,2020.0,6.531970884563187,3,6.612821558716676,6.62680020300327,6.529362937282826
G2500230,2020.0,5.701642322382098,2,5.4443549538566804,5.433693958846806,5.690952026319814
G2500250,2020.0,8.533537867366153,1,6.45727505390497,6.456521299469016,8.53365445546754
G2500270,2020.0,5.352751035976389,0,5.1855727588145415,5.219253128244191,5.350840570556031
